f1,precision,recall,occluded_keep,stale_clear_absence,external_stale_absence,clear_missing,survival,deletion_events,stale_duration,cert_precision,cert_recall,id_switches,reappear_error,family,width,speed,n_objects,detection_prob,policy,seed
0.9368951089687604,0.9942624766360587,0.8859636572834386,0.21463496086008096,0.06506099468251486,0.0,0.001993213698534299,0.9047619047619048,10.0,4.0,0.8304847526099933,0.9868807315615826,0.0,0.0,A_geometry,18.0,0.5,8,0.9,ttl_short,0
0.9178634516476007,0.9900803082643499,0.8563417789085062,0.17330868365351126,0.056892076364932376,0.0,0.001079065862051318,0.9280303030303031,10.666666666666666,6.333333333333333,0.8325268085750827,0.9753302253302253,0.0,0.0,A_geometry,18.0,0.5,8,0.9,ttl_short,1
0.9240008439645293,0.9918201519594912,0.8649267593844568,0.1875799026095132,0.03319856244384546,0.0,0.0026055089066142467,0.8677248677248678,9.666666666666666,5.0,0.8169521276905941,0.9839784303405942,0.0,0.0,A_geometry,18.0,0.5,8,0.9,ttl_short,2
0.9602311007771859,0.9857352075180907,0.9363477985844871,0.5711681554166111,0.17349598582003964,0.0,0.001993213698534299,0.9047619047619048,9.0,10.666666666666666,0.8304847526099933,0.9868807315615826,0.0,0.0,A_geometry,18.0,0.5,8,0.9,ttl_medium,0
0.9384549259190654,0.9715230321890204,0.9080679139459255,0.4762669801462905,0.18335720578049453,0.0,0.001079065862051318,0.9280303030303031,10.666666666666666,19.666666666666668,0.8325268085750827,0.9753302253302253,0.0,0.0,A_geometry,18.0,0.5,8,0.9,ttl_medium,1
0.9465954140645624,0.9796885336766258,0.9156960419337278,0.5032175650334428,0.08852949985025456,0.0,0.0026055089066142467,0.8677248677248678,9.0,13.333333333333334,0.8169521276905941,0.9839784303405942,0.0,0.0,A_geometry,18.0,0.5,8,0.9,ttl_medium,2
0.9668396988380451,0.9547602669655526,0.9809618120079951,0.8781933958666972,0.5491606714628298,0.0,0.0010256410256410256,1.0,1.3333333333333333,37.666666666666664,0.8304847526099933,0.9868807315615826,0.0,0.0,A_geometry,18.0,0.5,8,0.9,long_memory,0
0.9378711597072741,0.9095374197767545,0.9690282941813084,0.8065706802775768,0.7030099457322118,0.0,0.0005837711617046118,0.9583333333333334,2.6666666666666665,72.33333333333333,0.8325268085750827,0.9753302253302253,0.0,0.0,A_geometry,18.0,0.5,8,0.9,long_memory,1
0.9579801957095565,0.9296394089423523,0.989435322902582,0.9440839281851612,0.35557053009883194,0.0,0.001122793555503522,1.0,3.0,55.0,0.8169521276905941,0.9839784303405942,0.0,0.0,A_geometry,18.0,0.5,8,0.9,long_memory,2
0.9885068445605975,0.9947801149700289,0.9824769635231467,0.8876496606421109,0.06506099468251486,0.0,0.0010256410256410256,1.0,1.3333333333333333,4.0,0.8304847526099933,0.9868807315615826,0.0,0.0,A_geometry,18.0,0.5,8,0.9,certificate,0
0.9853050753120378,0.9869911952290563,0.9836900827242979,0.8759541703507221,0.17517164625740553,0.0,0.0,1.0,2.6666666666666665,10.0,0.8325268085750827,0.9753302253302253,0.0,0.0,A_geometry,18.0,0.5,8,0.9,certificate,1
0.9924963878510601,0.9860516934046345,0.9990708904771103,1.0,0.07758310871518419,0.0,0.001122793555503522,1.0,2.0,10.333333333333334,0.8169521276905941,0.9839784303405942,0.0,0.0,A_geometry,18.0,0.5,8,0.9,certificate,2
0.9885068445605975,0.9947801149700289,0.9824769635231467,0.8876496606421109,0.06506099468251486,0.0,0.0010256410256410256,1.0,1.3333333333333333,4.0,0.8304847526099933,0.9868807315615826,0.0,0.0,A_geometry,18.0,0.5,8,0.9,visibility_weighted,0
0.9854528320578574,0.9881420063078193,0.98283191460889,0.8740602309567826,0.14291358174127647,0.0,0.0005837711617046118,0.9583333333333334,3.3333333333333335,9.0,0.8325268085750827,0.9753302253302253,0.0,0.0,A_geometry,18.0,0.5,8,0.9,visibility_weighted,1
0.9928374066977023,0.9887149939299634,0.9970229921388895,0.99240020370588,0.06334231805929919,0.0,0.002085488105782213,0.9153439153439153,3.3333333333333335,8.333333333333334,0.8169521276905941,0.9839784303405942,0.0,0.0,A_geometry,18.0,0.5,8,0.9,visibility_weighted,2
0.9643117946546512,0.9841551141440816,0.9456284633808739,0.6369029811033929,0.1951829840475446,0.0,0.001993213698534299,0.9047619047619048,9.0,12.0,0.8304847526099933,0.9868807315615826,0.0,0.0,A_geometry,18.0,0.5,8,0.9,hazard_filter,0
0.9423876141864627,0.9681476500520101,0.9184131409534094,0.5368586394448464,0.20865023166360697,0.0,0.001079065862051318,0.9280303030303031,10.666666666666666,22.333333333333332,0.8325268085750827,0.9753302253302253,0.0,0.0,A_geometry,18.0,0.5,8,0.9,hazard_filter,1
0.9504307504484363,0.977425613079019,0.9249207889206924,0.5609589846045364,0.09959568733153638,0.0,0.0026055089066142467,0.8677248677248678,9.0,15.0,0.8169521276905941,0.9839784303405942,0.0,0.0,A_geometry,18.0,0.5,8,0.9,hazard_filter,2
0.9885068445605975,0.9947801149700289,0.9824769635231467,0.8876496606421109,0.06506099468251486,0.0,0.0010256410256410256,1.0,1.3333333333333333,4.0,1.0,1.0,0.0,0.0,A_geometry,18.0,0.5,8,0.9,oracle_visibility,0
0.9872496164420991,0.990894183157273,0.9836900827242979,0.8759541703507221,0.06764476453697539,0.0,0.0,1.0,2.6666666666666665,6.666666666666667,1.0,1.0,0.0,0.0,A_geometry,18.0,0.5,8,0.9,oracle_visibility,1
0.995282438605579,0.9915448812356029,0.9990708904771103,1.0,0.03791554357592094,0.0,0.001122793555503522,1.0,2.0,6.0,1.0,1.0,0.0,0.0,A_geometry,18.0,0.5,8,0.9,oracle_visibility,2
0.9331522189566819,0.9912017819626516,0.8817385853078425,0.2076156765435703,0.08213372305443917,0.0,0.00045475216007276033,0.9523809523809524,10.0,6.0,0.8187321937321936,0.9860586914666611,0.0,0.0,A_geometry,18.0,0.5,8,0.98,ttl_short,0
0.9030629245139575,0.9832851249897248,0.8351249566400117,0.19443788125329708,0.0723069105691057,0.0,0.0006397952655150352,0.9629629629629629,13.0,10.0,0.7195366257294661,0.9775167361374258,0.0,0.0,A_geometry,18.0,0.5,8,0.98,ttl_short,1
0.9324501147654018,0.992121516538304,0.88008160029906,0.19066862848606694,0.03854118729866544,0.0,0.0006027727546714888,1.0,8.333333333333334,5.0,0.819648202708677,0.9906144662965168,0.0,0.0,A_geometry,18.0,0.5,8,0.98,ttl_short,2
0.9543267534767178,0.9781597464448782,0.9318801959048214,0.5485026516810199,0.21902326147850446,0.0,0.00045475216007276033,0.9523809523809524,8.666666666666666,16.0,0.8187321937321936,0.9860586914666611,0.0,0.0,A_geometry,18.0,0.5,8,0.98,ttl_medium,0
0.9296396061025679,0.9597407264967587,0.9016942344908169,0.5223324342999799,0.19281842818428185,0.0,0.0006397952655150352,0.9629629629629629,13.0,26.666666666666668,0.7195366257294661,0.9775167361374258,0.0,0.0,A_geometry,18.0,0.5,8,0.98,ttl_medium,1
0.9500690696522631,0.9802522950927944,0.9221334330655163,0.49175549140955227,0.10277649946310785,0.0,0.0006027727546714888,1.0,8.0,13.333333333333334,0.819648202708677,0.9906144662965168,0.0,0.0,A_geometry,18.0,0.5,8,0.98,ttl_medium,2
0.9485112104222239,0.9308454260000176,0.9675866480820762,0.7755706500962668,0.7068160597572363,0.0,0.0,1.0,1.3333333333333333,55.666666666666664,0.8187321937321936,0.9860586914666611,0.0,0.0,A_geometry,18.0,0.5,8,0.98,long_memory,0
0.9341443516231464,0.8875142296559178,0.9873639865629679,0.9389036251105217,0.603150406504065,0.0,0.0,1.0,3.0,88.66666666666667,0.7195366257294661,0.9775167361374258,0.0,0.0,A_geometry,18.0,0.5,8,0.98,long_memory,1
0.9547080278009972,0.9302630986623864,0.9822738096375033,0.8861695476209196,0.4089967786470317,0.0,0.0006027727546714888,1.0,2.6666666666666665,55.0,0.819648202708677,0.9906144662965168,0.0,0.0,A_geometry,18.0,0.5,8,0.98,long_memory,2
0.9796035096738401,0.9919516575772876,0.9675866480820762,0.7755706500962668,0.08213372305443917,0.0,0.0,1.0,2.0,6.0,0.8187321937321936,0.9860586914666611,0.0,0.0,A_geometry,18.0,0.5,8,0.98,certificate,0
0.9869452137744821,0.9761690322242002,0.9981378026070763,0.9908045977011494,0.10008468834688349,0.0,0.0,1.0,3.3333333333333335,16.666666666666668,0.7195366257294661,0.9775167361374258,0.0,0.0,A_geometry,18.0,0.5,8,0.98,certificate,1
0.9922991876861147,0.9911180406918101,0.9935467183655019,0.952323545451936,0.044830495474766065,0.0,0.0006027727546714888,1.0,2.0,6.333333333333333,0.819648202708677,0.9906144662965168,0.0,0.0,A_geometry,18.0,0.5,8,0.98,certificate,2
0.9793823906871936,0.9919481904113492,0.9671565405551944,0.77311966970411,0.08213372305443917,0.0,0.0,1.0,2.3333333333333335,6.0,0.8187321937321936,0.9860586914666611,0.0,0.0,A_geometry,18.0,0.5,8,0.98,visibility_weighted,0
0.9815380623433322,0.9778612314928093,0.9856250228210465,0.9292029809271188,0.09452913279132791,0.0,0.0,1.0,4.333333333333333,15.333333333333334,0.7195366257294661,0.9775167361374258,0.0,0.0,A_geometry,18.0,0.5,8,0.98,visibility_weighted,1
0.9927849161021104,0.9925596232419899,0.9930477163694938,0.9494249947272984,0.040113514342690594,0.0,0.0006027727546714888,1.0,2.3333333333333335,5.333333333333333,0.819648202708677,0.9906144662965168,0.0,0.0,A_geometry,18.0,0.5,8,0.98,visibility_weighted,2
0.9575704799557924,0.975717749992373,0.9403362584854843,0.6052427174343683,0.24640116916331753,0.0,0.00045475216007276033,0.9523809523809524,8.666666666666666,18.0,0.8187321937321936,0.9860586914666611,0.0,0.0,A_geometry,18.0,0.5,8,0.98,hazard_filter,0
0.934661117044636,0.9555678435610567,0.9150080900609777,0.5879113449093165,0.21692073170731707,0.0,0.0006397952655150352,0.9629629629629629,13.0,30.0,0.7195366257294661,0.9775167361374258,0.0,0.0,A_geometry,18.0,0.5,8,0.98,hazard_filter,1
0.9532015106064048,0.9780242424242424,0.9300447976227995,0.5490743132696116,0.11562356189599632,0.0,0.0006027727546714888,1.0,8.0,15.0,0.819648202708677,0.9906144662965168,0.0,0.0,A_geometry,18.0,0.5,8,0.98,hazard_filter,2
0.9796035096738401,0.9919516575772876,0.9675866480820762,0.7755706500962668,0.08213372305443917,0.0,0.0,1.0,2.0,6.0,1.0,1.0,0.0,0.0,A_geometry,18.0,0.5,8,0.98,oracle_visibility,0
0.991979319843097,0.9859070787720627,0.9981378026070763,0.9908045977011494,0.0723069105691057,0.0,0.0,1.0,3.3333333333333335,10.0,1.0,1.0,0.0,0.0,A_geometry,18.0,0.5,8,0.98,oracle_visibility,1
0.9925440810895602,0.9915995735111233,0.9935467183655019,0.952323545451936,0.04325816843074091,0.0,0.0006027727546714888,1.0,2.0,6.0,1.0,1.0,0.0,0.0,A_geometry,18.0,0.5,8,0.98,oracle_visibility,2
0.9326463027131621,0.9903941988983771,0.8819011552591424,0.19582565351370226,0.04689353044616202,0.0,0.0017922156133538248,0.9060606060606061,18.0,12.666666666666666,0.6592096070255989,0.9778501618254841,0.0,0.0,A_geometry,18.0,0.5,16,0.9,ttl_short,0
0.9400360222450478,0.9878382023626283,0.8968284229477529,0.16859010239842231,0.06079677281996476,0.0,0.002523050561510996,0.828956228956229,16.333333333333332,16.333333333333332,0.6758853596306093,0.9775365459690902,0.0,0.0,A_geometry,18.0,0.5,16,0.9,ttl_short,1
0.9266936720362899,0.9909824231911465,0.8703737543067596,0.19362084688034698,0.0387641995204591,0.0,0.001541808826020056,0.9249999999999999,18.666666666666668,11.333333333333334,0.7404082396095388,0.9795821128937495,0.0,0.0,A_geometry,18.0,0.5,16,0.9,ttl_short,2
0.9477065831747042,0.9719458221329814,0.9250746007122767,0.5071099750171173,0.1394502336114178,0.0,0.0017922156133538248,0.9060606060606061,17.666666666666668,39.0,0.6592096070255989,0.9778501618254841,0.0,0.0,A_geometry,18.0,0.5,16,0.9,ttl_medium,0
0.949661511047679,0.9687997878468105,0.9314941904341336,0.4601568932757165,0.1662664396262199,0.0,0.002523050561510996,0.828956228956229,16.0,44.666666666666664,0.6758853596306093,0.9775365459690902,0.0,0.0,A_geometry,18.0,0.5,16,0.9,ttl_medium,1
0.9438883342132408,0.9745212769456449,0.9152760361953968,0.4811124823714282,0.11975900667775986,0.0,0.001541808826020056,0.9249999999999999,16.333333333333332,34.333333333333336,0.7404082396095388,0.9795821128937495,0.0,0.0,A_geometry,18.0,0.5,16,0.9,ttl_medium,2
0.9417095844267872,0.9040851001109611,0.982644868053362,0.8939104722779483,0.5225151310677626,0.0,0.0010466648678030793,1.0,5.333333333333333,151.33333333333334,0.6592096070255989,0.9778501618254841,0.0,0.0,A_geometry,18.0,0.5,16,0.9,long_memory,0
0.9453672790057444,0.9100740523820642,0.9841800474797436,0.8762151027147579,0.5546948186252427,0.0,0.0010210250402552573,1.0,4.0,146.66666666666666,0.6758853596306093,0.9775365459690902,0.0,0.0,A_geometry,18.0,0.5,16,0.9,long_memory,1
0.9357484101258886,0.9082214168507216,0.9653152385581042,0.7953306975060604,0.48103484168890404,0.0,0.0010161828039837832,0.9791666666666666,5.0,141.33333333333334,0.7404082396095388,0.9795821128937495,0.0,0.0,A_geometry,18.0,0.5,16,0.9,long_memory,2
0.9698677783718702,0.9532137951205318,0.9872475812316566,0.9174544623646893,0.23083472631170002,0.0,0.0010466648678030793,1.0,5.666666666666667,70.33333333333333,0.6592096070255989,0.9778501618254841,0.0,0.0,A_geometry,18.0,0.5,16,0.9,certificate,0
0.9846425294698292,0.9830505505410394,0.9863209166726361,0.8907711434716722,0.10677378431421763,0.0,0.0010210250402552573,1.0,5.333333333333333,25.666666666666668,0.6758853596306093,0.9775365459690902,0.0,0.0,A_geometry,18.0,0.5,16,0.9,certificate,1
0.9723088390553958,0.9763098899968711,0.9686716472008564,0.8170698279408432,0.11050884617568317,0.0,0.000770904413010028,1.0,5.333333333333333,33.666666666666664,0.7404082396095388,0.9795821128937495,0.0,0.0,A_geometry,18.0,0.5,16,0.9,certificate,2
0.9720928224810922,0.9585949801793682,0.9861183397820293,0.9109357435783126,0.20482373072833596,0.0,0.0012871651083033195,0.9696969696969697,8.0,62.0,0.6592096070255989,0.9778501618254841,0.0,0.0,A_geometry,18.0,0.5,16,0.9,visibility_weighted,0
0.9839533058445499,0.983443309227089,0.9845509352416376,0.8820650689761239,0.10348971206462815,0.0,0.0020072861536013587,0.8962962962962964,7.0,25.0,0.6758853596306093,0.9775365459690902,0.0,0.0,A_geometry,18.0,0.5,16,0.9,visibility_weighted,1
0.9752001717757018,0.9820877168314635,0.9686716472008564,0.8170698279408432,0.08650399544625402,0.0,0.000770904413010028,1.0,5.333333333333333,25.333333333333332,0.7404082396095388,0.9795821128937495,0.0,0.0,A_geometry,18.0,0.5,16,0.9,visibility_weighted,2
0.9502600828715174,0.9682289987041227,0.9333350351818215,0.5669649912076551,0.15904330501369976,0.0,0.0017922156133538248,0.9060606060606061,17.333333333333332,44.666666666666664,0.6592096070255989,0.9778501618254841,0.0,0.0,A_geometry,18.0,0.5,16,0.9,hazard_filter,0
0.9514802804724515,0.9652629746330943,0.9383341038381697,0.5176905243556588,0.18736037298747096,0.0,0.002523050561510996,0.828956228956229,16.0,50.333333333333336,0.6758853596306093,0.9775365459690902,0.0,0.0,A_geometry,18.0,0.5,16,0.9,hazard_filter,1
0.9465511290360746,0.971393249100288,0.9231059097360883,0.5312407829287756,0.1361289082801602,0.0,0.001541808826020056,0.9249999999999999,16.333333333333332,39.0,0.7404082396095388,0.9795821128937495,0.0,0.0,A_geometry,18.0,0.5,16,0.9,hazard_filter,2
0.9869289876901078,0.9866164640927392,0.9872475812316566,0.9174544623646893,0.0654565646341962,0.0,0.0010466648678030793,1.0,6.666666666666667,19.333333333333332,1.0,1.0,0.0,0.0,A_geometry,18.0,0.5,16,0.9,oracle_visibility,0
0.9875902503161824,0.9888754753136123,0.9863209166726361,0.8907711434716722,0.06079677281996476,0.0,0.0010210250402552573,1.0,5.666666666666667,16.333333333333332,1.0,1.0,0.0,0.0,A_geometry,18.0,0.5,16,0.9,oracle_visibility,1
0.9787614451112554,0.9892712798337207,0.9686716472008564,0.8170698279408432,0.05102728608093963,0.0,0.000770904413010028,1.0,5.333333333333333,15.0,1.0,1.0,0.0,0.0,A_geometry,18.0,0.5,16,0.9,oracle_visibility,2
0.934430752660543,0.9917232578860485,0.8838018795042681,0.20814780457637602,0.06336688115272508,0.0,0.0004993757802746567,0.9814814814814815,19.0,11.666666666666666,0.7653986992403126,0.973361162646877,0.0,0.0,A_geometry,18.0,0.5,16,0.98,ttl_short,0
0.9264083543124503,0.9834895735388516,0.8758701158152085,0.17295177376645374,0.07657707518324648,0.0,0.0010480464187421978,1.0,20.0,21.666666666666668,0.7635948589138315,0.9706789232958138,0.0,0.0,A_geometry,18.0,0.5,16,0.98,ttl_short,1
0.9330506311721701,0.9868197623265135,0.8849441800943408,0.2168863182538043,0.050719018185166505,0.0,0.0008252817342042693,0.9285714285714285,20.666666666666668,16.666666666666668,0.7008108409115121,0.9843470510378175,0.0,0.0,A_geometry,18.0,0.5,16,0.98,ttl_short,2
0.9535818006146214,0.9788888489868882,0.9298861095713263,0.5305091733663162,0.17280976736512124,0.0,0.0004993757802746567,0.9814814814814815,18.333333333333332,31.666666666666668,0.7653986992403126,0.973361162646877,0.0,0.0,A_geometry,18.0,0.5,16,0.98,ttl_medium,0
0.9373997037128475,0.9586319901096623,0.9173550813907712,0.4525438373057021,0.20603905050699245,0.0,0.0010480464187421978,1.0,19.0,58.333333333333336,0.7635948589138315,0.9706789232958138,0.0,0.0,A_geometry,18.0,0.5,16,0.98,ttl_medium,1
0.9498304073472598,0.966072399774172,0.9342906497211527,0.558898375756463,0.14099401881169746,0.0,0.0008252817342042693,0.9285714285714285,18.333333333333332,46.333333333333336,0.7008108409115121,0.9843470510378175,0.0,0.0,A_geometry,18.0,0.5,16,0.98,ttl_medium,2
0.9541039553677256,0.9324313894330257,0.977022935448297,0.8535456606885178,0.6156024858384206,0.0,0.00024968789013732833,1.0,3.0,111.66666666666667,0.7653986992403126,0.973361162646877,0.0,0.0,A_geometry,18.0,0.5,16,0.98,long_memory,0
0.9254161916081936,0.8825287660448914,0.9729978544666259,0.8211546147226821,0.6857388651486508,0.0,0.0010480464187421978,1.0,4.666666666666667,191.33333333333334,0.7635948589138315,0.9706789232958138,0.0,0.0,A_geometry,18.0,0.5,16,0.98,long_memory,1
0.9330185189789896,0.8903706604436531,0.9801349107567882,0.8687341917418347,0.5113047021359215,0.0,0.00028885037550548814,1.0,5.666666666666667,170.66666666666666,0.7008108409115121,0.9843470510378175,0.0,0.0,A_geometry,18.0,0.5,16,0.98,long_memory,2
0.9830191938514975,0.9861508249514906,0.9801189106804952,0.8714028035456606,0.11389759665621735,0.0,0.00024968789013732833,1.0,4.666666666666667,21.666666666666668,0.7653986992403126,0.973361162646877,0.0,0.0,A_geometry,18.0,0.5,16,0.98,certificate,0
0.9827118740571872,0.9838741803043388,0.9815918489906136,0.8745007945514693,0.08628581304732415,0.0,0.0010480464187421978,1.0,7.666666666666667,23.666666666666668,0.7635948589138315,0.9706789232958138,0.0,0.0,A_geometry,18.0,0.5,16,0.98,certificate,1
0.9744862910080069,0.968908806299244,0.9801349107567882,0.8687341917418347,0.13326164129709084,0.0,0.00028885037550548814,1.0,6.333333333333333,44.333333333333336,0.7008108409115121,0.9843470510378175,0.0,0.0,A_geometry,18.0,0.5,16,0.98,certificate,2
0.9831029654135165,0.9876062882109681,0.9788627729588963,0.8649402185116472,0.10100643458175218,0.0,0.0004993757802746567,0.9814814814814815,5.666666666666667,19.333333333333332,0.7653986992403126,0.973361162646877,0.0,0.0,A_geometry,18.0,0.5,16,0.98,visibility_weighted,0
0.9798432256167096,0.9846385305130015,0.9750954013822922,0.8320462551552587,0.07981332113793903,0.0,0.0010480464187421978,1.0,10.0,22.333333333333332,0.7635948589138315,0.9706789232958138,0.0,0.0,A_geometry,18.0,0.5,16,0.98,visibility_weighted,1
0.9762711190854604,0.9729204718007981,0.9796482927519218,0.8671160687644885,0.1140364615671834,0.0,0.0005752192185753622,0.9523809523809524,7.0,38.333333333333336,0.7008108409115121,0.9843470510378175,0.0,0.0,A_geometry,18.0,0.5,16,0.98,visibility_weighted,2
0.956960154853963,0.9762754731306954,0.9387221159767467,0.5923366316223458,0.19645273057251278,0.0,0.0004993757802746567,0.9814814814814815,18.0,36.0,0.7653986992403126,0.973361162646877,0.0,0.0,A_geometry,18.0,0.5,16,0.98,hazard_filter,0
0.9392763390397937,0.9540541345280568,0.9252156340694433,0.505432171300595,0.23193144557174164,0.0,0.0010480464187421978,1.0,19.0,65.66666666666667,0.7635948589138315,0.9706789232958138,0.0,0.0,A_geometry,18.0,0.5,16,0.98,hazard_filter,1
0.9523621126386504,0.9621869686161384,0.9429310944634851,0.6188882768329164,0.15921995910794384,0.0,0.0008252817342042693,0.9285714285714285,18.333333333333332,52.333333333333336,0.7008108409115121,0.9843470510378175,0.0,0.0,A_geometry,18.0,0.5,16,0.98,hazard_filter,2
0.9855560298255361,0.9912128732878881,0.9801189106804952,0.8714028035456606,0.07552659077159984,0.0,0.00024968789013732833,1.0,4.666666666666667,13.666666666666666,1.0,1.0,0.0,0.0,A_geometry,18.0,0.5,16,0.98,oracle_visibility,0
0.9830296175165746,0.9845038064714234,0.9815918489906136,0.8745007945514693,0.08143144411528531,0.0,0.0010480464187421978,1.0,7.666666666666667,22.666666666666668,1.0,1.0,0.0,0.0,A_geometry,18.0,0.5,16,0.98,oracle_visibility,1
0.9833593044060706,0.9866405021246449,0.9801349107567882,0.8687341917418347,0.055847223313371636,0.0,0.00028885037550548814,1.0,6.333333333333333,18.666666666666668,1.0,1.0,0.0,0.0,A_geometry,18.0,0.5,16,0.98,oracle_visibility,2
0.9359298801236634,0.9881846131780914,0.8891182137263641,0.35225473034925403,0.09062388591800356,0.0,0.00485361352890804,0.8869047619047619,17.0,7.333333333333333,0.7714713488498708,0.9931149454030175,0.0,0.0,A_geometry,18.0,1.0,8,0.9,ttl_short,0
0.9477555355348096,0.9956291093843396,0.9044875963065583,0.3891780452288089,0.025090451470819574,0.0,0.0014864699653061786,0.9535256410256411,16.666666666666668,3.0,0.8242035742035743,0.9901218544956377,0.0,0.0,A_geometry,18.0,1.0,8,0.9,ttl_short,1
0.9341604213810899,0.98662742152033,0.8872437804292899,0.3784000925910147,0.05916182000338291,0.0,0.003979639450013113,0.8785473785473785,18.333333333333332,8.0,0.7632943032983389,0.9946916378384826,0.0,0.0,A_geometry,18.0,1.0,8,0.9,ttl_short,2
0.9615149984867188,0.9697312848213354,0.9540856565934935,0.739068100358423,0.24570409982174687,0.0,0.002915326316674615,0.9791666666666666,6.666666666666667,20.666666666666668,0.7714713488498708,0.9931149454030175,0.0,0.0,A_geometry,18.0,1.0,8,0.9,ttl_medium,0
0.9717633155869864,0.9842942202256562,0.9599562255133055,0.7487376355931384,0.09831681610822714,0.0,0.0005376344086021505,1.0,4.666666666666667,11.666666666666666,0.8242035742035743,0.9901218544956377,0.0,0.0,A_geometry,18.0,1.0,8,0.9,ttl_medium,1
0.9640578990076095,0.9659096442672149,0.9629164586557031,0.7980422396800781,0.16263103339101623,0.0,0.0016597867217062266,0.9814814814814815,6.333333333333333,22.666666666666668,0.7632943032983389,0.9946916378384826,0.0,0.0,A_geometry,18.0,1.0,8,0.9,ttl_medium,2
0.9409685127761179,0.9021860224958518,0.9868387968701448,0.9350504292739852,0.8068449197860962,0.0,0.0024411679477794046,1.0,2.3333333333333335,76.66666666666667,0.7714713488498708,0.9931149454030175,0.0,0.0,A_geometry,18.0,1.0,8,0.9,long_memory,0
0.9655596434393395,0.9428296884667365,0.9905381932093397,0.943220175827868,0.4110953804205338,0.0,0.0005376344086021505,1.0,1.3333333333333333,46.666666666666664,0.8242035742035743,0.9901218544956377,0.0,0.0,A_geometry,18.0,1.0,8,0.9,long_memory,1
0.9360107020739972,0.8846524765545974,0.9965786901270772,0.9851190476190476,0.6232483703501308,0.0,0.0011695906432748538,1.0,3.0,88.66666666666667,0.7632943032983389,0.9946916378384826,0.0,0.0,A_geometry,18.0,1.0,8,0.9,long_memory,2
0.9880076358591717,0.9892458812776757,0.9868387968701448,0.9350504292739852,0.09062388591800356,0.0,0.0024411679477794046,1.0,2.6666666666666665,7.333333333333333,0.7714713488498708,0.9931149454030175,0.0,0.0,A_geometry,18.0,1.0,8,0.9,certificate,0
0.9880841728255582,0.9857842438073504,0.9905381932093397,0.943220175827868,0.08103927429080804,0.0,0.0005376344086021505,1.0,2.0,10.666666666666666,0.8242035742035743,0.9901218544956377,0.0,0.0,A_geometry,18.0,1.0,8,0.9,certificate,1
0.9877292131156491,0.9790964842260467,0.9965786901270772,0.9851190476190476,0.08619615360705957,0.0,0.0011695906432748538,1.0,3.0,14.0,0.7632943032983389,0.9946916378384826,0.0,0.0,A_geometry,18.0,1.0,8,0.9,certificate,2
0.9878089030405587,0.9892444690916399,0.9864502964816445,0.9350504292739852,0.09062388591800356,0.0,0.002915326316674615,0.9791666666666666,3.0,7.333333333333333,0.7714713488498708,0.9931149454030175,0.0,0.0,A_geometry,18.0,1.0,8,0.9,visibility_weighted,0
0.9892059952387605,0.9883923939844745,0.9901225656116672,0.9408047168906699,0.06654082114204814,0.0,0.0005376344086021505,1.0,2.3333333333333335,8.666666666666666,0.8242035742035743,0.9901218544956377,0.0,0.0,A_geometry,18.0,1.0,8,0.9,visibility_weighted,1
0.9885415075591863,0.9810669729182555,0.9961846790947684,0.9831110154905337,0.0803960602157253,0.0,0.0011695906432748538,1.0,3.3333333333333335,12.666666666666666,0.7632943032983389,0.9946916378384826,0.0,0.0,A_geometry,18.0,1.0,8,0.9,visibility_weighted,2
0.9623683712445406,0.9661876843274223,0.9593230872227737,0.7709093940151704,0.27672014260249556,0.0,0.002915326316674615,0.9791666666666666,6.0,23.333333333333332,0.7714713488498708,0.9931149454030175,0.0,0.0,A_geometry,18.0,1.0,8,0.9,hazard_filter,0
0.9721448932037716,0.9817234054740939,0.9631831598679645,0.76937068727779,0.11504378375544018,0.0,0.0005376344086021505,1.0,4.666666666666667,13.666666666666666,0.8242035742035743,0.9901218544956377,0.0,0.0,A_geometry,18.0,1.0,8,0.9,hazard_filter,1
0.9642222406366677,0.9617668155965339,0.9674528994880728,0.8216035996887124,0.18356818507097597,0.0,0.0011695906432748538,1.0,6.0,25.666666666666668,0.7632943032983389,0.9946916378384826,0.0,0.0,A_geometry,18.0,1.0,8,0.9,hazard_filter,2
0.9880076358591717,0.9892458812776757,0.9868387968701448,0.9350504292739852,0.09062388591800356,0.0,0.0024411679477794046,1.0,2.6666666666666665,7.333333333333333,1.0,1.0,0.0,0.0,A_geometry,18.0,1.0,8,0.9,oracle_visibility,0
0.9912354815867542,0.9919733483321075,0.9905381932093397,0.943220175827868,0.05018090294163915,0.0,0.0005376344086021505,1.0,2.0,6.0,1.0,1.0,0.0,0.0,A_geometry,18.0,1.0,8,0.9,oracle_visibility,1
0.9914307062911879,0.9863846489955278,0.9965786901270772,0.9851190476190476,0.06281145503987927,0.0,0.0011695906432748538,1.0,3.0,9.0,1.0,1.0,0.0,0.0,A_geometry,18.0,1.0,8,0.9,oracle_visibility,2
0.9230410579137788,0.9888699413605907,0.8655216991296603,0.29160127869805286,0.07917944124840676,0.0,0.0,1.0,16.0,7.0,0.7770915150861476,0.9908602150537634,0.0,0.0,A_geometry,18.0,1.0,8,0.98,ttl_short,0
0.9436759901926645,0.9959255409133615,0.896704375156184,0.3957298083732617,0.05758402633402634,0.0,0.0,1.0,19.333333333333332,3.0,0.8623799081035922,0.9901218544956377,0.0,0.0,A_geometry,18.0,1.0,8,0.98,ttl_short,1
0.9275257959091602,0.9799792237569442,0.8813051294253512,0.30800523188791346,0.07644237922470327,0.0,0.0007047216349541931,1.0,14.666666666666666,11.333333333333334,0.7263504708855918,0.9884684968635661,0.0,0.0,A_geometry,18.0,1.0,8,0.98,ttl_short,2
0.9545548017159499,0.973170839333669,0.9366836858577731,0.6671897704155768,0.21114517666241803,0.0,0.0,1.0,8.333333333333334,18.666666666666668,0.7770915150861476,0.9908602150537634,0.0,0.0,A_geometry,18.0,1.0,8,0.98,ttl_medium,0
0.9755664958159866,0.9882375337843543,0.9633334667256822,0.7891281136505284,0.17065142065142067,0.0,0.0,1.0,4.666666666666667,9.333333333333334,0.8623799081035922,0.9901218544956377,0.0,0.0,A_geometry,18.0,1.0,8,0.98,ttl_medium,1
0.9432110664000173,0.9497094495938984,0.9380326997427403,0.6439434246696817,0.20713365557882743,0.0,0.0007047216349541931,1.0,7.666666666666667,31.333333333333332,0.7263504708855918,0.9884684968635661,0.0,0.0,A_geometry,18.0,1.0,8,0.98,ttl_medium,2
0.9472274379053988,0.9086290326478266,0.9912020620235916,0.9510752688172044,0.7053808260704812,0.0,0.0,1.0,2.0,73.66666666666667,0.7770915150861476,0.9908602150537634,0.0,0.0,A_geometry,18.0,1.0,8,0.98,long_memory,0
0.9735470931621432,0.9545396931857749,0.9933807549458206,0.9618099694104423,0.6869513744513744,0.0,0.0,1.0,1.3333333333333333,38.666666666666664,0.8623799081035922,0.9901218544956377,0.0,0.0,A_geometry,18.0,1.0,8,0.98,long_memory,1
0.9086925323561105,0.8493212566787741,0.9838031045165251,0.906259036283933,0.6889904966828043,0.0,0.0007047216349541931,1.0,3.0,114.66666666666667,0.7263504708855918,0.9884684968635661,0.0,0.0,A_geometry,18.0,1.0,8,0.98,long_memory,2
0.9872315972218165,0.9835185359879034,0.9912020620235916,0.9510752688172044,0.10665196872093423,0.0,0.0,1.0,2.6666666666666665,12.0,0.7770915150861476,0.9908602150537634,0.0,0.0,A_geometry,18.0,1.0,8,0.98,certificate,0
0.993810525795336,0.994243788172068,0.9933807549458206,0.9618099694104423,0.0789515477015477,0.0,0.0,1.0,1.3333333333333333,4.666666666666667,0.8623799081035922,0.9901218544956377,0.0,0.0,A_geometry,18.0,1.0,8,0.98,certificate,1
0.9768924297056829,0.9703011874364335,0.9838031045165251,0.906259036283933,0.10650633236557949,0.0,0.0007047216349541931,1.0,4.0,18.666666666666668,0.7263504708855918,0.9884684968635661,0.0,0.0,A_geometry,18.0,1.0,8,0.98,certificate,2
0.9879253859243918,0.9848631243088631,0.9912020620235916,0.9510752688172044,0.10115746322642875,0.0,0.0,1.0,2.6666666666666665,11.0,0.7770915150861476,0.9908602150537634,0.0,0.0,A_geometry,18.0,1.0,8,0.98,visibility_weighted,0
0.9940163867155941,0.9946573167787328,0.9933807549458206,0.9618099694104423,0.07467804342804343,0.0,0.0,1.0,1.3333333333333333,4.333333333333333,0.8623799081035922,0.9901218544956377,0.0,0.0,A_geometry,18.0,1.0,8,0.98,visibility_weighted,1
0.9777463808649518,0.9723582018088835,0.9834029444524993,0.9043968388910094,0.10116694241080493,0.0,0.0007047216349541931,1.0,4.333333333333333,17.333333333333332,0.7263504708855918,0.9884684968635661,0.0,0.0,A_geometry,18.0,1.0,8,0.98,visibility_weighted,2
0.9572963278104617,0.9702093505370982,0.9447965220346042,0.7102731764022087,0.2375383237452203,0.0,0.0,1.0,7.666666666666667,21.0,0.7770915150861476,0.9908602150537634,0.0,0.0,A_geometry,18.0,1.0,8,0.98,hazard_filter,0
0.9768910028688697,0.9866325603224806,0.9674343376891822,0.8127651399543874,0.19411960036960038,0.0,0.0,1.0,4.0,10.666666666666666,0.8623799081035922,0.9901218544956377,0.0,0.0,A_geometry,18.0,1.0,8,0.98,hazard_filter,1
0.9428967949515088,0.9440264239008287,0.9431299480868409,0.6737070162045873,0.23327191084965226,0.0,0.0007047216349541931,1.0,7.333333333333333,35.333333333333336,0.7263504708855918,0.9884684968635661,0.0,0.0,A_geometry,18.0,1.0,8,0.98,hazard_filter,2
0.9900244909478088,0.9889650655809742,0.9912020620235916,0.9510752688172044,0.08467394674291225,0.0,0.0,1.0,2.6666666666666665,8.0,1.0,1.0,0.0,0.0,A_geometry,18.0,1.0,8,0.98,oracle_visibility,0
0.9942225051229321,0.9950718830983378,0.9933807549458206,0.9618099694104423,0.07040453915453916,0.0,0.0,1.0,1.3333333333333333,4.0,1.0,1.0,0.0,0.0,A_geometry,18.0,1.0,8,0.98,oracle_visibility,1
0.9824065871529847,0.9811105030812001,0.9838031045165251,0.906259036283933,0.07742857251858888,0.0,0.0007047216349541931,1.0,4.0,11.666666666666666,1.0,1.0,0.0,0.0,A_geometry,18.0,1.0,8,0.98,oracle_visibility,2
0.9275932276349788,0.9906596428572839,0.8722005949798283,0.3100096988241022,0.055298391681273394,0.0,0.005726069514100988,0.8734054834054833,33.333333333333336,12.0,0.7643072931146326,0.983594824621448,0.0,0.0,A_geometry,18.0,1.0,16,0.9,ttl_short,0
0.9402524292386666,0.9893666647906271,0.8961083617198442,0.36146782188491416,0.043721810176260874,0.0,0.003370013263755189,0.8957739791073124,32.666666666666664,13.666666666666666,0.7570446856173604,0.9864268169025284,0.0,0.0,A_geometry,18.0,1.0,16,0.9,ttl_short,1
0.9325519636436774,0.9905539534784396,0.8811829024901777,0.3751525155833599,0.061281575620269486,0.0,0.006051987726439608,0.8989197530864198,40.333333333333336,13.0,0.8047446409637221,0.9769482153351623,0.0,0.0,A_geometry,18.0,1.0,16,0.9,ttl_short,2
0.9605068232889247,0.9773916980676164,0.9444291810510165,0.708799011614564,0.14746237781672902,0.0,0.004181013797870993,0.9408513708513708,12.333333333333334,32.0,0.7643072931146326,0.983594824621448,0.0,0.0,A_geometry,18.0,1.0,16,0.9,ttl_medium,0
0.9664958038153783,0.9733349149009235,0.9604956247303417,0.7656268708460251,0.12243384199285667,0.0,0.0018063953184520058,0.9743589743589745,13.333333333333334,37.666666666666664,0.7570446856173604,0.9864268169025284,0.0,0.0,A_geometry,18.0,1.0,16,0.9,ttl_medium,1
0.9662149967011654,0.9733976343191643,0.9591939848894125,0.7931745411712896,0.18898915589043885,0.0,0.003667144953419174,0.962121212121212,14.666666666666666,40.333333333333336,0.8047446409637221,0.9769482153351623,0.0,0.0,A_geometry,18.0,1.0,16,0.9,ttl_medium,2
0.948182858041264,0.921879084293742,0.9769905647573474,0.8825226446371821,0.5738172501460673,0.0,0.0028688620558399752,1.0,4.0,123.33333333333333,0.7643072931146326,0.983594824621448,0.0,0.0,A_geometry,18.0,1.0,16,0.9,long_memory,0
0.9426804030631777,0.9023421045353833,0.9889502861321443,0.9378264666190362,0.5739893397174001,0.0,0.0005638417433377146,1.0,4.333333333333333,156.33333333333334,0.7570446856173604,0.9864268169025284,0.0,0.0,A_geometry,18.0,1.0,16,0.9,long_memory,1
0.9538593923034702,0.9154443354740237,0.9957025603857255,0.986445028281052,0.6565110530580728,0.0,0.002335845346916066,1.0,3.3333333333333335,141.33333333333334,0.8047446409637221,0.9769482153351623,0.0,0.0,A_geometry,18.0,1.0,16,0.9,long_memory,2
0.9830964037457446,0.9892917640955877,0.9769905647573474,0.8825226446371821,0.07821505834794006,0.0,0.0028688620558399752,1.0,4.333333333333333,15.666666666666666,0.7643072931146326,0.983594824621448,0.0,0.0,A_geometry,18.0,1.0,16,0.9,certificate,0
0.9844024518433011,0.9800341093940013,0.9889502861321443,0.9378264666190362,0.14063563138572496,0.0,0.0005638417433377146,1.0,6.0,29.333333333333332,0.7570446856173604,0.9864268169025284,0.0,0.0,A_geometry,18.0,1.0,16,0.9,certificate,1
0.9886786519226135,0.9847670055398683,0.9926225298836577,0.9756225174585412,0.1134487004887486,0.0,0.003422861575343107,0.9876543209876543,6.333333333333333,23.666666666666668,0.8047446409637221,0.9769482153351623,0.0,0.0,A_geometry,18.0,1.0,16,0.9,certificate,2
0.9820633178535497,0.9899022223369536,0.974371140405328,0.8690091311236685,0.07196505834794005,0.0,0.0031250752251968804,0.9880952380952381,5.0,14.666666666666666,0.7643072931146326,0.983594824621448,0.0,0.0,A_geometry,18.0,1.0,16,0.9,visibility_weighted,0
0.9851569032942593,0.982587272124826,0.9879160606787655,0.9378264666190362,0.11325212547600662,0.0,0.0018063953184520058,0.9743589743589745,7.333333333333333,25.333333333333332,0.7570446856173604,0.9864268169025284,0.0,0.0,A_geometry,18.0,1.0,16,0.9,visibility_weighted,1
0.989097037084766,0.9862388728664492,0.9919725581859328,0.9730112143885226,0.10247731264637001,0.0,0.0036826693176138267,0.9783950617283951,7.0,21.333333333333332,0.8047446409637221,0.9769482153351623,0.0,0.0,A_geometry,18.0,1.0,16,0.9,visibility_weighted,2
0.9617916257573501,0.9745707106932314,0.9495775782833523,0.7340461842951788,0.16797850837715353,0.0,0.003424028887379242,0.9747619047619048,10.333333333333334,36.333333333333336,0.7643072931146326,0.983594824621448,0.0,0.0,A_geometry,18.0,1.0,16,0.9,hazard_filter,0
0.9670280974808095,0.9694384508442494,0.9654402241995674,0.7945243589945071,0.14576083031024697,0.0,0.0012921738627841822,0.9743589743589745,11.333333333333334,43.666666666666664,0.7570446856173604,0.9864268169025284,0.0,0.0,A_geometry,18.0,1.0,16,0.9,hazard_filter,1
0.9674433107564812,0.9699356306557257,0.9650007187477679,0.8238537388752231,0.21535034407562026,0.0,0.003667144953419174,0.962121212121212,13.666666666666666,46.0,0.8047446409637221,0.9769482153351623,0.0,0.0,A_geometry,18.0,1.0,16,0.9,hazard_filter,2
0.9839213230563555,0.9909551530865414,0.9769905647573474,0.8825226446371821,0.061548391681273386,0.0,0.0028688620558399752,1.0,4.333333333333333,13.0,1.0,1.0,0.0,0.0,A_geometry,18.0,1.0,16,0.9,oracle_visibility,0
0.9883251583595226,0.9878701713560388,0.9889502861321443,0.9378264666190362,0.06564117973476134,0.0,0.0005638417433377146,1.0,6.0,17.333333333333332,1.0,1.0,0.0,0.0,A_geometry,18.0,1.0,16,0.9,oracle_visibility,1
0.9911196457189723,0.9894040702956367,0.9928441610893315,0.9756225174585412,0.07635132411838577,0.0,0.0031636599164524895,1.0,6.0,16.333333333333332,1.0,1.0,0.0,0.0,A_geometry,18.0,1.0,16,0.9,oracle_visibility,2
0.9432661516280877,0.9928773750502963,0.8986596869067102,0.38071067550078047,0.04882586380469564,0.0,0.00025960539979231567,0.9861111111111112,33.666666666666664,10.0,0.7662755788440846,0.9863391675610567,0.0,0.0,A_geometry,18.0,1.0,16,0.98,ttl_short,0
0.9442834208684191,0.9854046981861432,0.9066073043016347,0.4042053339063672,0.05678478066437422,0.0,0.0008625730994152046,0.9753086419753086,35.333333333333336,19.0,0.7003214526765454,0.9815333575212231,0.0,0.0,A_geometry,18.0,1.0,16,0.98,ttl_short,1
0.941653737779918,0.991714786101059,0.8966671098777684,0.37296425273055034,0.07686777978085914,0.0,0.0,1.0,35.0,11.666666666666666,0.7899975182902012,0.9806876531968783,0.0,0.0,A_geometry,18.0,1.0,16,0.98,ttl_short,2
0.9703438694095947,0.9806904412368557,0.9604896360193376,0.7630868384241697,0.1415399273720922,0.0,0.0,1.0,9.666666666666666,29.333333333333332,0.7662755788440846,0.9863391675610567,0.0,0.0,A_geometry,18.0,1.0,16,0.98,ttl_medium,0
0.9674574117347103,0.9633573728992014,0.9717905150226537,0.8232655425264425,0.1564739547415007,0.0,0.0002777777777777778,1.0,12.666666666666666,52.333333333333336,0.7003214526765454,0.9815333575212231,0.0,0.0,A_geometry,18.0,1.0,16,0.98,ttl_medium,1
0.9698143779788858,0.9766547369533863,0.9631240346664054,0.7747123611207253,0.22309412423223016,0.0,0.0,1.0,13.333333333333334,35.666666666666664,0.7899975182902012,0.9806876531968783,0.0,0.0,A_geometry,18.0,1.0,16,0.98,ttl_medium,2
0.9596846526018751,0.9297397669663598,0.9917071602909869,0.9508527094733991,0.5614775464710747,0.0,0.0,1.0,3.3333333333333335,116.0,0.7662755788440846,0.9863391675610567,0.0,0.0,A_geometry,18.0,1.0,16,0.98,long_memory,0
0.9365497778561568,0.8839528768132418,0.9963928091194697,0.9773316666355716,0.5495607182660964,0.0,0.0002777777777777778,1.0,4.666666666666667,185.66666666666666,0.7003214526765454,0.9815333575212231,0.0,0.0,A_geometry,18.0,1.0,16,0.98,long_memory,1
0.9611895092994813,0.9284718665136706,0.9965509176655268,0.9788516572034407,0.677826357181234,0.0,0.0,1.0,3.0,118.66666666666667,0.7899975182902012,0.9806876531968783,0.0,0.0,A_geometry,18.0,1.0,16,0.98,long_memory,2
0.9887610398900609,0.985834757624026,0.9917071602909869,0.9508527094733991,0.12001889104615349,0.0,0.0,1.0,4.333333333333333,22.333333333333332,0.7662755788440846,0.9863391675610567,0.0,0.0,A_geometry,18.0,1.0,16,0.98,certificate,0
0.9892246560151401,0.9822099998567327,0.9963928091194697,0.9773316666355716,0.07314190320054645,0.0,0.0002777777777777778,1.0,7.0,25.333333333333332,0.7003214526765454,0.9815333575212231,0.0,0.0,A_geometry,18.0,1.0,16,0.98,certificate,1
0.9901186274742431,0.9837932196511964,0.9965509176655268,0.9788516572034407,0.14892161212482005,0.0,0.0,1.0,5.0,25.333333333333332,0.7899975182902012,0.9806876531968783,0.0,0.0,A_geometry,18.0,1.0,16,0.98,certificate,2
0.9906059087005831,0.989731662505282,0.9914858234162636,0.9493512079718975,0.08176781840626086,0.0,0.0,1.0,4.666666666666667,16.0,0.7662755788440846,0.9863391675610567,0.0,0.0,A_geometry,18.0,1.0,16,0.98,visibility_weighted,0
0.9895868128875773,0.9831404884259634,0.9961624474516512,0.9759821389702544,0.06971287428038843,0.0,0.0002777777777777778,1.0,7.333333333333333,24.0,0.7003214526765454,0.9815333575212231,0.0,0.0,A_geometry,18.0,1.0,16,0.98,visibility_weighted,1
0.9909978042083473,0.9857178695030194,0.9963520314284544,0.9776216449033178,0.13712776851118638,0.0,0.0,1.0,5.333333333333333,22.333333333333332,0.7899975182902012,0.9806876531968783,0.0,0.0,A_geometry,18.0,1.0,16,0.98,visibility_weighted,2
0.9707654836330635,0.9779710586940791,0.9638959634818575,0.7831793995587099,0.16273295461355,0.0,0.0,1.0,9.666666666666666,33.666666666666664,0.7662755788440846,0.9863391675610567,0.0,0.0,A_geometry,18.0,1.0,16,0.98,hazard_filter,0
0.967139561827587,0.9588262683466184,0.9758082880190563,0.8486357723988398,0.17725519975388115,0.0,0.0002777777777777778,1.0,11.666666666666666,59.333333333333336,0.7003214526765454,0.9815333575212231,0.0,0.0,A_geometry,18.0,1.0,16,0.98,hazard_filter,1
0.9709756698643414,0.9736001956305144,0.9684051926653474,0.8054382636178454,0.2531590652536519,0.0,0.0,1.0,12.0,40.666666666666664,0.7899975182902012,0.9806876531968783,0.0,0.0,A_geometry,18.0,1.0,16,0.98,hazard_filter,2
0.9916492325298115,0.9916037127352125,0.9917071602909869,0.9508527094733991,0.0635790817243735,0.0,0.0,1.0,4.333333333333333,13.0,1.0,1.0,0.0,0.0,A_geometry,18.0,1.0,16,0.98,oracle_visibility,0
0.9907905197070249,0.9852736474933139,0.9963928091194697,0.9773316666355716,0.06234373503714138,0.0,0.0002777777777777778,1.0,7.0,21.0,1.0,1.0,0.0,0.0,A_geometry,18.0,1.0,16,0.98,oracle_visibility,1
0.9934347976006723,0.9903518186640793,0.9965509176655268,0.9788516572034407,0.09019482306426523,0.0,0.0,1.0,5.0,15.0,1.0,1.0,0.0,0.0,A_geometry,18.0,1.0,16,0.98,oracle_visibility,2
0.7866273315208705,0.9895964079503177,0.6548689086440108,0.06879170373258765,0.04440060942173888,0.0,0.000630119722747322,1.0,8.666666666666666,5.333333333333333,0.8222479201245081,0.9963309134620966,0.0,0.0,A_geometry,42.0,0.5,8,0.9,ttl_short,0
0.7948834104832779,0.9877731164074817,0.6660721571357467,0.07062388591800356,0.04842085235920852,0.0,0.002070637627108735,0.8888888888888888,8.666666666666666,6.0,0.8538946056467146,0.9921619556913676,0.0,0.0,A_geometry,42.0,0.5,8,0.9,ttl_short,1
0.8336457442881596,0.9925739418663947,0.7196798818703055,0.07815461463260205,0.028793388429752067,0.0,0.0027377396874864734,0.9166666666666666,7.666666666666667,4.0,0.8819750855242328,0.9916874646434395,0.0,0.0,A_geometry,42.0,0.5,8,0.9,ttl_short,2
0.8115912790964049,0.972511043388789,0.6985535438478682,0.18791115471093656,0.12861679981349594,0.0,0.000630119722747322,1.0,8.666666666666666,15.333333333333334,0.8222479201245081,0.9963309134620966,0.0,0.0,A_geometry,42.0,0.5,8,0.9,ttl_medium,0
0.8171068966124793,0.969822111289311,0.7068322813800157,0.18496335908100614,0.1291222729578894,0.0,0.0013078611206251347,0.8888888888888888,8.0,16.0,0.8538946056467146,0.9921619556913676,0.0,0.0,A_geometry,42.0,0.5,8,0.9,ttl_medium,1
0.8554179794095225,0.9813800234852866,0.7590976198020777,0.20631143272652705,0.07678236914600552,0.0,0.001920746223434186,0.9166666666666666,6.666666666666667,10.666666666666666,0.8819750855242328,0.9916874646434395,0.0,0.0,A_geometry,42.0,0.5,8,0.9,ttl_medium,2
0.8930169930625338,0.9258973525390023,0.8663025671824753,0.6455610114474754,0.45172934910737444,0.0,0.000630119722747322,1.0,4.333333333333333,54.333333333333336,0.8222479201245081,0.9963309134620966,0.0,0.0,A_geometry,42.0,0.5,8,0.9,long_memory,0
0.860126665717253,0.9023069123234723,0.82284135259575,0.5108968301125164,0.5722983257229832,0.0,0.0013078611206251347,0.8888888888888888,3.6666666666666665,65.66666666666667,0.8538946056467146,0.9921619556913676,0.0,0.0,A_geometry,42.0,0.5,8,0.9,long_memory,1
0.9061975328634029,0.9330380859350115,0.8815332876422586,0.607356592891184,0.5739944903581268,0.0,0.0011037527593818985,1.0,3.3333333333333335,46.333333333333336,0.8819750855242328,0.9916874646434395,0.0,0.0,A_geometry,42.0,0.5,8,0.9,long_memory,2
0.9504945710318627,0.9817393526421864,0.9223118559750195,0.7897587346638438,0.1086854090119553,0.0,0.000630119722747322,1.0,2.3333333333333335,13.333333333333334,0.8222479201245081,0.9963309134620966,0.0,0.0,A_geometry,42.0,0.5,8,0.9,certificate,0
0.9155080671382708,0.9529301508337696,0.8882648434698938,0.6992892510539569,0.29391806189751396,0.0,0.0014858423054713082,1.0,3.3333333333333335,35.333333333333336,0.8538946056467146,0.9921619556913676,0.0,0.0,A_geometry,42.0,0.5,8,0.9,certificate,1
0.9342383459243934,0.9831501057236975,0.8910885197071218,0.6410726089971374,0.2872176308539945,0.0,0.001920746223434186,1.0,2.3333333333333335,10.666666666666666,0.8819750855242328,0.9916874646434395,0.0,0.0,A_geometry,42.0,0.5,8,0.9,certificate,2
0.9511314020370244,0.9830239420763083,0.9223118559750195,0.7897587346638438,0.0999134791873939,0.0,0.000630119722747322,1.0,2.3333333333333335,12.333333333333334,0.8222479201245081,0.9963309134620966,0.0,0.0,A_geometry,42.0,0.5,8,0.9,visibility_weighted,0
0.9170393366301169,0.9569083105995076,0.8873994036650438,0.696676569617746,0.2617009132420091,0.0,0.0014858423054713082,1.0,4.0,32.0,0.8538946056467146,0.9921619556913676,0.0,0.0,A_geometry,42.0,0.5,8,0.9,visibility_weighted,1
0.9350796234658575,0.9861232764748346,0.8902101710026861,0.6375452721364671,0.19230853994490357,0.0,0.001920746223434186,1.0,2.6666666666666665,8.666666666666666,0.8819750855242328,0.9916874646434395,0.0,0.0,A_geometry,42.0,0.5,8,0.9,visibility_weighted,2
0.8163762204209059,0.9694353567490418,0.7072904708886396,0.21173504490660633,0.14546003789184733,0.0,0.000630119722747322,1.0,8.666666666666666,17.333333333333332,0.8222479201245081,0.9963309134620966,0.0,0.0,A_geometry,42.0,0.5,8,0.9,hazard_filter,0
0.8211773536687611,0.9665318896773307,0.7147118266648369,0.20738231993133951,0.14526255707762556,0.0,0.0013078611206251347,0.8888888888888888,8.0,18.0,0.8538946056467146,0.9921619556913676,0.0,0.0,A_geometry,42.0,0.5,8,0.9,hazard_filter,1
0.8590910231087494,0.9792743983304376,0.7661293068007433,0.22917283860680085,0.0863801652892562,0.0,0.001920746223434186,0.9166666666666666,6.666666666666667,12.0,0.8819750855242328,0.9916874646434395,0.0,0.0,A_geometry,42.0,0.5,8,0.9,hazard_filter,2
0.9543907140639347,0.9898300496060379,0.9223118559750195,0.7897587346638438,0.06047180931929299,0.0,0.000630119722747322,1.0,2.6666666666666665,7.333333333333333,1.0,1.0,0.0,0.0,A_geometry,42.0,0.5,8,0.9,oracle_visibility,0
0.932214307111955,0.9864684501553759,0.8882648434698938,0.6992892510539569,0.0760083713850837,0.0,0.0014858423054713082,1.0,3.3333333333333335,9.0,1.0,1.0,0.0,0.0,A_geometry,42.0,0.5,8,0.9,oracle_visibility,1
0.9375101557004454,0.9906028396368806,0.8910885197071218,0.6410726089971374,0.12370247933884297,0.0,0.001920746223434186,1.0,2.3333333333333335,6.0,1.0,1.0,0.0,0.0,A_geometry,42.0,0.5,8,0.9,oracle_visibility,2
0.8045269903471656,0.990453922585241,0.678541641854283,0.061799525351387156,0.04360842032256728,0.0,0.000676132521974307,1.0,7.0,5.0,0.7919152201794212,0.989526685186548,0.0,0.0,A_geometry,42.0,0.5,8,0.98,ttl_short,0
0.7623546519392342,0.9889671938057608,0.6230397577166403,0.07007788959008471,0.03536538776401244,0.0,0.0,1.0,8.333333333333334,5.0,0.7754464346154367,0.9884195298829446,0.0,0.0,A_geometry,42.0,0.5,8,0.98,ttl_short,1
0.8269663700813187,0.9944853058846874,0.7082464762104573,0.09176668036659548,0.034076204169662117,0.0,0.0006802721088435375,1.0,9.0,3.0,0.8537585178327416,0.9883134262396678,0.0,0.0,A_geometry,42.0,0.5,8,0.98,ttl_short,2
0.8223123007192129,0.9761046868890007,0.7117093198747151,0.16063206760369905,0.11628912086017941,0.0,0.000676132521974307,1.0,6.666666666666667,13.333333333333334,0.7919152201794212,0.989526685186548,0.0,0.0,A_geometry,42.0,0.5,8,0.98,ttl_medium,0
0.7870907949626583,0.9695103939690948,0.6656881813007895,0.17923386459971824,0.11713875093234367,0.0,0.0,1.0,8.0,15.0,0.7754464346154367,0.9884195298829446,0.0,0.0,A_geometry,42.0,0.5,8,0.98,ttl_medium,1
0.8562589339293986,0.9864731443004523,0.7566878559106446,0.24345328600903446,0.09086987778576565,0.0,0.0006802721088435375,1.0,8.666666666666666,8.0,0.8537585178327416,0.9883134262396678,0.0,0.0,A_geometry,42.0,0.5,8,0.98,ttl_medium,2
0.8834102139357443,0.9257011961929994,0.8470575105033239,0.5628296937473937,0.4530301612120338,0.0,0.000676132521974307,1.0,5.0,52.333333333333336,0.7919152201794212,0.989526685186548,0.0,0.0,A_geometry,42.0,0.5,8,0.98,long_memory,0
0.8495214939231875,0.900976816998596,0.8085910450413984,0.5436590208947932,0.4903854900034565,0.0,0.0,1.0,4.666666666666667,63.333333333333336,0.7754464346154367,0.9884195298829446,0.0,0.0,A_geometry,42.0,0.5,8,0.98,long_memory,1
0.9381658449337271,0.9559776976319991,0.9211712967333693,0.7628110791071022,0.6197198440189094,0.0,0.0006802721088435375,1.0,3.3333333333333335,33.666666666666664,0.8537585178327416,0.9883134262396678,0.0,0.0,A_geometry,42.0,0.5,8,0.98,long_memory,2
0.9360214071936906,0.980727894403069,0.8956925011152309,0.6994523756960286,0.10332193253942072,0.0,0.000676132521974307,1.0,1.6666666666666667,13.333333333333334,0.7919152201794212,0.989526685186548,0.0,0.0,A_geometry,42.0,0.5,8,0.98,certificate,0
0.89650908300269,0.9260137508028197,0.8721465375698759,0.685945129847569,0.39558660335825646,0.0,0.0,1.0,3.0,51.333333333333336,0.7754464346154367,0.9884195298829446,0.0,0.0,A_geometry,42.0,0.5,8,0.98,certificate,1
0.9668447695711532,0.9664697618304082,0.967791334173587,0.9021378359119864,0.45180489292638826,0.0,0.0006802721088435375,1.0,1.3333333333333333,27.333333333333332,0.8537585178327416,0.9883134262396678,0.0,0.0,A_geometry,42.0,0.5,8,0.98,certificate,2
0.9335040335626578,0.9805998730737505,0.8912174563647834,0.6865996854073148,0.10332193253942072,0.0,0.000676132521974307,1.0,2.3333333333333335,13.333333333333334,0.7919152201794212,0.989526685186548,0.0,0.0,A_geometry,42.0,0.5,8,0.98,visibility_weighted,0
0.8991388010627839,0.9329879233735046,0.8707083306500213,0.6820744446760707,0.3666975931888883,0.0,0.0,1.0,3.6666666666666665,46.333333333333336,0.7754464346154367,0.9884195298829446,0.0,0.0,A_geometry,42.0,0.5,8,0.98,visibility_weighted,1
0.967598950582385,0.968770753891286,0.9669987535565131,0.8994735045158659,0.35155000762477395,0.0,0.0006802721088435375,1.0,2.0,25.333333333333332,0.8537585178327416,0.9883134262396678,0.0,0.0,A_geometry,42.0,0.5,8,0.98,visibility_weighted,2
0.8257028403753667,0.9734413980209227,0.7182608546587933,0.18019024272082815,0.13082526096770183,0.0,0.000676132521974307,1.0,6.666666666666667,15.0,0.7919152201794212,0.989526685186548,0.0,0.0,A_geometry,42.0,0.5,8,0.98,hazard_filter,0
0.791706277946914,0.9659848093025171,0.6740362129749311,0.20061612581937785,0.13349342356600993,0.0,0.0,1.0,8.0,17.0,0.7754464346154367,0.9884195298829446,0.0,0.0,A_geometry,42.0,0.5,8,0.98,hazard_filter,1
0.8617072067373579,0.9850219210840973,0.7660692657210312,0.27278431782934615,0.10222861250898634,0.0,0.0006802721088435375,1.0,8.666666666666666,9.0,0.8537585178327416,0.9883134262396678,0.0,0.0,A_geometry,42.0,0.5,8,0.98,hazard_filter,2
0.9402061351383924,0.9897854342870759,0.8956925011152309,0.6994523756960286,0.05794994391668674,0.0,0.000676132521974307,1.0,2.3333333333333335,7.0,1.0,1.0,0.0,0.0,A_geometry,42.0,0.5,8,0.98,oracle_visibility,0
0.9236050418624199,0.9841285474751782,0.8721465375698759,0.685945129847569,0.07073077552802488,0.0,0.0,1.0,3.3333333333333335,10.0,1.0,1.0,0.0,0.0,A_geometry,42.0,0.5,8,0.98,oracle_visibility,1
0.9804915967375795,0.9935641937970705,0.967791334173587,0.9021378359119864,0.1343310894712764,0.0,0.0006802721088435375,1.0,1.6666666666666667,5.0,1.0,1.0,0.0,0.0,A_geometry,42.0,0.5,8,0.98,oracle_visibility,2
0.8228340548377334,0.992067282637958,0.703296023339749,0.07401717226040565,0.050321025250602724,0.0,0.0027592079337029327,0.9107142857142857,16.0,9.0,0.8621188713172537,0.9929346185732034,0.0,0.0,A_geometry,42.0,0.5,16,0.9,ttl_short,0
0.844965330251719,0.9925208851818522,0.7356177453201509,0.09044503872810634,0.02895492805185244,0.0,0.003915467704810275,0.8222222222222223,15.333333333333334,8.0,0.7415704208976049,0.9958227863885183,0.0,0.0,A_geometry,42.0,0.5,16,0.9,ttl_short,1
0.8161971523392234,0.9935253049635712,0.6928600284016421,0.07037486003602551,0.030064401127019722,0.0,0.0019118146499691885,0.9166666666666666,14.333333333333334,6.666666666666667,0.8122622287485931,0.992661149246223,0.0,0.0,A_geometry,42.0,0.5,16,0.9,ttl_short,2
0.8440977504312085,0.9791395112362049,0.7422763840674903,0.197062707998246,0.14176373556655245,0.0,0.0027592079337029327,0.9107142857142857,15.333333333333334,25.333333333333332,0.8621188713172537,0.9929346185732034,0.0,0.0,A_geometry,42.0,0.5,16,0.9,ttl_medium,0
0.8643300690309065,0.9775751558391246,0.774622731838817,0.22612422726309836,0.09384043211740939,0.0,0.003915467704810275,0.8222222222222223,15.0,25.666666666666668,0.7415704208976049,0.9958227863885183,0.0,0.0,A_geometry,42.0,0.5,16,0.9,ttl_medium,1
0.8384382614372844,0.9830924856127429,0.731150394090356,0.1869887866543336,0.08543607325628198,0.0,0.0016037431773875497,0.9166666666666666,14.0,18.666666666666668,0.8122622287485931,0.992661149246223,0.0,0.0,A_geometry,42.0,0.5,16,0.9,ttl_medium,2
0.8995739020336749,0.9359724553986286,0.8667308848234514,0.5885007986010927,0.5408941335701899,0.0,0.0021436756132852688,1.0,7.0,94.66666666666667,0.8621188713172537,0.9929346185732034,0.0,0.0,A_geometry,42.0,0.5,16,0.9,long_memory,0
0.900973011219615,0.9042422038520321,0.8979009711458227,0.6528677993040283,0.5224381363645986,0.0,0.0029167198564296476,0.9666666666666667,7.333333333333333,138.0,0.7415704208976049,0.9958227863885183,0.0,0.0,A_geometry,42.0,0.5,16,0.9,long_memory,1
0.9058780688237368,0.9401527537501323,0.8742014257508223,0.623679080862665,0.3757641644145439,0.0,0.0009876002322242719,1.0,7.666666666666667,83.0,0.8122622287485931,0.992661149246223,0.0,0.0,A_geometry,42.0,0.5,16,0.9,long_memory,2
0.9410064907721143,0.9665838989255425,0.9168553773866867,0.7431678736563009,0.2908674872055154,0.0,0.0021436756132852688,1.0,4.0,50.333333333333336,0.8621188713172537,0.9929346185732034,0.0,0.0,A_geometry,42.0,0.5,16,0.9,certificate,0
0.9243038078381559,0.9336439930070012,0.9160387823502268,0.7150182602180104,0.35580735212953196,0.0,0.0025879887584677806,1.0,4.333333333333333,95.33333333333333,0.7415704208976049,0.9958227863885183,0.0,0.0,A_geometry,42.0,0.5,16,0.9,certificate,1
0.9368060202400952,0.9650033599737698,0.9106788787768775,0.7355422812910763,0.24841788377129934,0.0,0.0012956717048059109,1.0,3.0,50.333333333333336,0.8122622287485931,0.992661149246223,0.0,0.0,A_geometry,42.0,0.5,16,0.9,certificate,2
0.9375409499699104,0.9689391010712871,0.9083670214228748,0.718208042595382,0.2680543924205896,0.0,0.0021436756132852688,1.0,5.0,46.333333333333336,0.8621188713172537,0.9929346185732034,0.0,0.0,A_geometry,42.0,0.5,16,0.9,visibility_weighted,0
0.9253387174041521,0.937440234646076,0.9143839158945726,0.710830655527893,0.3323402418630778,0.0,0.0032517282316390276,0.9111111111111111,5.333333333333333,89.33333333333333,0.7415704208976049,0.9958227863885183,0.0,0.0,A_geometry,42.0,0.5,16,0.9,visibility_weighted,1
0.9334791682520006,0.966721521031793,0.903009658437708,0.7142275773655941,0.23324408697985546,0.0,0.0019118146499691885,0.9166666666666666,5.333333333333333,47.333333333333336,0.8122622287485931,0.992661149246223,0.0,0.0,A_geometry,42.0,0.5,16,0.9,visibility_weighted,2
0.8477847180614303,0.9764233729721692,0.7496119107908564,0.22024609044829888,0.16232457809922599,0.0,0.0027592079337029327,0.9107142857142857,15.333333333333334,29.0,0.8621188713172537,0.9929346185732034,0.0,0.0,A_geometry,42.0,0.5,16,0.9,hazard_filter,0
0.8671815941236392,0.973846850777479,0.78160369342425,0.25040595296395257,0.1113267929211965,0.0,0.003915467704810275,0.8222222222222223,15.0,30.333333333333332,0.7415704208976049,0.9958227863885183,0.0,0.0,A_geometry,42.0,0.5,16,0.9,hazard_filter,1
0.8425265789959836,0.9809404551354262,0.7385966925563494,0.20976956655794102,0.09794409943840683,0.0,0.0016037431773875497,0.9166666666666666,14.0,21.333333333333332,0.8122622287485931,0.992661149246223,0.0,0.0,A_geometry,42.0,0.5,16,0.9,hazard_filter,2
0.9529308869322808,0.9920189255164295,0.9168553773866867,0.7431678736563009,0.06415514105654951,0.0,0.0021436756132852688,1.0,4.0,11.666666666666666,1.0,1.0,0.0,0.0,A_geometry,42.0,0.5,16,0.9,oracle_visibility,0
0.9504771727283456,0.9882288864851224,0.9160387823502268,0.7150182602180104,0.06472829254869039,0.0,0.0025879887584677806,1.0,5.666666666666667,16.0,1.0,1.0,0.0,0.0,A_geometry,42.0,0.5,16,0.9,oracle_visibility,1
0.9496552102495966,0.9925476169284839,0.9106788787768775,0.7355422812910763,0.04287167212926226,0.0,0.0012956717048059109,1.0,3.6666666666666665,10.0,1.0,1.0,0.0,0.0,A_geometry,42.0,0.5,16,0.9,oracle_visibility,2
0.7952556645376146,0.9867348136212093,0.6671158682980408,0.07828014744798233,0.0491659762496548,0.0,0.0,1.0,18.0,13.0,0.8054379054004032,0.991644025584423,0.0,0.0,A_geometry,42.0,0.5,16,0.98,ttl_short,0
0.8171382020237807,0.9889187658056962,0.696887267712647,0.07482432326655702,0.04454757962013287,0.0,0.0006468639710782977,0.9047619047619048,16.0,11.333333333333334,0.772079585662992,0.9944913974417592,0.0,0.0,A_geometry,42.0,0.5,16,0.98,ttl_short,1
0.8233226863619967,0.9920582727434764,0.7036550165188663,0.08650626350661174,0.0469187675070028,0.0,0.0012300123001230013,0.9,17.0,8.666666666666666,0.8737805866364585,0.9945181476128203,0.0,0.0,A_geometry,42.0,0.5,16,0.98,ttl_short,2
0.8174069829803449,0.9656829704009525,0.7095420367932429,0.1968300212487383,0.1416975052931971,0.0,0.0,1.0,17.0,37.0,0.8054379054004032,0.991644025584423,0.0,0.0,A_geometry,42.0,0.5,16,0.98,ttl_medium,0
0.8365461727995401,0.9704637122316487,0.7356392836485451,0.19440917476360034,0.12980962984050357,0.0,0.0006468639710782977,0.9047619047619048,15.666666666666666,32.666666666666664,0.772079585662992,0.9944913974417592,0.0,0.0,A_geometry,42.0,0.5,16,0.98,ttl_medium,1
0.8482523880008647,0.9798753272969156,0.747813278850055,0.22273368000660201,0.12858893557422968,0.0,0.0012300123001230013,0.9,16.0,23.666666666666668,0.8737805866364585,0.9945181476128203,0.0,0.0,A_geometry,42.0,0.5,16,0.98,ttl_medium,2
0.8798364053541653,0.9155933176957111,0.848711462838537,0.5855949367846937,0.4727055141305348,0.0,0.0,1.0,8.0,117.66666666666667,0.8054379054004032,0.991644025584423,0.0,0.0,A_geometry,42.0,0.5,16,0.98,long_memory,0
0.8821215866521621,0.9026659280953901,0.8629523865374852,0.5855229623828268,0.5681251940745612,0.0,0.0002952465308532625,0.9523809523809524,8.0,137.66666666666666,0.772079585662992,0.9944913974417592,0.0,0.0,A_geometry,42.0,0.5,16,0.98,long_memory,1
0.9125331712713857,0.9361732095790374,0.890189459804092,0.6624077929233315,0.49872198879551827,0.0,0.0006150061500615006,0.9666666666666667,7.333333333333333,93.33333333333333,0.8737805866364585,0.9945181476128203,0.0,0.0,A_geometry,42.0,0.5,16,0.98,long_memory,2
0.9394596346980356,0.9559745879052155,0.923887952829897,0.7875348757364034,0.24324127773175,0.0,0.0,1.0,6.0,63.333333333333336,0.8054379054004032,0.991644025584423,0.0,0.0,A_geometry,42.0,0.5,16,0.98,certificate,0
0.9368511823329216,0.9459126645827413,0.9280146218029205,0.7745851542031339,0.3189681849144646,0.0,0.0,1.0,5.333333333333333,78.33333333333333,0.772079585662992,0.9944913974417592,0.0,0.0,A_geometry,42.0,0.5,16,0.98,certificate,1
0.9563690687922314,0.976607573689679,0.9373333623138005,0.8071261191804074,0.18282563025210083,0.0,0.0003075030750307503,1.0,4.0,35.0,0.8737805866364585,0.9945181476128203,0.0,0.0,A_geometry,42.0,0.5,16,0.98,certificate,2
0.9361478970295235,0.9601884743808843,0.9136630078574427,0.7620848842268092,0.2177676516616036,0.0,0.0,1.0,9.0,56.333333333333336,0.8054379054004032,0.991644025584423,0.0,0.0,A_geometry,42.0,0.5,16,0.98,visibility_weighted,0
0.9386424215638275,0.949789341974415,0.9278057663309071,0.7738713783287586,0.2931394392030391,0.0,0.0,1.0,5.666666666666667,72.33333333333333,0.772079585662992,0.9944913974417592,0.0,0.0,A_geometry,42.0,0.5,16,0.98,visibility_weighted,1
0.957312405205058,0.9807681344626008,0.9352236205297629,0.8004197044237139,0.15537464985994398,0.0,0.0003075030750307503,1.0,4.333333333333333,28.666666666666668,0.8737805866364585,0.9945181476128203,0.0,0.0,A_geometry,42.0,0.5,16,0.98,visibility_weighted,2
0.82130708896487,0.9617165609307912,0.7175910298600843,0.21922140086325323,0.16128877842216696,0.0,0.0,1.0,17.0,42.0,0.8054379054004032,0.991644025584423,0.0,0.0,A_geometry,42.0,0.5,16,0.98,hazard_filter,0
0.8398553045351927,0.9667580022281458,0.7429201939966014,0.21688990386883092,0.14930106427482162,0.0,0.0006468639710782977,0.9047619047619048,15.666666666666666,37.333333333333336,0.772079585662992,0.9944913974417592,0.0,0.0,A_geometry,42.0,0.5,16,0.98,hazard_filter,1
0.8528137508315244,0.97763243435457,0.7562745609459225,0.24885976032152543,0.14492296918767508,0.0,0.0012300123001230013,0.9,15.666666666666666,26.666666666666668,0.8737805866364585,0.9945181476128203,0.0,0.0,A_geometry,42.0,0.5,16,0.98,hazard_filter,2
0.9543583136880591,0.9870081148565629,0.923887952829897,0.7875348757364034,0.0687572493786247,0.0,0.0,1.0,6.0,18.0,1.0,1.0,0.0,0.0,A_geometry,42.0,0.5,16,0.98,oracle_visibility,0
0.9559543594337937,0.9857074378455675,0.9280146218029205,0.7745851542031339,0.08430304901437968,0.0,0.0,1.0,6.666666666666667,20.0,1.0,1.0,0.0,0.0,A_geometry,42.0,0.5,16,0.98,oracle_visibility,1
0.9636172691884545,0.9916515723660541,0.9373333623138005,0.8071261191804074,0.057825630252100836,0.0,0.0003075030750307503,1.0,4.0,12.0,1.0,1.0,0.0,0.0,A_geometry,42.0,0.5,16,0.98,oracle_visibility,2
0.8346203815275981,0.9927218592341411,0.7200211337597032,0.15202933071785532,0.03589173155357805,0.0,0.0033162504088304775,0.9444444444444445,14.333333333333334,4.0,0.8259255331595757,0.991818068594025,0.0,0.0,A_geometry,42.0,1.0,8,0.9,ttl_short,0
0.8041381891067144,0.9913179056819154,0.680501074998563,0.12621497570335852,0.0631353758288563,0.0,0.005242771835565321,0.9326599326599326,13.0,4.333333333333333,0.8325622557566771,0.9929079099505279,0.0,0.0,A_geometry,42.0,1.0,8,0.9,ttl_short,1
0.8202536395830049,0.9966100624598143,0.6972651191911329,0.15027274941591848,0.03892668178382464,0.0,0.002490482537104852,0.9484126984126985,15.666666666666666,2.0,0.8895275526078769,0.992804540471596,0.0,0.0,A_geometry,42.0,1.0,8,0.9,ttl_short,2
0.8812817922751099,0.9807340455073481,0.8002982372523156,0.39721482726947205,0.10730548704142552,0.0,0.0033162504088304775,0.9444444444444445,13.333333333333334,12.0,0.8259255331595757,0.991818068594025,0.0,0.0,A_geometry,42.0,1.0,8,0.9,ttl_medium,0
0.8483462237135401,0.9773760013629916,0.7539742799165721,0.34140500845183075,0.1798157559330784,0.0,0.004711986272932623,0.9326599326599326,12.666666666666666,12.666666666666666,0.8325622557566771,0.9929079099505279,0.0,0.0,A_geometry,42.0,1.0,8,0.9,ttl_medium,1
0.8754535270740705,0.9919787890233045,0.7836224134343078,0.3932270676614313,0.1038044847568657,0.0,0.002490482537104852,0.9484126984126985,14.333333333333334,5.333333333333333,0.8895275526078769,0.992804540471596,0.0,0.0,A_geometry,42.0,1.0,8,0.9,ttl_medium,2
0.9524405544584392,0.9392178645296504,0.9660641423059539,0.9003860943751655,0.40869242797955857,0.0,0.0019584771569635395,1.0,3.3333333333333335,47.333333333333336,0.8259255331595757,0.991818068594025,0.0,0.0,A_geometry,42.0,1.0,8,0.9,long_memory,0
0.9201008314122653,0.9199647871574145,0.9233714526752218,0.8202502223813227,0.6813158446670862,0.0,0.002882365992521302,1.0,3.0,59.333333333333336,0.8325622557566771,0.9929079099505279,0.0,0.0,A_geometry,42.0,1.0,8,0.9,long_memory,1
0.9615820766467973,0.9659472506391457,0.9576366368203852,0.8862234243313187,0.6653162005542957,0.0,0.0012746972594008922,1.0,2.6666666666666665,28.333333333333332,0.8895275526078769,0.992804540471596,0.0,0.0,A_geometry,42.0,1.0,8,0.9,long_memory,2
0.9787674476730586,0.9826288304195337,0.9750037567654699,0.9281607584886272,0.12824555464203383,0.0,0.0019584771569635395,1.0,1.6666666666666667,13.333333333333334,0.8259255331595757,0.991818068594025,0.0,0.0,A_geometry,42.0,1.0,8,0.9,certificate,0
0.9371580660938333,0.9469540618930656,0.9317226377064879,0.8434059267725734,0.510688414565284,0.0,0.003413151555153999,1.0,2.3333333333333335,39.333333333333336,0.8325622557566771,0.9929079099505279,0.0,0.0,A_geometry,42.0,1.0,8,0.9,certificate,1
0.9755756511582181,0.982699160532611,0.968861896186004,0.9180671655934239,0.3532476694381456,0.0,0.0012746972594008922,1.0,1.3333333333333333,14.333333333333334,0.8895275526078769,0.992804540471596,0.0,0.0,A_geometry,42.0,1.0,8,0.9,certificate,2
0.9798313379357483,0.9851865173808904,0.9745680269179754,0.926794638270048,0.11085425029420774,0.0,0.0019584771569635395,1.0,2.0,11.333333333333334,0.8259255331595757,0.991818068594025,0.0,0.0,A_geometry,42.0,1.0,8,0.9,visibility_weighted,0
0.9346241753255388,0.9514210892591297,0.9232060383063828,0.8263215362857689,0.4897310552893535,0.0,0.004474722680419391,0.9696969696969697,3.3333333333333335,35.666666666666664,0.8325622557566771,0.9929079099505279,0.0,0.0,A_geometry,42.0,1.0,8,0.9,visibility_weighted,1
0.9763335798821897,0.985072716278789,0.968059649896393,0.9155323113475431,0.2947291509196271,0.0,0.0012746972594008922,1.0,2.0,12.333333333333334,0.8895275526078769,0.992804540471596,0.0,0.0,A_geometry,42.0,1.0,8,0.9,visibility_weighted,2
0.8895830212691793,0.9785379358659657,0.8156372579808885,0.44401942926533094,0.12216794828392256,0.0,0.0033162504088304775,0.9444444444444445,13.333333333333334,13.666666666666666,0.8259255331595757,0.991818068594025,0.0,0.0,A_geometry,42.0,1.0,8,0.9,hazard_filter,0
0.8566216495683833,0.9749650153178199,0.768590948190622,0.3844430150015253,0.20315183195392283,0.0,0.004711986272932623,0.9326599326599326,12.333333333333334,14.333333333333334,0.8325622557566771,0.9929079099505279,0.0,0.0,A_geometry,42.0,1.0,8,0.9,hazard_filter,1
0.8852280279663259,0.9911625364431487,0.7999335619024718,0.43922234867534726,0.11678004535147392,0.0,0.002490482537104852,0.9484126984126985,14.333333333333334,6.0,0.8895275526078769,0.992804540471596,0.0,0.0,A_geometry,42.0,1.0,8,0.9,hazard_filter,2
0.9833980013341964,0.9919669014202551,0.9750037567654699,0.9281607584886272,0.05328303590140413,0.0,0.0019584771569635395,1.0,2.0,6.0,1.0,1.0,0.0,0.0,A_geometry,42.0,1.0,8,0.9,oracle_visibility,0
0.958641123275458,0.989734717123155,0.9317226377064879,0.8434059267725734,0.07939789942403562,0.0,0.003413151555153999,1.0,2.6666666666666665,7.0,1.0,1.0,0.0,0.0,A_geometry,42.0,1.0,8,0.9,oracle_visibility,1
0.9816601646600799,0.9950885495321039,0.968861896186004,0.9180671655934239,0.09744520030234316,0.0,0.0012746972594008922,1.0,1.3333333333333333,4.0,1.0,1.0,0.0,0.0,A_geometry,42.0,1.0,8,0.9,oracle_visibility,2
0.834715515079394,0.9929175723019951,0.7201938086331902,0.15867108042029232,0.0517711503347535,0.0,0.001981992977210259,0.9444444444444443,14.333333333333334,4.0,0.8554079558422506,0.9950455496791113,0.0,0.0,A_geometry,42.0,1.0,8,0.98,ttl_short,0
0.8403284909242487,0.9868312334540668,0.7318991163551933,0.14955941037802248,0.04745008852764956,0.0,0.0018887738284497468,0.9333333333333332,13.666666666666666,7.0,0.7533159037443392,0.991119677209115,0.0,0.0,A_geometry,42.0,1.0,8,0.98,ttl_short,1
0.8322020261172925,0.9921691505690547,0.7167951276879708,0.14521677301269023,0.036163099912921715,0.0,0.0014546887312844759,0.9249999999999999,13.0,4.0,0.7672873573952156,0.9972769688013682,0.0,0.0,A_geometry,42.0,1.0,8,0.98,ttl_short,2
0.8817022222818603,0.9832159151146649,0.7994621089536816,0.3980251748143784,0.138056400892676,0.0,0.001981992977210259,0.9444444444444443,13.666666666666666,10.666666666666666,0.8554079558422506,0.9950455496791113,0.0,0.0,A_geometry,42.0,1.0,8,0.98,ttl_medium,0
0.8828295994345704,0.9688068143764346,0.8108866157003106,0.3984591779214251,0.12653356940706548,0.0,0.0018887738284497468,0.9333333333333332,13.666666666666666,18.666666666666668,0.7533159037443392,0.991119677209115,0.0,0.0,A_geometry,42.0,1.0,8,0.98,ttl_medium,1
0.8787476194752161,0.9809952505506576,0.7958110604826839,0.38389863392183043,0.09864243861988836,0.0,0.0014546887312844759,0.9249999999999999,13.0,11.0,0.7672873573952156,0.9972769688013682,0.0,0.0,A_geometry,42.0,1.0,8,0.98,ttl_medium,2
0.9501225958978629,0.9489843555967346,0.9516148402976875,0.8542552039412629,0.517711503347535,0.0,0.0006788866259334691,1.0,3.0,40.0,0.8554079558422506,0.9950455496791113,0.0,0.0,A_geometry,42.0,1.0,8,0.98,long_memory,0
0.9279986226349499,0.8983435206448901,0.9599883046549543,0.8719481879981491,0.5040801697689802,0.0,0.0006587615283267456,1.0,4.0,77.33333333333333,0.7533159037443392,0.991119677209115,0.0,0.0,A_geometry,42.0,1.0,8,0.98,long_memory,1
0.9376341646879222,0.9212543280509565,0.9546882407252513,0.8671823719774658,0.47002052809390715,0.0,0.0006666666666666666,0.9583333333333334,3.6666666666666665,58.333333333333336,0.7672873573952156,0.9972769688013682,0.0,0.0,A_geometry,42.0,1.0,8,0.98,long_memory,2
0.9747053147353216,0.9889041009165777,0.9609227754532285,0.8827898791554577,0.14510448366808684,0.0,0.0006788866259334691,1.0,1.3333333333333333,8.666666666666666,0.8554079558422506,0.9950455496791113,0.0,0.0,A_geometry,42.0,1.0,8,0.98,certificate,0
0.9547652288057935,0.9405471179391963,0.9702653381407225,0.9058188733410409,0.23257764976068082,0.0,0.0006587615283267456,1.0,3.0,43.333333333333336,0.7533159037443392,0.991119677209115,0.0,0.0,A_geometry,42.0,1.0,8,0.98,certificate,1
0.9556717576207454,0.9486736759401918,0.962973986026666,0.8918227858663017,0.22096860758879133,0.0,0.0,1.0,2.6666666666666665,36.666666666666664,0.7672873573952156,0.9972769688013682,0.0,0.0,A_geometry,42.0,1.0,8,0.98,certificate,2
0.9742428526490516,0.9892885092400451,0.9596597924868804,0.8802453498933711,0.13843781700142016,0.0,0.0013577732518669382,0.9722222222222222,2.3333333333333335,8.333333333333334,0.8554079558422506,0.9950455496791113,0.0,0.0,A_geometry,42.0,1.0,8,0.98,visibility_weighted,0
0.956784939351699,0.9451555465756138,0.96941391200194,0.9058188733410409,0.21424413445697224,0.0,0.0018887738284497468,0.9333333333333332,3.6666666666666665,39.666666666666664,0.7533159037443392,0.991119677209115,0.0,0.0,A_geometry,42.0,1.0,8,0.98,visibility_weighted,1
0.9538029885422538,0.9542485454572397,0.953371791239286,0.8627107043524734,0.19554701435444297,0.0,0.0006666666666666666,0.9583333333333334,3.0,32.0,0.7672873573952156,0.9972769688013682,0.0,0.0,A_geometry,42.0,1.0,8,0.98,visibility_weighted,2
0.8903895607585929,0.981519265824641,0.8150399069488143,0.44504129283849475,0.1553134510042605,0.0,0.001981992977210259,0.9444444444444443,13.666666666666666,12.0,0.8554079558422506,0.9950455496791113,0.0,0.0,A_geometry,42.0,1.0,8,0.98,hazard_filter,0
0.8907831103998088,0.9656716977715698,0.8266841155693339,0.4482391314301056,0.14235026558294867,0.0,0.0018887738284497468,0.9333333333333332,13.0,21.0,0.7533159037443392,0.991119677209115,0.0,0.0,A_geometry,42.0,1.0,8,0.98,hazard_filter,1
0.8871080052809597,0.9786236293708986,0.8112484491449644,0.4304705228431054,0.11290431077629272,0.0,0.0014546887312844759,0.9249999999999999,13.0,12.666666666666666,0.7672873573952156,0.9972769688013682,0.0,0.0,A_geometry,42.0,1.0,8,0.98,hazard_filter,2
0.9774805299556458,0.9946649586489146,0.9609227754532285,0.8827898791554577,0.0517711503347535,0.0,0.0006788866259334691,1.0,1.3333333333333333,4.0,1.0,1.0,0.0,0.0,A_geometry,42.0,1.0,8,0.98,oracle_visibility,0
0.9785587692575813,0.987006222943723,0.9702653381407225,0.9058188733410409,0.05683975988915191,0.0,0.0006587615283267456,1.0,3.0,9.0,1.0,1.0,0.0,0.0,A_geometry,42.0,1.0,8,0.98,oracle_visibility,1
0.9753216420829838,0.988205229603563,0.962973986026666,0.8918227858663017,0.05854055311682869,0.0,0.0,1.0,2.6666666666666665,8.0,1.0,1.0,0.0,0.0,A_geometry,42.0,1.0,8,0.98,oracle_visibility,2
0.8418850384780757,0.9924328506687692,0.7310687697499955,0.16489352777627456,0.046673421535585256,0.0,0.004699432777727292,0.8797446514837818,31.0,8.666666666666666,0.8482372547032796,0.9931470859964701,0.0,0.0,A_geometry,42.0,1.0,16,0.9,ttl_short,0
0.819031207363394,0.9900074329204935,0.6986541299128515,0.15674799092427036,0.040700533889804116,0.0,0.0058078283492648125,0.8939393939393939,30.666666666666668,10.333333333333334,0.7812244374759966,0.9952846230832307,0.0,0.0,A_geometry,42.0,1.0,16,0.9,ttl_short,1
0.8095530632655894,0.9928890067108375,0.6836148277798175,0.1426480091139997,0.02619047619047619,0.0,0.004033814620438364,0.844541910331384,29.666666666666668,7.333333333333333,0.8440207846073968,0.992564479680263,0.0,0.0,A_geometry,42.0,1.0,16,0.9,ttl_short,2
0.8905227055025143,0.9793845260857742,0.8164873373025155,0.4323859162527028,0.14052169369586623,0.0,0.004394182472476987,0.8801551605149806,30.0,26.666666666666668,0.8482372547032796,0.9931470859964701,0.0,0.0,A_geometry,42.0,1.0,16,0.9,ttl_medium,0
0.8711354037820068,0.9732422708514935,0.7887976365895963,0.4124279054064568,0.11910316606547022,0.0,0.0058078283492648125,0.8939393939393939,30.333333333333332,31.666666666666668,0.7812244374759966,0.9952846230832307,0.0,0.0,A_geometry,42.0,1.0,16,0.9,ttl_medium,1
0.8605485745544672,0.9804118428189154,0.7674407676361147,0.3723187938891379,0.09464285714285714,0.0,0.004033814620438364,0.844541910331384,28.0,23.333333333333332,0.8440207846073968,0.992564479680263,0.0,0.0,A_geometry,42.0,1.0,16,0.9,ttl_medium,2
0.9497502796679749,0.9359169102398227,0.9641517153917749,0.8911540501955231,0.5265514319738673,0.0,0.0021735970829362835,0.9841269841269842,4.666666666666667,102.33333333333333,0.8482372547032796,0.9931470859964701,0.0,0.0,A_geometry,42.0,1.0,16,0.9,long_memory,0
0.9351303886806356,0.909270824329386,0.9628720596408482,0.9017044470799437,0.51025541975917,0.0,0.0035882787737562794,0.9848484848484849,8.666666666666666,139.66666666666666,0.7812244374759966,0.9952846230832307,0.0,0.0,A_geometry,42.0,1.0,16,0.9,long_memory,1
0.9372622327760972,0.9356869260823374,0.940567279333111,0.8422707492903033,0.4716931216931217,0.0,0.0013807749946975533,0.9675925925925926,8.666666666666666,99.33333333333333,0.8440207846073968,0.992564479680263,0.0,0.0,A_geometry,42.0,1.0,16,0.9,long_memory,2
0.971681080677957,0.9796862593993741,0.9639526117381007,0.8912010809243668,0.14766000838848403,0.0,0.002154908288737285,1.0,4.333333333333333,31.0,0.8482372547032796,0.9931470859964701,0.0,0.0,A_geometry,42.0,1.0,16,0.9,certificate,0
0.9647409573148312,0.9583300464573415,0.9715902925138592,0.925747773663011,0.21529710377427794,0.0,0.003210349824398759,1.0,5.333333333333333,61.333333333333336,0.7812244374759966,0.9952846230832307,0.0,0.0,A_geometry,42.0,1.0,16,0.9,certificate,1
0.9608625830565115,0.9658244113072865,0.9565742295191623,0.8841254855819513,0.2757275132275132,0.0,0.0007099751508697197,1.0,4.666666666666667,51.666666666666664,0.8440207846073968,0.992564479680263,0.0,0.0,A_geometry,42.0,1.0,16,0.9,certificate,2
0.9719780172659126,0.9813847124883804,0.9628845866296332,0.8898619330803149,0.13600818363389908,0.0,0.003093887036683486,0.9577294685990339,6.333333333333333,28.333333333333332,0.8482372547032796,0.9931470859964701,0.0,0.0,A_geometry,42.0,1.0,16,0.9,visibility_weighted,0
0.9667212435375129,0.96310036998356,0.9706597101780844,0.9244128873942575,0.19134522967685383,0.0,0.0039566028989864825,0.9696969696969697,6.666666666666667,54.0,0.7812244374759966,0.9952846230832307,0.0,0.0,A_geometry,42.0,1.0,16,0.9,visibility_weighted,1
0.9622904309014996,0.9698264214390168,0.9554552117286667,0.8827509151352159,0.23591269841269843,0.0,0.001735762570132413,0.9685672514619883,6.333333333333333,45.333333333333336,0.8440207846073968,0.992564479680263,0.0,0.0,A_geometry,42.0,1.0,16,0.9,visibility_weighted,2
0.8992052171160623,0.9768143263955996,0.8330607672350708,0.4844049124074408,0.16093442785547174,0.0,0.004394182472476987,0.8801551605149806,30.0,30.666666666666668,0.8482372547032796,0.9931470859964701,0.0,0.0,A_geometry,42.0,1.0,16,0.9,hazard_filter,0
0.8804926662116493,0.970067205319659,0.8064859537771213,0.4625624576877296,0.13581197013556487,0.0,0.0058078283492648125,0.8939393939393939,29.666666666666668,36.333333333333336,0.7812244374759966,0.9952846230832307,0.0,0.0,A_geometry,42.0,1.0,16,0.9,hazard_filter,1
0.8694052640810037,0.9779183597181794,0.7833460154726771,0.41598302330793363,0.11157407407407406,0.0,0.004033814620438364,0.844541910331384,27.666666666666668,27.0,0.8440207846073968,0.992564479680263,0.0,0.0,A_geometry,42.0,1.0,16,0.9,hazard_filter,2
0.9775427100061584,0.9915614012683037,0.9639526117381007,0.8912010809243668,0.06415115866746272,0.0,0.002154908288737285,1.0,5.0,12.666666666666666,1.0,1.0,0.0,0.0,A_geometry,42.0,1.0,16,0.9,oracle_visibility,0
0.9803300286891211,0.9892570192799615,0.9715902925138592,0.925747773663011,0.05757303531629702,0.0,0.003210349824398759,1.0,5.666666666666667,15.333333333333334,1.0,1.0,0.0,0.0,A_geometry,42.0,1.0,16,0.9,oracle_visibility,1
0.9732528680505088,0.9908900356066767,0.9565742295191623,0.8841254855819513,0.06825396825396825,0.0,0.0007099751508697197,1.0,4.666666666666667,13.333333333333334,1.0,1.0,0.0,0.0,A_geometry,42.0,1.0,16,0.9,oracle_visibility,2
0.8245730237325434,0.9904214116380877,0.7064713365060727,0.1617412451892497,0.05848733984493945,0.0,0.0003436426116838488,1.0,32.333333333333336,10.666666666666666,0.8577607555755341,0.9970296931027369,0.0,0.0,A_geometry,42.0,1.0,16,0.98,ttl_short,0
0.8164130167318825,0.9878193848716159,0.6959431142087965,0.15708981572765157,0.03305042687378886,0.0,0.0,1.0,30.333333333333332,12.0,0.768304127056913,0.9928250510257538,0.0,0.0,A_geometry,42.0,1.0,16,0.98,ttl_short,1
0.8291719831150394,0.9943579331006838,0.7117478327145363,0.15025103066192583,0.030248084897041255,0.0,0.0009413262438264713,0.9665032679738562,28.333333333333332,6.333333333333333,0.851256214860813,0.9930060075759514,0.0,0.0,A_geometry,42.0,1.0,16,0.98,ttl_short,2
0.8766196949982114,0.9771471489573575,0.7949430327878065,0.4148465680185354,0.15856229358442833,0.0,0.0003436426116838488,1.0,31.0,29.0,0.8577607555755341,0.9970296931027369,0.0,0.0,A_geometry,42.0,1.0,16,0.98,ttl_medium,0
0.8686805661823529,0.9701387741464421,0.7870257444658267,0.41080941541607946,0.09377690320411684,0.0,0.0,1.0,29.333333333333332,34.0,0.768304127056913,0.9928250510257538,0.0,0.0,A_geometry,42.0,1.0,16,0.98,ttl_medium,1
0.8757191483810276,0.9848778058123617,0.7895644190430994,0.38425943689833647,0.09818153067678685,0.0,0.0009413262438264713,0.9665032679738562,25.0,19.0,0.851256214860813,0.9930060075759514,0.0,0.0,A_geometry,42.0,1.0,16,0.98,ttl_medium,2
0.9497301211994141,0.9398121691620865,0.9599168229635513,0.8863879068539285,0.5373136892074423,0.0,0.0003436426116838488,1.0,6.0,96.66666666666667,0.8577607555755341,0.9970296931027369,0.0,0.0,A_geometry,42.0,1.0,16,0.98,long_memory,0
0.9190203662587398,0.8909212038584821,0.949376101250277,0.8609589205320484,0.4555573857345944,0.0,0.0,1.0,9.666666666666666,162.66666666666666,0.768304127056913,0.9928250510257538,0.0,0.0,A_geometry,42.0,1.0,16,0.98,long_memory,1
0.9423526206427741,0.9490227231997257,0.9367564183071732,0.8184521525592817,0.4665928737086233,0.0,0.00030111412225233364,1.0,6.666666666666667,78.66666666666667,0.851256214860813,0.9930060075759514,0.0,0.0,A_geometry,42.0,1.0,16,0.98,long_memory,2
0.9756141157469645,0.9839592199810366,0.9674411774991238,0.9075264353409027,0.1247683070604861,0.0,0.0003436426116838488,1.0,3.6666666666666665,24.666666666666668,0.8577607555755341,0.9970296931027369,0.0,0.0,A_geometry,42.0,1.0,16,0.98,certificate,0
0.9588975692745659,0.9571398853134401,0.9615042870035496,0.8943828427571999,0.16489984735345734,0.0,0.0,1.0,6.0,61.0,0.768304127056913,0.9928250510257538,0.0,0.0,A_geometry,42.0,1.0,16,0.98,certificate,1
0.9564390966260966,0.9666418644645439,0.9468445629351341,0.8466610870232523,0.3096247100990934,0.0,0.00030111412225233364,1.0,3.3333333333333335,50.666666666666664,0.851256214860813,0.9930060075759514,0.0,0.0,A_geometry,42.0,1.0,16,0.98,certificate,2
0.9758129254076575,0.9850144541088967,0.96680800242077,0.9057135358510471,0.11689113750107355,0.0,0.0003436426116838488,1.0,4.666666666666667,23.0,0.8577607555755341,0.9970296931027369,0.0,0.0,A_geometry,42.0,1.0,16,0.98,visibility_weighted,0
0.9609054931074968,0.9620699346839433,0.9605607347663755,0.891773754525515,0.1443163544825605,0.0,0.0,1.0,7.333333333333333,53.666666666666664,0.768304127056913,0.9928250510257538,0.0,0.0,A_geometry,42.0,1.0,16,0.98,visibility_weighted,1
0.9615654643929569,0.9777097201408321,0.946199941659061,0.8446146848540659,0.21299283154121865,0.0,0.00030111412225233364,1.0,4.666666666666667,33.333333333333336,0.851256214860813,0.9930060075759514,0.0,0.0,A_geometry,42.0,1.0,16,0.98,visibility_weighted,2
0.8860890074921596,0.9748621408040089,0.8122172986175342,0.4642272715278935,0.1785772843323261,0.0,0.0003436426116838488,1.0,30.666666666666668,32.666666666666664,0.8577607555755341,0.9970296931027369,0.0,0.0,A_geometry,42.0,1.0,16,0.98,hazard_filter,0
0.8772075556263513,0.9660540330795767,0.8040186920771785,0.4581615381177296,0.10957486256346836,0.0,0.0,1.0,28.666666666666668,39.666666666666664,0.768304127056913,0.9928250510257538,0.0,0.0,A_geometry,42.0,1.0,16,0.98,hazard_filter,1
0.8835493769977916,0.9830900276048989,0.8036530468850226,0.42667742360098576,0.1136200716845878,0.0,0.0009413262438264713,0.9665032679738562,24.666666666666668,21.666666666666668,0.851256214860813,0.9930060075759514,0.0,0.0,A_geometry,42.0,1.0,16,0.98,hazard_filter,2
0.9799500907524155,0.9927874413060335,0.9674411774991238,0.9075264353409027,0.060044972243693345,0.0,0.0003436426116838488,1.0,3.6666666666666665,11.0,1.0,1.0,0.0,0.0,A_geometry,42.0,1.0,16,0.98,oracle_visibility,0
0.9735229506268751,0.9860697293253474,0.9615042870035496,0.8943828427571999,0.053273681971300425,0.0,0.0,1.0,6.333333333333333,19.0,1.0,1.0,0.0,0.0,A_geometry,42.0,1.0,16,0.98,oracle_visibility,1
0.9691801105477773,0.9928991409387331,0.9468445629351341,0.8466610870232523,0.07201841310000702,0.0,0.00030111412225233364,1.0,3.6666666666666665,10.666666666666666,1.0,1.0,0.0,0.0,A_geometry,42.0,1.0,16,0.98,oracle_visibility,2
0.6772150376992787,0.9924971632258132,0.5143310507388802,0.044814804790174245,0.04066173764316179,0.0,0.0036090329731227485,1.0,6.666666666666667,3.0,0.8506349446387335,0.9990740740740741,0.0,0.0,A_geometry,60.0,0.5,8,0.9,ttl_short,0
0.6944878350292893,0.9874760080509977,0.535840228325298,0.029796534168118866,0.03782215395118621,0.0,0.0008795074758135443,1.0,5.333333333333333,5.0,0.8558791525537238,0.9953731521126784,0.0,0.0,A_geometry,60.0,0.5,8,0.9,ttl_short,1
0.6893963983573634,0.995249406175772,0.528219688004551,0.039450275131389684,0.012820512820512822,0.0,0.0041671112698346375,0.6666666666666666,6.0,2.0,0.924640977897423,0.9982172575051832,0.0,0.0,A_geometry,60.0,0.5,8,0.9,ttl_short,2
0.7057246395891893,0.9815406544424755,0.5517802378064701,0.11950614610713133,0.10843130038176478,0.0,0.0036090329731227485,1.0,6.666666666666667,8.0,0.8506349446387335,0.9990740740740741,0.0,0.0,A_geometry,60.0,0.5,8,0.9,ttl_medium,0
0.7078276446485375,0.9688502268713305,0.5583831012026668,0.07743722242811496,0.10085907720316323,0.0,0.0008795074758135443,1.0,5.0,13.333333333333334,0.8558791525537238,0.9953731521126784,0.0,0.0,A_geometry,60.0,0.5,8,0.9,ttl_medium,1
0.715598750904586,0.9883040935672515,0.5619628695412858,0.10803520080388723,0.034188034188034185,0.0,0.0041671112698346375,0.6666666666666666,6.0,5.333333333333333,0.924640977897423,0.9982172575051832,0.0,0.0,A_geometry,60.0,0.5,8,0.9,ttl_medium,2
0.8024419149010797,0.9582054200099263,0.6951524024382283,0.4047565917024045,0.2657144197391876,0.0,0.0036090329731227485,1.0,4.333333333333333,23.666666666666668,0.8506349446387335,0.9990740740740741,0.0,0.0,A_geometry,60.0,0.5,8,0.9,long_memory,0
0.7441201937362204,0.8994845871095349,0.6396393169630055,0.2489807871410786,0.40510325994196966,0.0,0.0008795074758135443,1.0,4.333333333333333,55.0,0.8558791525537238,0.9953731521126784,0.0,0.0,A_geometry,60.0,0.5,8,0.9,long_memory,1
0.8102767405153348,0.9681742043551088,0.7006267359052082,0.38972919656245614,0.12179487179487179,0.0,0.0041671112698346375,0.6666666666666666,4.333333333333333,19.0,0.924640977897423,0.9982172575051832,0.0,0.0,A_geometry,60.0,0.5,8,0.9,long_memory,2
0.8391498386258537,0.915722363045946,0.7947986885530415,0.6037355820607052,0.5452389457807415,0.0,0.0036090329731227485,1.0,2.6666666666666665,61.333333333333336,0.8506349446387335,0.9990740740740741,0.0,0.0,A_geometry,60.0,0.5,8,0.9,certificate,0
0.7927426489348243,0.9152494324512102,0.703477419184868,0.38367892648402674,0.28967400580303804,0.0,0.0008795074758135443,1.0,1.0,44.666666666666664,0.8558791525537238,0.9953731521126784,0.0,0.0,A_geometry,60.0,0.5,8,0.9,certificate,1
0.8484227919940507,0.980636797907429,0.7507954063332742,0.49193342581224053,0.18257274640253365,0.0,0.0033102132407001037,1.0,1.3333333333333333,11.666666666666666,0.924640977897423,0.9982172575051832,0.0,0.0,A_geometry,60.0,0.5,8,0.9,certificate,2
0.8514002035239817,0.9404309607538988,0.7947986885530415,0.6037355820607052,0.3828851746808404,0.0,0.0036090329731227485,1.0,3.0,41.0,0.8506349446387335,0.9990740740740741,0.0,0.0,A_geometry,60.0,0.5,8,0.9,visibility_weighted,0
0.7818893446186181,0.9149775027819297,0.6861216592489439,0.3472253982272197,0.28967400580303804,0.0,0.0008795074758135443,1.0,1.6666666666666667,44.666666666666664,0.8558791525537238,0.9953731521126784,0.0,0.0,A_geometry,60.0,0.5,8,0.9,visibility_weighted,1
0.8488134504119142,0.9834973471631012,0.7495346810486853,0.4901506833174237,0.14001955491317195,0.0,0.0041671112698346375,0.6666666666666666,2.0,9.666666666666666,0.924640977897423,0.9982172575051832,0.0,0.0,A_geometry,60.0,0.5,8,0.9,visibility_weighted,2
0.7112144252338246,0.9795473116936179,0.5592700752199882,0.13444441437052276,0.12198521292948539,0.0,0.0036090329731227485,1.0,6.666666666666667,9.0,0.8506349446387335,0.9990740740740741,0.0,0.0,A_geometry,60.0,0.5,8,0.9,hazard_filter,0
0.7103491197829667,0.9654149566346629,0.5628093712513916,0.08679219990695401,0.11346646185355863,0.0,0.0008795074758135443,1.0,5.0,15.0,0.8558791525537238,0.9953731521126784,0.0,0.0,A_geometry,60.0,0.5,8,0.9,hazard_filter,1
0.7206711188040392,0.9870410367170627,0.5687115058486327,0.12175218593838673,0.038461538461538464,0.0,0.0041671112698346375,0.6666666666666666,6.0,6.0,0.924640977897423,0.9982172575051832,0.0,0.0,A_geometry,60.0,0.5,8,0.9,hazard_filter,2
0.871726250927594,0.9856783942708846,0.7947986885530415,0.6037355820607052,0.10266243044880814,0.0,0.0036090329731227485,1.0,3.0,9.0,1.0,1.0,0.0,0.0,A_geometry,60.0,0.5,8,0.9,oracle_visibility,0
0.8167677423932965,0.988369833416856,0.703477419184868,0.38367892648402674,0.04319849803720771,0.0,0.0008795074758135443,1.0,2.0,6.0,1.0,1.0,0.0,0.0,A_geometry,60.0,0.5,8,0.9,oracle_visibility,1
0.8523251616751791,0.9917197335180035,0.7507954063332742,0.49193342581224053,0.06836071729688752,0.0,0.0033102132407001037,1.0,1.6666666666666667,5.0,1.0,1.0,0.0,0.0,A_geometry,60.0,0.5,8,0.9,oracle_visibility,2
0.7116533658417682,0.9907712418300654,0.5565159549538692,0.057434948915395835,0.038882522706052115,0.0,0.0,1.0,8.0,4.0,0.8402256610720688,0.997072072072072,0.0,0.0,A_geometry,60.0,0.5,8,0.98,ttl_short,0
0.7278703406952256,0.9860426658282764,0.5773752186930121,0.05206626798666599,0.033473368780100085,0.0,0.0,1.0,7.333333333333333,5.666666666666667,0.7774918442444362,0.996981143664394,0.0,0.0,A_geometry,60.0,0.5,8,0.98,ttl_short,1
0.6625262451270783,0.9897578475336323,0.4980563833808844,0.04646542737208326,0.06079854809437387,0.0,0.0,1.0,8.0,4.0,0.942248301694661,0.9992082343626286,0.0,0.0,A_geometry,60.0,0.5,8,0.98,ttl_short,2
0.7407444619992832,0.9773880355372068,0.5978003505798468,0.1461528567673819,0.10368672721613899,0.0,0.0,1.0,7.333333333333333,10.666666666666666,0.8402256610720688,0.997072072072072,0.0,0.0,A_geometry,60.0,0.5,8,0.98,ttl_medium,0
0.7506229825628852,0.9646586164503455,0.6146238367570561,0.1355266317123697,0.09224917457250108,0.0,0.0,1.0,7.333333333333333,15.666666666666666,0.7774918442444362,0.996981143664394,0.0,0.0,A_geometry,60.0,0.5,8,0.98,ttl_medium,1
0.6944147448335033,0.9755742296918767,0.5390858223737317,0.12390780632555536,0.16212946158499697,0.0,0.0,1.0,8.0,10.666666666666666,0.942248301694661,0.9992082343626286,0.0,0.0,A_geometry,60.0,0.5,8,0.98,ttl_medium,2
0.8280154174282189,0.9350294513580518,0.7438611415588879,0.45563077043523964,0.3844962227315169,0.0,0.0,1.0,5.0,39.666666666666664,0.8402256610720688,0.997072072072072,0.0,0.0,A_geometry,60.0,0.5,8,0.98,long_memory,0
0.816798657200283,0.8867325304511381,0.7573919762111586,0.4560611644359572,0.40299696574169813,0.0,0.0,1.0,6.666666666666667,68.0,0.7774918442444362,0.996981143664394,0.0,0.0,A_geometry,60.0,0.5,8,0.98,long_memory,1
0.8116115308240966,0.9416218540507497,0.714413273109927,0.4548945139610729,0.5701754385964912,0.0,0.0,1.0,6.333333333333333,36.666666666666664,0.942248301694661,0.9992082343626286,0.0,0.0,A_geometry,60.0,0.5,8,0.98,long_memory,2
0.8891184809727298,0.9623535753460418,0.828153334366326,0.6334479731127775,0.18975398240104124,0.0,0.0,1.0,2.3333333333333335,25.333333333333332,0.8402256610720688,0.997072072072072,0.0,0.0,A_geometry,60.0,0.5,8,0.98,certificate,0
0.8744995150827691,0.9382958601771739,0.8195627187497768,0.5935881758435656,0.21867472035288552,0.0,0.0,1.0,2.3333333333333335,37.0,0.7774918442444362,0.996981143664394,0.0,0.0,A_geometry,60.0,0.5,8,0.98,certificate,1
0.9104218569322438,0.9860216597461496,0.8462032768361952,0.7063571379536407,0.18136592398089868,0.0,0.0,1.0,2.0,9.666666666666666,0.942248301694661,0.9992082343626286,0.0,0.0,A_geometry,60.0,0.5,8,0.98,certificate,2
0.8907943248111235,0.9666992152871859,0.8277053056924908,0.6325220471868516,0.1694925444925445,0.0,0.0,1.0,2.6666666666666665,22.333333333333332,0.8402256610720688,0.997072072072072,0.0,0.0,A_geometry,60.0,0.5,8,0.98,visibility_weighted,0
0.8755701854524046,0.9412837716943997,0.8190912430307763,0.5925931509679437,0.20531861595631873,0.0,0.0,1.0,2.6666666666666665,35.0,0.7774918442444362,0.996981143664394,0.0,0.0,A_geometry,60.0,0.5,8,0.98,visibility_weighted,1
0.9115862226422827,0.9888899499193616,0.8462032768361952,0.7063571379536407,0.138812732491537,0.0,0.0,1.0,2.0,7.666666666666667,0.942248301694661,0.9992082343626286,0.0,0.0,A_geometry,60.0,0.5,8,0.98,visibility_weighted,2
0.7461670925472691,0.9749560028598142,0.6058081637025516,0.1632958377371785,0.11664756811815635,0.0,0.0,1.0,7.0,12.0,0.8402256610720688,0.997072072072072,0.0,0.0,A_geometry,60.0,0.5,8,0.98,hazard_filter,0
0.7549960501681054,0.9608108643587192,0.622073560369865,0.15221870445751043,0.10400433573098126,0.0,0.0,1.0,7.333333333333333,17.666666666666668,0.7774918442444362,0.996981143664394,0.0,0.0,A_geometry,60.0,0.5,8,0.98,hazard_filter,1
0.7005435148184599,0.9730862784375448,0.5472917101723012,0.13939628211624977,0.1823956442831216,0.0,0.0,1.0,8.0,12.0,0.942248301694661,0.9992082343626286,0.0,0.0,A_geometry,60.0,0.5,8,0.98,hazard_filter,2
0.900950253641207,0.9888519134490085,0.828153334366326,0.6334479731127775,0.05914396061454885,0.0,0.0,1.0,2.3333333333333335,7.0,1.0,1.0,0.0,0.0,A_geometry,60.0,0.5,8,0.98,oracle_visibility,0
0.8931469835311935,0.985049445870505,0.8195627187497768,0.5935881758435656,0.052205817262688414,0.0,0.0,1.0,3.0,8.666666666666666,1.0,1.0,0.0,0.0,A_geometry,60.0,0.5,8,0.98,oracle_visibility,1
0.9125636052205041,0.9913191438191439,0.8462032768361952,0.7063571379536407,0.10335173958373556,0.0,0.0,1.0,2.0,6.0,1.0,1.0,0.0,0.0,A_geometry,60.0,0.5,8,0.98,oracle_visibility,2
0.718638245300648,0.9879596143160602,0.5651195981072941,0.046065212581864246,0.030992507372875473,0.0,0.0016926780617424354,0.8333333333333334,14.0,9.666666666666666,0.786347916451141,0.9943877504633581,0.0,0.0,A_geometry,60.0,0.5,16,0.9,ttl_short,0
0.6835562548473485,0.9895816758263055,0.5229058657275111,0.039112620787942524,0.019862040418056583,0.0,0.003312198636259009,1.0,12.0,7.666666666666667,0.8156084020063226,0.9958575942136324,0.0,0.0,A_geometry,60.0,0.5,16,0.9,ttl_short,1
0.7095531811222653,0.9896228230942398,0.5531435493578284,0.04956953949232129,0.022290957336274553,0.0,0.0029884771313128853,0.9333333333333332,14.666666666666666,8.0,0.7626662729836194,0.9960576111078758,0.0,0.0,A_geometry,60.0,0.5,16,0.9,ttl_short,2
0.7410646348198848,0.9686027787179441,0.6004873674226295,0.12412323483430594,0.09308019676117836,0.0,0.0016926780617424354,0.8333333333333334,14.0,27.666666666666668,0.786347916451141,0.9943877504633581,0.0,0.0,A_geometry,60.0,0.5,16,0.9,ttl_medium,0
0.7051445595882057,0.9709678337391371,0.554506170012997,0.10298892048252857,0.06052125295111377,0.0,0.003312198636259009,1.0,11.666666666666666,23.333333333333332,0.8156084020063226,0.9958575942136324,0.0,0.0,A_geometry,60.0,0.5,16,0.9,ttl_medium,1
0.737436902102195,0.9736206751467292,0.5935196707804992,0.13577328892272314,0.06360915990407741,0.0,0.0029884771313128853,0.9333333333333332,14.333333333333334,22.333333333333332,0.7626662729836194,0.9960576111078758,0.0,0.0,A_geometry,60.0,0.5,16,0.9,ttl_medium,2
0.8118129918832819,0.9042936887665777,0.7371746589081888,0.42569616268986205,0.3661007869596827,0.0,0.0016926780617424354,0.8333333333333334,12.0,112.66666666666667,0.786347916451141,0.9943877504633581,0.0,0.0,A_geometry,60.0,0.5,16,0.9,long_memory,0
0.7648115271347994,0.900634445685563,0.6656937509014708,0.3270944439663039,0.2714751969096878,0.0,0.003312198636259009,1.0,9.666666666666666,103.0,0.8156084020063226,0.9958575942136324,0.0,0.0,A_geometry,60.0,0.5,16,0.9,long_memory,1
0.8122740036928136,0.9129625872934358,0.7319210741044012,0.4313329123440337,0.2915023510065582,0.0,0.0029884771313128853,0.9333333333333332,11.0,99.33333333333333,0.7626662729836194,0.9960576111078758,0.0,0.0,A_geometry,60.0,0.5,16,0.9,long_memory,2
0.8710595778476488,0.9214186852795313,0.8276497742766328,0.6235829643570417,0.4900962548201812,0.0,0.0007984429414372446,1.0,4.0,107.0,0.786347916451141,0.9943877504633581,0.0,0.0,A_geometry,60.0,0.5,16,0.9,certificate,0
0.8132174312529604,0.929042828293825,0.723583312211444,0.4421471788741414,0.20347592449793575,0.0,0.003312198636259009,1.0,5.333333333333333,76.0,0.8156084020063226,0.9958575942136324,0.0,0.0,A_geometry,60.0,0.5,16,0.9,certificate,1
0.8768335848069908,0.9209391453146986,0.8433492611125185,0.6680656700325488,0.4057330322513619,0.0,0.002533724971240125,1.0,4.666666666666667,109.0,0.7626662729836194,0.9960576111078758,0.0,0.0,A_geometry,60.0,0.5,16,0.9,certificate,2
0.8723750416990993,0.9247396152589623,0.8274064652741996,0.6230320001697139,0.4683475830715094,0.0,0.0007984429414372446,1.0,4.666666666666667,102.33333333333333,0.786347916451141,0.9943877504633581,0.0,0.0,A_geometry,60.0,0.5,16,0.9,visibility_weighted,0
0.8148908660932327,0.9350754135460378,0.7226168830202403,0.44027328029840945,0.18473007627215507,0.0,0.003312198636259009,1.0,6.666666666666667,69.0,0.8156084020063226,0.9958575942136324,0.0,0.0,A_geometry,60.0,0.5,16,0.9,visibility_weighted,1
0.8786189334471853,0.9252095529610399,0.842892872181328,0.6670710588684461,0.38068791023359255,0.0,0.002533724971240125,1.0,5.333333333333333,102.33333333333333,0.7626662729836194,0.9960576111078758,0.0,0.0,A_geometry,60.0,0.5,16,0.9,visibility_weighted,2
0.7450483174536542,0.9646667351088115,0.6072762557902943,0.13908767500126637,0.10680288594399023,0.0,0.0016926780617424354,0.8333333333333334,14.0,31.666666666666668,0.786347916451141,0.9943877504633581,0.0,0.0,A_geometry,60.0,0.5,16,0.9,hazard_filter,0
0.7087279205237688,0.9669598283778335,0.5602949861826293,0.11461635225223643,0.07009065161226248,0.0,0.003312198636259009,1.0,11.333333333333334,27.0,0.8156084020063226,0.9958575942136324,0.0,0.0,A_geometry,60.0,0.5,16,0.9,hazard_filter,1
0.7422502551176544,0.9702342881611973,0.6010639762257722,0.15186239410415023,0.07362630719255052,0.0,0.0029884771313128853,0.9333333333333332,14.333333333333334,25.666666666666668,0.7626662729836194,0.9960576111078758,0.0,0.0,A_geometry,60.0,0.5,16,0.9,hazard_filter,2
0.8995445802040488,0.9862928238609809,0.8276497742766328,0.6235829643570417,0.060273699844251995,0.0,0.0007984429414372446,1.0,5.666666666666667,16.333333333333332,1.0,1.0,0.0,0.0,A_geometry,60.0,0.5,16,0.9,oracle_visibility,0
0.833537645195503,0.9846530930859836,0.723583312211444,0.4421471788741414,0.0413033064335947,0.0,0.003312198636259009,1.0,5.666666666666667,15.666666666666666,1.0,1.0,0.0,0.0,A_geometry,60.0,0.5,16,0.9,oracle_visibility,1
0.9059837292865164,0.9849713836010613,0.8433492611125185,0.6680656700325488,0.06034208920049614,0.0,0.002533724971240125,1.0,6.0,18.0,1.0,1.0,0.0,0.0,A_geometry,60.0,0.5,16,0.9,oracle_visibility,2
0.7428079050569029,0.9935907112825563,0.5934552123603568,0.059584929776677065,0.022888772247190835,0.0,0.00038402457757296467,0.9583333333333334,15.333333333333334,5.666666666666667,0.7999972050337719,0.9946781927927749,0.0,0.0,A_geometry,60.0,0.5,16,0.98,ttl_short,0
0.7362105758256896,0.9888746629105284,0.5871439577968925,0.051149242385697034,0.04818021737627972,0.0,0.0,1.0,14.666666666666666,10.0,0.8045846721447883,0.9950555410580257,0.0,0.0,A_geometry,60.0,0.5,16,0.98,ttl_short,1
0.7224643854411171,0.9931960194399444,0.5677571692989298,0.053736015916027606,0.029126899964651818,0.0,0.0003935458480913026,1.0,14.666666666666666,6.0,0.8177016814510892,0.9953148304171098,0.0,0.0,A_geometry,60.0,0.5,16,0.98,ttl_short,2
0.7711364677438105,0.9820286952548921,0.6351944121221013,0.15589237363336908,0.07370445701467031,0.0,0.00038402457757296467,0.9583333333333334,15.0,17.333333333333332,0.7999972050337719,0.9946781927927749,0.0,0.0,A_geometry,60.0,0.5,16,0.98,ttl_medium,0
0.7590476048907352,0.9717819654706051,0.6237207446056807,0.13605171755822199,0.13027752486325087,0.0,0.0,1.0,14.666666666666666,27.333333333333332,0.8045846721447883,0.9950555410580257,0.0,0.0,A_geometry,60.0,0.5,16,0.98,ttl_medium,1
0.7501713873224656,0.9811686643902595,0.6072703686707445,0.14049496102096923,0.08727251473352703,0.0,0.0003935458480913026,1.0,14.333333333333334,18.0,0.8177016814510892,0.9953148304171098,0.0,0.0,A_geometry,60.0,0.5,16,0.98,ttl_medium,2
0.8494576220782699,0.931282889939887,0.7821150262510138,0.49475241875288506,0.3499575090957092,0.0,0.00038402457757296467,0.9583333333333334,11.333333333333334,87.0,0.7999972050337719,0.9946781927927749,0.0,0.0,A_geometry,60.0,0.5,16,0.98,long_memory,0
0.8308192038762988,0.9151392291698884,0.7630631260483837,0.4619561341962301,0.48267710777965084,0.0,0.0,1.0,10.666666666666666,104.33333333333333,0.8045846721447883,0.9950555410580257,0.0,0.0,A_geometry,60.0,0.5,16,0.98,long_memory,1
0.8388642290354132,0.9432540140363915,0.7554270694390685,0.46533763225756214,0.3436405572243098,0.0,0.0003935458480913026,1.0,12.0,71.0,0.8177016814510892,0.9953148304171098,0.0,0.0,A_geometry,60.0,0.5,16,0.98,long_memory,2
0.9011945238890725,0.9242474182568978,0.8793931408693371,0.7181739183137946,0.5581279476112144,0.0,0.0,1.0,3.3333333333333335,109.0,0.7999972050337719,0.9946781927927749,0.0,0.0,A_geometry,60.0,0.5,16,0.98,certificate,0
0.8877614051390973,0.9609541755450716,0.8269618569855721,0.6083232844311305,0.2106655308049894,0.0,0.0,1.0,4.0,45.666666666666664,0.8045846721447883,0.9950555410580257,0.0,0.0,A_geometry,60.0,0.5,16,0.98,certificate,1
0.9138298157320751,0.9312085767760787,0.8973636263156556,0.7756742117116168,0.4974829080662535,0.0,0.0003935458480913026,1.0,3.0,103.66666666666667,0.8177016814510892,0.9953148304171098,0.0,0.0,A_geometry,60.0,0.5,16,0.98,certificate,2
0.9025591800581187,0.9276130930858001,0.8789424143963057,0.7175700535794952,0.5304495756377151,0.0,0.00038402457757296467,0.9583333333333334,4.333333333333333,103.66666666666667,0.7999972050337719,0.9946781927927749,0.0,0.0,A_geometry,60.0,0.5,16,0.98,visibility_weighted,0
0.8887358230238416,0.963534173017727,0.8269618569855721,0.6083232844311305,0.20257927743571713,0.0,0.0,1.0,4.0,42.666666666666664,0.8045846721447883,0.9950555410580257,0.0,0.0,A_geometry,60.0,0.5,16,0.98,visibility_weighted,1
0.9144269047914966,0.9333074815159507,0.8965050708393942,0.7737918215299864,0.4801053409256532,0.0,0.0003935458480913026,1.0,4.0,100.0,0.8177016814510892,0.9953148304171098,0.0,0.0,A_geometry,60.0,0.5,16,0.98,visibility_weighted,2
0.7756675272043091,0.9788684856920487,0.6427270408503171,0.17316353719197874,0.08639923953778644,0.0,0.00038402457757296467,0.9583333333333334,15.0,20.666666666666668,0.7999972050337719,0.9946781927927749,0.0,0.0,A_geometry,60.0,0.5,16,0.98,hazard_filter,0
0.7629791170521796,0.9680464839713196,0.6306521326849809,0.15218024241168335,0.14813454251518238,0.0,0.0,1.0,14.666666666666666,31.333333333333332,0.8045846721447883,0.9950555410580257,0.0,0.0,A_geometry,60.0,0.5,16,0.98,hazard_filter,1
0.7551470041174704,0.9787087306041781,0.6147857727224265,0.15698519524936824,0.10017156617750668,0.0,0.0003935458480913026,1.0,14.333333333333334,20.666666666666668,0.8177016814510892,0.9953148304171098,0.0,0.0,A_geometry,60.0,0.5,16,0.98,hazard_filter,2
0.9314883916434072,0.9902407823569194,0.8793931408693371,0.7181739183137946,0.05760329429481501,0.0,0.0,1.0,4.333333333333333,12.666666666666666,1.0,1.0,0.0,0.0,A_geometry,60.0,0.5,16,0.98,oracle_visibility,0
0.898052027862156,0.9882591578147952,0.8269618569855721,0.6083232844311305,0.06725548173456294,0.0,0.0,1.0,4.666666666666667,14.0,1.0,1.0,0.0,0.0,A_geometry,60.0,0.5,16,0.98,oracle_visibility,1
0.9414279820535274,0.990052196195594,0.8973636263156556,0.7756742117116168,0.06741059786447855,0.0,0.0003935458480913026,1.0,4.666666666666667,14.0,1.0,1.0,0.0,0.0,A_geometry,60.0,0.5,16,0.98,oracle_visibility,2
0.6960361825367435,0.9929575938016509,0.5362516365441855,0.09381381701898787,0.03762853762853763,0.0,0.011904844428275376,0.9393939393939394,14.333333333333334,3.0,0.8798755993877946,0.9950630034468254,0.0,0.0,A_geometry,60.0,1.0,8,0.9,ttl_short,0
0.7382817427284438,0.9900114155251142,0.5886781594852991,0.09232852100093843,0.021786492374727667,0.0,0.006270904585846213,0.8888888888888888,12.0,4.0,0.8221056131107677,0.9980563654033041,0.0,0.0,A_geometry,60.0,1.0,8,0.9,ttl_short,1
0.7369689075195405,0.9901772930663971,0.5869490212646107,0.09407592076281379,0.03263756171364867,0.0,0.005650551335830524,0.8690476190476191,12.666666666666666,4.333333333333333,0.8478270904013477,0.9969325153374232,0.0,0.0,A_geometry,60.0,1.0,8,0.9,ttl_short,2
0.7595649009951514,0.9838482536446089,0.6197412883780455,0.2604817393597318,0.10034276700943368,0.0,0.011904844428275376,0.9393939393939394,14.0,8.0,0.8798755993877946,0.9950630034468254,0.0,0.0,A_geometry,60.0,1.0,8,0.9,ttl_medium,0
0.7856238681381892,0.9727923748798499,0.6589182521570371,0.2487534355912223,0.07189542483660132,0.0,0.006270904585846213,0.8888888888888888,12.0,12.666666666666666,0.8221056131107677,0.9980563654033041,0.0,0.0,A_geometry,60.0,1.0,8,0.9,ttl_medium,1
0.7861478817989122,0.9749161156351036,0.6586719351872561,0.25216906176014825,0.09669533365185538,0.0,0.005650551335830524,0.8690476190476191,12.333333333333334,12.666666666666666,0.8478270904013477,0.9969325153374232,0.0,0.0,A_geometry,60.0,1.0,8,0.9,ttl_medium,2
0.9068883027860574,0.9520024699737838,0.8673480240316848,0.7492228423856971,0.42622925956259294,0.0,0.009451529216709807,1.0,7.0,34.666666666666664,0.8798755993877946,0.9950630034468254,0.0,0.0,A_geometry,60.0,1.0,8,0.9,long_memory,0
0.9029865660633938,0.9197287517498304,0.8879683498051767,0.757308567020328,0.38483532636615553,0.0,0.005536690195244157,0.9259259259259259,5.666666666666667,56.0,0.8221056131107677,0.9980563654033041,0.0,0.0,A_geometry,60.0,1.0,8,0.9,long_memory,1
0.8990170576123261,0.9137301231579578,0.8851532924111766,0.7495732112465662,0.503197165153687,0.0,0.003166526009165603,0.9583333333333334,6.333333333333333,63.333333333333336,0.8478270904013477,0.9969325153374232,0.0,0.0,A_geometry,60.0,1.0,8,0.9,long_memory,2
0.9520841052551962,0.9767636467364991,0.9289964834641725,0.870600798190155,0.2175812175812176,0.0,0.009451529216709807,1.0,2.0,17.333333333333332,0.8798755993877946,0.9950630034468254,0.0,0.0,A_geometry,60.0,1.0,8,0.9,certificate,0
0.9222380730579428,0.9230120207429615,0.9235062829968962,0.8345202862686557,0.3369762898465946,0.0,0.0040682614140400445,1.0,3.3333333333333335,55.333333333333336,0.8221056131107677,0.9980563654033041,0.0,0.0,A_geometry,60.0,1.0,8,0.9,certificate,1
0.9414130980188152,0.946560573138448,0.9365412493683575,0.8616419127037228,0.351911132345915,0.0,0.0023205023205023208,1.0,3.0,40.0,0.8478270904013477,0.9969325153374232,0.0,0.0,A_geometry,60.0,1.0,8,0.9,certificate,2
0.9530627236885088,0.9810718632369967,0.9269554752164324,0.8689943724873439,0.1765856765856766,0.0,0.011904844428275376,0.9393939393939394,3.3333333333333335,14.0,0.8798755993877946,0.9950630034468254,0.0,0.0,A_geometry,60.0,1.0,8,0.9,visibility_weighted,0
0.9256635117417459,0.9304199051650744,0.9226698129007022,0.8335484689703079,0.3001848664499267,0.0,0.004802475804642101,0.9629629629629629,4.0,49.333333333333336,0.8221056131107677,0.9980563654033041,0.0,0.0,A_geometry,60.0,1.0,8,0.9,visibility_weighted,1
0.9440767224827266,0.9528457109517686,0.9356425565578999,0.8616419127037228,0.3085851648351648,0.0,0.003985526828166421,0.9583333333333334,3.6666666666666665,35.0,0.8478270904013477,0.9969325153374232,0.0,0.0,A_geometry,60.0,1.0,8,0.9,visibility_weighted,2
0.7711759694871886,0.9823139706234724,0.6360977761498537,0.2931135694419157,0.11288561288561288,0.0,0.011904844428275376,0.9393939393939394,14.0,9.0,0.8798755993877946,0.9950630034468254,0.0,0.0,A_geometry,60.0,1.0,8,0.9,hazard_filter,0
0.7941213718772895,0.9693662450700394,0.6726126013721982,0.2792765137473743,0.08403361344537814,0.0,0.006270904585846213,0.8888888888888888,12.0,14.666666666666666,0.8221056131107677,0.9980563654033041,0.0,0.0,A_geometry,60.0,1.0,8,0.9,hazard_filter,1
0.7952156115708687,0.9723097893556357,0.6727550800632884,0.283229030741738,0.10950688803949675,0.0,0.005650551335830524,0.8690476190476191,12.333333333333334,14.333333333333334,0.8478270904013477,0.9969325153374232,0.0,0.0,A_geometry,60.0,1.0,8,0.9,hazard_filter,2
0.9593332520301961,0.992326038225671,0.9289964834641725,0.870600798190155,0.07189007189007189,0.0,0.009451529216709807,1.0,2.0,5.666666666666667,1.0,1.0,0.0,0.0,A_geometry,60.0,1.0,8,0.9,oracle_visibility,0
0.9530679606194697,0.9846491376037957,0.9235062829968962,0.8345202862686557,0.0623127430356346,0.0,0.0040682614140400445,1.0,3.6666666666666665,10.0,1.0,1.0,0.0,0.0,A_geometry,60.0,1.0,8,0.9,oracle_visibility,1
0.9598036336101802,0.9846510447318408,0.9365412493683575,0.8616419127037228,0.09274964166268514,0.0,0.0023205023205023208,1.0,3.6666666666666665,11.0,1.0,1.0,0.0,0.0,A_geometry,60.0,1.0,8,0.9,oracle_visibility,2
0.6969120976173885,0.9911848794616386,0.537848358789257,0.09525257774297718,0.035389761376276245,0.0,0.0017106901750016384,1.0,14.0,3.6666666666666665,0.8705846916946137,0.9974764091969348,0.0,0.0,A_geometry,60.0,1.0,8,0.98,ttl_short,0
0.7713814587073243,0.9905862223934795,0.6326696360633092,0.10026385407964356,0.031232480071620994,0.0,0.0,1.0,11.333333333333334,4.333333333333333,0.819144231364129,1.0,0.0,0.0,A_geometry,60.0,1.0,8,0.98,ttl_short,1
0.737569387621923,0.9855412188386325,0.5894741507475666,0.10597695996620711,0.04255005943691987,0.0,0.0008438818565400844,0.9583333333333334,14.333333333333334,6.333333333333333,0.8434985832240982,0.9970255744996294,0.0,0.0,A_geometry,60.0,1.0,8,0.98,ttl_short,2
0.7577357195755566,0.9789527174109772,0.6190560854420557,0.25537187534627387,0.1010661374317835,0.0,0.0017106901750016384,1.0,13.666666666666666,10.333333333333334,0.8705846916946137,0.9974764091969348,0.0,0.0,A_geometry,60.0,1.0,8,0.98,ttl_medium,0
0.8122291860597698,0.9737283490316327,0.6974326757963385,0.26001944160813556,0.09786811181028639,0.0,0.0,1.0,11.333333333333334,13.666666666666666,0.819144231364129,1.0,0.0,0.0,A_geometry,60.0,1.0,8,0.98,ttl_medium,1
0.7888441694035212,0.9645900504252277,0.6674353838817358,0.27579876741582493,0.12312866091391195,0.0,0.0008438818565400844,0.9583333333333334,13.333333333333334,18.0,0.8434985832240982,0.9970255744996294,0.0,0.0,A_geometry,60.0,1.0,8,0.98,ttl_medium,2
0.8926141945026708,0.9310794848414273,0.8587906534084621,0.7261980013162123,0.5080186852044927,0.0,0.0017106901750016384,1.0,7.333333333333333,50.333333333333336,0.8705846916946137,0.9974764091969348,0.0,0.0,A_geometry,60.0,1.0,8,0.98,long_memory,0
0.9096808121688859,0.9123412030712461,0.9074407782138151,0.7799751178357416,0.44974068151697394,0.0,0.0,1.0,5.666666666666667,63.666666666666664,0.819144231364129,1.0,0.0,0.0,A_geometry,60.0,1.0,8,0.98,long_memory,1
0.9086369013672569,0.9121948830586356,0.9056773916051877,0.7940631069569429,0.4388249351737221,0.0,0.0008438818565400844,0.9583333333333334,6.0,64.33333333333333,0.8434985832240982,0.9970255744996294,0.0,0.0,A_geometry,60.0,1.0,8,0.98,long_memory,2
0.9416636965910697,0.9621797404093374,0.9225217582389263,0.8518978743057218,0.28746542496957,0.0,0.0017106901750016384,1.0,2.3333333333333335,28.333333333333332,0.8705846916946137,0.9974764091969348,0.0,0.0,A_geometry,60.0,1.0,8,0.98,certificate,0
0.9341283370591004,0.9301727218933088,0.939559794339012,0.8583968666522273,0.34532834346938684,0.0,0.0,1.0,3.3333333333333335,51.666666666666664,0.819144231364129,1.0,0.0,0.0,A_geometry,60.0,1.0,8,0.98,certificate,1
0.9556498285991569,0.9553603620970167,0.9561543942326572,0.9034083803023966,0.2508835467519109,0.0,0.0,1.0,3.3333333333333335,33.333333333333336,0.8434985832240982,0.9970255744996294,0.0,0.0,A_geometry,60.0,1.0,8,0.98,certificate,2
0.9439068142008263,0.967359399480301,0.9220894192851866,0.8510788734867211,0.24805959933626562,0.0,0.0017106901750016384,1.0,3.0,24.333333333333332,0.8705846916946137,0.9974764091969348,0.0,0.0,A_geometry,60.0,1.0,8,0.98,visibility_weighted,0
0.9436398102595888,0.9493008915071527,0.939559794339012,0.8583968666522273,0.2403305690692472,0.0,0.0,1.0,3.6666666666666665,36.666666666666664,0.819144231364129,1.0,0.0,0.0,A_geometry,60.0,1.0,8,0.98,visibility_weighted,1
0.9522363976539356,0.9610619070442681,0.9436775225111504,0.8778987435344202,0.21157942065941104,0.0,0.0008438818565400844,0.9583333333333334,4.333333333333333,28.333333333333332,0.8434985832240982,0.9970255744996294,0.0,0.0,A_geometry,60.0,1.0,8,0.98,visibility_weighted,2
0.768787599174741,0.9769156786593524,0.6348793957245186,0.28651622739111965,0.11420141264288497,0.0,0.0017106901750016384,1.0,13.666666666666666,11.666666666666666,0.8705846916946137,0.9974764091969348,0.0,0.0,A_geometry,60.0,1.0,8,0.98,hazard_filter,0
0.8192081814683152,0.969909536416952,0.7097404936086195,0.2903856090844395,0.1143479097044734,0.0,0.0,1.0,11.333333333333334,16.0,0.819144231364129,1.0,0.0,0.0,A_geometry,60.0,1.0,8,0.98,hazard_filter,1
0.797909678278625,0.9610299048652972,0.682289320878566,0.30810797845980126,0.13924438120931035,0.0,0.0008438818565400844,0.9583333333333334,13.333333333333334,20.333333333333332,0.8434985832240982,0.9970255744996294,0.0,0.0,A_geometry,60.0,1.0,8,0.98,hazard_filter,2
0.9545614739819404,0.9893729185848441,0.9225217582389263,0.8518978743057218,0.0747955870095806,0.0,0.0017106901750016384,1.0,2.6666666666666665,7.666666666666667,1.0,1.0,0.0,0.0,A_geometry,60.0,1.0,8,0.98,oracle_visibility,0
0.9601378360063381,0.9828115753343591,0.939559794339012,0.8583968666522273,0.08055353085610571,0.0,0.0,1.0,4.0,12.0,1.0,1.0,0.0,0.0,A_geometry,60.0,1.0,8,0.98,oracle_visibility,1
0.9701249262570483,0.9845976900603888,0.9561543942326572,0.9034083803023966,0.07995897928638741,0.0,0.0,1.0,3.6666666666666665,11.0,1.0,1.0,0.0,0.0,A_geometry,60.0,1.0,8,0.98,oracle_visibility,2
0.7100809058047153,0.9931998708886597,0.5531687961383734,0.09335988701458466,0.04001197014504999,0.0,0.0020612714791081316,0.9521739130434783,26.666666666666668,6.0,0.8823294119335977,0.9958232838306467,0.0,0.0,A_geometry,60.0,1.0,16,0.9,ttl_short,0
0.7231785021244472,0.9851404328774116,0.571623547496579,0.09060477710638964,0.037021603069796495,0.0,0.003032131058297463,0.9521531100478469,24.333333333333332,12.333333333333334,0.7835303032241768,0.9940116358031271,0.0,0.0,A_geometry,60.0,1.0,16,0.9,ttl_short,1
0.7345869208442268,0.9935485120870338,0.5827313519942634,0.09974872857111983,0.02245616647503602,0.0,0.0032644877680437574,0.8933404558404558,26.0,5.666666666666667,0.8257132601718628,0.9971411476586485,0.0,0.0,A_geometry,60.0,1.0,16,0.9,ttl_short,2
0.7677716020573163,0.9838933719786901,0.6311644243852005,0.2539040655037989,0.10796601417640707,0.0,0.0020612714791081316,0.9521739130434783,26.333333333333332,16.333333333333332,0.8823294119335977,0.9958232838306467,0.0,0.0,A_geometry,60.0,1.0,16,0.9,ttl_medium,0
0.7686957447598809,0.9625966223498192,0.6403915609051715,0.2379504385916742,0.10723728824004246,0.0,0.003032131058297463,0.9521531100478469,24.0,35.666666666666664,0.7835303032241768,0.9940116358031271,0.0,0.0,A_geometry,60.0,1.0,16,0.9,ttl_medium,1
0.7911741935009687,0.9844561341757663,0.661449760060029,0.2701228147404988,0.06220761083254608,0.0,0.0032644877680437574,0.8933404558404558,25.0,15.666666666666666,0.8257132601718628,0.9971411476586485,0.0,0.0,A_geometry,60.0,1.0,16,0.9,ttl_medium,2
0.9031709581288134,0.9466958689078884,0.8673443450855928,0.735335390796898,0.4672933389663428,0.0,0.0012345829177512347,0.9833333333333334,10.666666666666666,77.66666666666667,0.8823294119335977,0.9958232838306467,0.0,0.0,A_geometry,60.0,1.0,16,0.9,long_memory,0
0.862412820040512,0.8864097523067552,0.840895606587423,0.6667558348423954,0.46164959350088725,0.0,0.0026128438465574215,0.9696969696969697,11.666666666666666,154.0,0.7835303032241768,0.9940116358031271,0.0,0.0,A_geometry,60.0,1.0,16,0.9,long_memory,1
0.901300337397286,0.9318076983653114,0.873559410990556,0.728849008507284,0.380876068513689,0.0,0.0020317097781886516,0.9583333333333334,10.333333333333334,95.66666666666667,0.8257132601718628,0.9971411476586485,0.0,0.0,A_geometry,60.0,1.0,16,0.9,long_memory,2
0.9456879997825753,0.9802738841296993,0.9158730635154283,0.8327709641732838,0.16886119325916538,0.0,0.0008250825082508251,1.0,3.3333333333333335,29.0,0.8823294119335977,0.9958232838306467,0.0,0.0,A_geometry,60.0,1.0,16,0.9,certificate,0
0.9098980555219578,0.9428932198916394,0.8796106242883507,0.7476126348168979,0.23152993155238374,0.0,0.002135288927741758,1.0,6.0,76.33333333333333,0.7835303032241768,0.9940116358031271,0.0,0.0,A_geometry,60.0,1.0,16,0.9,certificate,1
0.9261533226850999,0.9508700568690903,0.9037790991787906,0.7935217698426511,0.28311906167192097,0.0,0.0012492371647301224,1.0,4.333333333333333,70.0,0.8257132601718628,0.9971411476586485,0.0,0.0,A_geometry,60.0,1.0,16,0.9,certificate,2
0.9404670144968185,0.9830394258131877,0.9040005563245869,0.8092754015773993,0.14119490212646105,0.0,0.001651771069607722,0.9688405797101449,5.666666666666667,24.333333333333332,0.8823294119335977,0.9958232838306467,0.0,0.0,A_geometry,60.0,1.0,16,0.9,visibility_weighted,0
0.9121582846736307,0.9486165167176125,0.8789082636093726,0.747119538169955,0.20760158488221478,0.0,0.003032131058297463,0.9521531100478469,7.0,68.33333333333333,0.7835303032241768,0.9940116358031271,0.0,0.0,A_geometry,60.0,1.0,16,0.9,visibility_weighted,1
0.9281173125104237,0.9556366789814444,0.9031157774605982,0.7925676436563918,0.25330862358528017,0.0,0.001640473471459387,0.9791666666666666,5.666666666666667,62.666666666666664,0.8257132601718628,0.9971411476586485,0.0,0.0,A_geometry,60.0,1.0,16,0.9,visibility_weighted,2
0.778231465404267,0.982060780483207,0.646423995488293,0.2853149015003965,0.12257076468103083,0.0,0.0020612714791081316,0.9521739130434783,26.0,18.666666666666668,0.8823294119335977,0.9958232838306467,0.0,0.0,A_geometry,60.0,1.0,16,0.9,hazard_filter,0
0.7770999619230089,0.9587554352684965,0.6539527633944898,0.2670319739895063,0.12128042527409165,0.0,0.003032131058297463,0.9521531100478469,24.0,40.333333333333336,0.7835303032241768,0.9940116358031271,0.0,0.0,A_geometry,60.0,1.0,16,0.9,hazard_filter,1
0.8012126649389115,0.9825699514744565,0.6765253665444103,0.30277217564202746,0.0715525998435181,0.0,0.0032644877680437574,0.8933404558404558,24.333333333333332,18.0,0.8257132601718628,0.9971411476586485,0.0,0.0,A_geometry,60.0,1.0,16,0.9,hazard_filter,2
0.9514068015878778,0.9925004370290761,0.9158730635154283,0.8327709641732838,0.07076468103084071,0.0,0.0008250825082508251,1.0,4.0,11.0,1.0,1.0,0.0,0.0,A_geometry,60.0,1.0,16,0.9,oracle_visibility,0
0.929292122498287,0.9853184012352539,0.8796106242883507,0.7476126348168979,0.05603665244054243,0.0,0.002135288927741758,1.0,6.333333333333333,18.666666666666668,1.0,1.0,0.0,0.0,A_geometry,60.0,1.0,16,0.9,oracle_visibility,1
0.9435762048197169,0.988572420637477,0.9037790991787906,0.7935217698426511,0.06342420567743688,0.0,0.0012492371647301224,1.0,5.333333333333333,15.666666666666666,1.0,1.0,0.0,0.0,A_geometry,60.0,1.0,16,0.9,oracle_visibility,2
0.7332072577555527,0.9934827338387682,0.5812176451758888,0.10781182420704305,0.03572177298592393,0.0,0.00037243947858472997,0.9803921568627452,28.333333333333332,6.0,0.8627246655543215,0.997352576496097,0.0,0.0,A_geometry,60.0,1.0,16,0.98,ttl_short,0
0.7306911328906999,0.9861561987541054,0.5805365142795692,0.09795373607112139,0.0411222870753333,0.0,0.0012227792366250234,0.943355119825708,26.0,11.666666666666666,0.8133622590623264,0.9935967714744695,0.0,0.0,A_geometry,60.0,1.0,16,0.98,ttl_short,1
0.7169722377658658,0.9948119936094945,0.5607994632605051,0.09432732737382495,0.03224416079422063,0.0,0.00041254125412541255,1.0,25.666666666666668,4.666666666666667,0.9063558355931075,0.9966082070550669,0.0,0.0,A_geometry,60.0,1.0,16,0.98,ttl_short,2
0.7913926758635627,0.9832736636696584,0.6623141767292052,0.2806675487559484,0.10154736947189776,0.0,0.00037243947858472997,0.9803921568627452,27.0,17.666666666666668,0.8627246655543215,0.997352576496097,0.0,0.0,A_geometry,60.0,1.0,16,0.98,ttl_medium,0
0.7801894733605778,0.9676023527182188,0.6540464128789183,0.2565286047498831,0.11136359034676474,0.0,0.0012227792366250234,0.943355119825708,25.666666666666668,31.666666666666668,0.8133622590623264,0.9935967714744695,0.0,0.0,A_geometry,60.0,1.0,16,0.98,ttl_medium,1
0.7724596841606713,0.9873934042830363,0.6346568000912968,0.24698467628721252,0.09001019367991846,0.0,0.00041254125412541255,1.0,25.0,13.0,0.9063558355931075,0.9966082070550669,0.0,0.0,A_geometry,60.0,1.0,16,0.98,ttl_medium,2
0.9180121699795049,0.9462602669478278,0.8914318968128697,0.7673807023467356,0.4457622042527703,0.0,0.00037243947858472997,0.9803921568627452,10.666666666666666,79.0,0.8627246655543215,0.997352576496097,0.0,0.0,A_geometry,60.0,1.0,16,0.98,long_memory,0
0.8909227013643498,0.9048146289665224,0.879475780069778,0.7417289394317831,0.49739498489726275,0.0,0.0008461314023500703,0.9618736383442266,10.333333333333334,136.0,0.8133622590623264,0.9935967714744695,0.0,0.0,A_geometry,60.0,1.0,16,0.98,long_memory,1
0.9073332323616442,0.9575637499092204,0.862746556952872,0.7187050112170885,0.40873332446926386,0.0,0.00041254125412541255,1.0,11.333333333333334,62.0,0.9063558355931075,0.9966082070550669,0.0,0.0,A_geometry,60.0,1.0,16,0.98,long_memory,2
0.944714587787526,0.9584598495451977,0.9314615485455396,0.8521715581342377,0.2734676050713786,0.0,0.0,1.0,3.6666666666666665,62.0,0.8627246655543215,0.997352576496097,0.0,0.0,A_geometry,60.0,1.0,16,0.98,certificate,0
0.9363919855928678,0.9653309657544308,0.909546675309158,0.804868886209531,0.18789977157224924,0.0,0.0,1.0,4.333333333333333,47.666666666666664,0.8133622590623264,0.9935967714744695,0.0,0.0,A_geometry,60.0,1.0,16,0.98,certificate,1
0.9430660082325248,0.9714110476973788,0.9164561320547356,0.8280668930729318,0.26541018481584894,0.0,0.00041254125412541255,1.0,3.6666666666666665,43.0,0.9063558355931075,0.9966082070550669,0.0,0.0,A_geometry,60.0,1.0,16,0.98,certificate,2
0.9465981166053741,0.9629931815379008,0.9308270604714379,0.8512307875382946,0.23608365778177098,0.0,0.00037243947858472997,0.9803921568627452,5.333333333333333,54.666666666666664,0.8627246655543215,0.997352576496097,0.0,0.0,A_geometry,60.0,1.0,16,0.98,visibility_weighted,0
0.9369235502312598,0.967411566858828,0.9086696801606972,0.8039236884570601,0.1792895547223434,0.0,0.0008461314023500703,0.9618736383442266,5.666666666666667,44.666666666666664,0.8133622590623264,0.9935967714744695,0.0,0.0,A_geometry,60.0,1.0,16,0.98,visibility_weighted,1
0.9425810094308434,0.9764743598830932,0.9111715792092071,0.8176502264062652,0.2162644595133626,0.0,0.00041254125412541255,1.0,4.333333333333333,35.0,0.9063558355931075,0.9966082070550669,0.0,0.0,A_geometry,60.0,1.0,16,0.98,visibility_weighted,2
0.8016265232238098,0.9812120136642655,0.6777275042628751,0.3134618447164668,0.11597035040431265,0.0,0.00037243947858472997,0.9803921568627452,27.0,20.333333333333332,0.8627246655543215,0.997352576496097,0.0,0.0,A_geometry,60.0,1.0,16,0.98,hazard_filter,0
0.7891574483874767,0.9641314991821105,0.6684626991482134,0.28764287274490274,0.12623693350930185,0.0,0.0012227792366250234,0.943355119825708,25.666666666666668,36.0,0.8133622590623264,0.9935967714744695,0.0,0.0,A_geometry,60.0,1.0,16,0.98,hazard_filter,1
0.7827678401788676,0.9861289244287113,0.6492250154249349,0.27711550504424903,0.10156340025705801,0.0,0.00041254125412541255,1.0,25.0,14.666666666666666,0.9063558355931075,0.9966082070550669,0.0,0.0,A_geometry,60.0,1.0,16,0.98,hazard_filter,2
0.9597495974158146,0.9903101714362816,0.9314615485455396,0.8521715581342377,0.07562144354597185,0.0,0.0,1.0,4.666666666666667,14.0,1.0,1.0,0.0,0.0,A_geometry,60.0,1.0,16,0.98,oracle_visibility,0
0.9470073036160528,0.9879042543304276,0.909546675309158,0.804868886209531,0.06152639803857687,0.0,0.0,1.0,5.333333333333333,16.0,1.0,1.0,0.0,0.0,A_geometry,60.0,1.0,16,0.98,oracle_visibility,1
0.9526410221355511,0.9918678889783928,0.9164561320547356,0.8280668930729318,0.07583433054115145,0.0,0.00041254125412541255,1.0,4.0,12.0,1.0,1.0,0.0,0.0,A_geometry,60.0,1.0,16,0.98,oracle_visibility,2
