episode,policy,ttl,width_deg,speed,detection_prob,certificate_noise,certificate_false_negative,certificate_false_positive,tp,fp,fn,tn,precision,recall,f1,occluded_keep_rate,stale_clear_absence_rate,clear_exists_missing_rate,occlusion_survival_rate,deletion_events,scenario
1,certificate,3,42.0,1.0,0.96,1.25,0.0,0.0,2042,12,75,111,0.994157740993184,0.9645725082664147,0.9791416926396547,0.9093137254901961,0.0975609756097561,0.0007686395080707148,1.0,2,clean
2,certificate,3,42.0,1.0,0.96,1.25,0.0,0.0,2039,36,43,122,0.9826506024096385,0.9793467819404419,0.9809959105123887,0.9437908496732026,0.22784810126582278,0.0,1.0,3,clean
3,certificate,3,42.0,1.0,0.96,1.25,0.0,0.0,1950,16,54,220,0.9918616480162767,0.9730538922155688,0.9823677581863981,0.9231884057971015,0.06779661016949153,0.00076103500761035,1.0,3,clean
4,certificate,3,42.0,1.0,0.96,1.25,0.0,0.0,1898,16,65,261,0.9916405433646813,0.9668874172185431,0.9791075573897344,0.9012158054711246,0.05776173285198556,0.0,1.0,4,clean
5,certificate,3,42.0,1.0,0.96,1.25,0.0,0.0,1920,56,25,239,0.97165991902834,0.987146529562982,0.9793420045906657,0.9613601236476044,0.18983050847457628,0.0,1.0,4,clean
6,certificate,3,42.0,1.0,0.96,1.25,0.0,0.0,2000,6,125,109,0.9970089730807578,0.9411764705882353,0.9682885499878965,0.8404118404118404,0.05217391304347826,0.000741839762611276,1.0,2,clean
7,certificate,3,42.0,1.0,0.96,1.25,0.0,0.0,1759,27,65,389,0.9848824188129899,0.9643640350877193,0.9745152354570638,0.8976377952755905,0.06490384615384616,0.0,1.0,6,clean
8,certificate,3,42.0,1.0,0.96,1.25,0.0,0.0,1939,30,40,231,0.9847638395124428,0.9797877716018191,0.9822695035460992,0.9470108695652174,0.11494252873563218,0.0008045052292839903,1.0,4,clean
9,certificate,3,42.0,1.0,0.96,1.25,0.0,0.0,2066,6,65,103,0.997104247104247,0.9694978883153449,0.9831073043064478,0.9148099606815203,0.05504587155963303,0.0,1.0,2,clean
10,certificate,3,42.0,1.0,0.96,1.25,0.0,0.0,1950,8,3,279,0.9959141981613892,0.9984639016897081,0.9971874200971618,0.9954058192955589,0.027874564459930314,0.0,1.0,3,clean
11,certificate,3,42.0,1.0,0.96,1.25,0.0,0.0,1894,11,65,270,0.9942257217847769,0.9668198060234814,0.9803312629399585,0.9035608308605341,0.03914590747330961,0.0,1.0,4,clean
12,certificate,3,42.0,1.0,0.96,1.25,0.0,0.0,1576,52,33,579,0.9680589680589681,0.9794903666873834,0.9737411183194316,0.9403254972875226,0.08240887480190175,0.0,1.0,8,clean
13,certificate,3,42.0,1.0,0.96,1.25,0.0,0.0,1806,83,35,316,0.9560614081524617,0.9809885931558935,0.9683646112600536,0.9494949494949495,0.20802005012531327,0.0,1.0,7,clean
14,certificate,3,42.0,1.0,0.96,1.25,0.0,0.0,1655,43,37,505,0.974676089517079,0.9781323877068558,0.9764011799410031,0.9365351629502573,0.07846715328467153,0.0,1.0,8,clean
15,certificate,3,42.0,1.0,0.96,1.25,0.0,0.0,1749,46,40,405,0.9743732590529248,0.9776411403018446,0.9760044642857143,0.9459459459459459,0.10199556541019955,0.001841620626151013,1.0,7,clean
16,certificate,3,42.0,1.0,0.96,1.25,0.0,0.0,1761,50,89,340,0.9723909442297074,0.9518918918918919,0.9620322316307021,0.8647416413373861,0.1282051282051282,0.0,1.0,7,clean
17,certificate,3,42.0,1.0,0.96,1.25,0.0,0.0,2030,21,102,87,0.9897610921501706,0.9521575984990619,0.970595266555104,0.8602739726027397,0.19444444444444445,0.0,1.0,3,clean
18,certificate,3,42.0,1.0,0.96,1.25,0.0,0.0,1983,24,24,209,0.9880418535127056,0.9880418535127056,0.9880418535127056,0.9641255605381166,0.10300429184549356,0.0,1.0,4,clean
19,certificate,3,42.0,1.0,0.96,1.25,0.0,0.0,1869,32,15,324,0.9831667543398211,0.9920382165605095,0.9875825627476883,0.9796195652173914,0.0898876404494382,0.0,1.0,6,clean
20,certificate,3,42.0,1.0,0.96,1.25,0.0,0.0,2098,6,63,73,0.997148288973384,0.970846830171217,0.9838218053927316,0.920410783055199,0.0759493670886076,0.000723589001447178,1.0,2,clean
21,certificate,3,42.0,1.0,0.96,1.25,0.0,0.0,1772,80,64,324,0.9568034557235421,0.9651416122004357,0.9609544468546637,0.9010819165378671,0.19801980198019803,0.0,1.0,6,clean
22,certificate,3,42.0,1.0,0.96,1.25,0.0,0.0,1676,72,40,452,0.9588100686498856,0.9766899766899767,0.9676674364896074,0.9367720465890182,0.13740458015267176,0.0017937219730941704,1.0,7,clean
23,certificate,3,42.0,1.0,0.96,1.25,0.0,0.0,1718,76,43,403,0.9576365663322185,0.9755820556501987,0.9665260196905766,0.9256055363321799,0.15866388308977036,0.0,1.0,6,clean
24,certificate,3,42.0,1.0,0.96,1.25,0.0,0.0,1935,18,86,201,0.9907834101382489,0.9574468085106383,0.9738298943130348,0.8870748299319728,0.0821917808219178,0.0023328149300155523,1.0,4,clean
25,certificate,3,42.0,1.0,0.96,1.25,0.0,0.0,1949,48,32,211,0.9759639459188784,0.9838465421504291,0.9798893916540976,0.9524517087667161,0.18532818532818532,0.0,1.0,4,clean
26,certificate,3,42.0,1.0,0.96,1.25,0.0,0.0,1838,57,19,326,0.9699208443271767,0.9897684437264405,0.9797441364605544,0.9704968944099379,0.14882506527415143,0.0,1.0,7,clean
27,certificate,3,42.0,1.0,0.96,1.25,0.0,0.0,2099,9,44,88,0.99573055028463,0.9794680354643024,0.9875323453305106,0.9426336375488917,0.09278350515463918,0.0,1.0,3,clean
28,certificate,3,42.0,1.0,0.96,1.25,0.0,0.0,2110,9,72,49,0.9957527135441245,0.9670027497708524,0.9811671704254824,0.9019073569482289,0.15517241379310345,0.0,1.0,1,clean
29,certificate,3,42.0,1.0,0.96,1.25,0.0,0.0,2025,10,48,157,0.995085995085995,0.9768451519536903,0.9858812074001947,0.930835734870317,0.059880239520958084,0.0,1.0,3,clean
30,certificate,3,42.0,1.0,0.96,1.25,0.0,0.0,1939,34,50,217,0.9827673593512417,0.9748617395676219,0.9787985865724381,0.9358151476251605,0.13545816733067728,0.0,1.0,4,clean
31,certificate,3,42.0,1.0,0.96,1.25,0.0,0.0,2040,45,5,150,0.9784172661870504,0.9975550122249389,0.9878934624697338,0.9932523616734144,0.23076923076923078,0.0,1.0,3,clean
32,certificate,3,42.0,1.0,0.96,1.25,0.0,0.0,1889,73,60,218,0.9627930682976554,0.9692149820420729,0.965993352083866,0.9125364431486881,0.2508591065292096,0.0,1.0,4,clean
33,certificate,3,42.0,1.0,0.96,1.25,0.0,0.0,2081,11,23,125,0.9947418738049714,0.9890684410646388,0.9918970448045759,0.9701686121919585,0.08088235294117647,0.0,1.0,3,clean
34,certificate,3,42.0,1.0,0.96,1.25,0.0,0.0,2047,23,56,114,0.9888888888888889,0.9733713742272944,0.9810687754612989,0.924119241192412,0.1678832116788321,0.0,1.0,3,clean
35,certificate,3,42.0,1.0,0.96,1.25,0.0,0.0,2049,30,69,92,0.9855699855699855,0.9674220963172805,0.9764117226590422,0.9058663028649386,0.2459016393442623,0.0,1.0,2,clean
36,certificate,3,42.0,1.0,0.96,1.25,0.0,0.0,1821,48,64,307,0.9743178170144462,0.9660477453580902,0.9701651571656899,0.9064327485380117,0.1352112676056338,0.0,1.0,5,clean
37,certificate,3,42.0,1.0,0.96,1.25,0.0,0.0,1907,81,14,238,0.9592555331991952,0.9927121290994274,0.9756971092350984,0.9802731411229135,0.25391849529780564,0.000792393026941363,1.0,4,clean
38,certificate,3,42.0,1.0,0.96,1.25,0.0,0.0,1806,67,54,313,0.9642285104111051,0.9709677419354839,0.9675863916421109,0.9194029850746268,0.1763157894736842,0.0,1.0,6,clean
39,certificate,3,42.0,1.0,0.96,1.25,0.0,0.0,2057,23,11,149,0.9889423076923077,0.9946808510638298,0.9918032786885246,0.9874686716791979,0.13372093023255813,0.0007874015748031496,1.0,5,clean
40,certificate,3,42.0,1.0,0.96,1.25,0.0,0.0,1757,20,46,417,0.9887450759707372,0.9744869661674986,0.981564245810056,0.9316493313521546,0.04576659038901602,0.0,1.0,5,clean
41,certificate,3,42.0,1.0,0.96,1.25,0.0,0.0,2097,40,29,74,0.9812821712681329,0.9863593603010348,0.9838142153413089,0.9611780455153949,0.3508771929824561,0.0,1.0,2,clean
42,certificate,3,42.0,1.0,0.96,1.25,0.0,0.0,1802,25,76,337,0.9863163656267104,0.9595314164004259,0.9727395411605937,0.880690737833595,0.06906077348066299,0.0,1.0,5,clean
43,certificate,3,42.0,1.0,0.96,1.25,0.0,0.0,1908,50,68,214,0.9744637385086823,0.9655870445344129,0.9700050838840873,0.8998527245949927,0.1893939393939394,0.0,1.0,5,clean
44,certificate,3,42.0,1.0,0.96,1.25,0.0,0.0,1838,26,57,319,0.9860515021459227,0.9699208443271767,0.9779196594839051,0.9201680672268907,0.07536231884057971,0.0,1.0,5,clean
45,certificate,3,42.0,1.0,0.96,1.25,0.0,0.0,2024,13,43,160,0.9936180657830143,0.9791969037252056,0.9863547758284601,0.9425133689839572,0.07514450867052024,0.0,1.0,4,clean
46,certificate,3,42.0,1.0,0.96,1.25,0.0,0.0,2099,23,22,96,0.9891611687087654,0.9896275341819897,0.9893942964883338,0.9701897018970189,0.19327731092436976,0.0,1.0,1,clean
47,certificate,3,42.0,1.0,0.96,1.25,0.0,0.0,2016,80,49,95,0.9618320610687023,0.976271186440678,0.9689978370583994,0.9345794392523364,0.45714285714285713,0.0,1.0,3,clean
48,certificate,3,42.0,1.0,0.96,1.25,0.0,0.0,1863,36,127,214,0.981042654028436,0.936180904522613,0.9580869118025199,0.8167155425219942,0.144,0.0015290519877675841,1.0,4,clean
49,certificate,3,42.0,1.0,0.96,1.25,0.0,0.0,1806,34,71,329,0.9815217391304348,0.9621736814064997,0.9717514124293786,0.890282131661442,0.09366391184573003,0.0008071025020177562,1.0,6,clean
50,certificate,3,42.0,1.0,0.96,1.25,0.0,0.0,1946,9,77,208,0.9953964194373401,0.9619377162629758,0.9783810960281549,0.8913043478260869,0.041474654377880185,0.0015003750937734434,1.0,3,clean
51,certificate,3,42.0,1.0,0.96,1.25,0.0,0.0,1876,15,93,256,0.9920676890534109,0.9527679024885729,0.9720207253886011,0.875,0.055350553505535055,0.0016116035455278,1.0,5,clean
52,certificate,3,42.0,1.0,0.96,1.25,0.0,0.0,1618,61,79,482,0.9636688505062537,0.9534472598703595,0.9585308056872038,0.8713355048859935,0.11233885819521179,0.0,1.0,9,clean
53,certificate,3,42.0,1.0,0.96,1.25,0.0,0.0,2115,7,7,111,0.9967012252591895,0.9967012252591895,0.9967012252591895,0.9923469387755102,0.059322033898305086,0.0007473841554559044,1.0,2,clean
54,certificate,3,42.0,1.0,0.96,1.25,0.0,0.0,1728,52,50,410,0.9707865168539326,0.9718785151856018,0.9713322091062393,0.9222395023328149,0.11255411255411256,0.0,1.0,6,clean
55,certificate,3,42.0,1.0,0.96,1.25,0.0,0.0,1960,65,53,162,0.9679012345679012,0.9736711376055638,0.9707776126795443,0.9293628808864266,0.28634361233480177,0.001549186676994578,1.0,4,clean
56,certificate,3,42.0,1.0,0.96,1.25,0.0,0.0,2057,27,149,7,0.9870441458733206,0.9324569356300997,0.9589743589743589,0.8128950695322377,0.7941176470588235,0.0007067137809187279,1.0,1,clean
57,certificate,3,42.0,1.0,0.96,1.25,0.0,0.0,1651,80,34,475,0.9537839399191219,0.9798219584569733,0.9666276346604216,0.9463414634146341,0.14414414414414414,0.0009345794392523365,1.0,6,clean
58,certificate,3,42.0,1.0,0.96,1.25,0.0,0.0,1643,127,59,411,0.9282485875706215,0.9653349001175088,0.9464285714285714,0.9119496855345912,0.23605947955390336,0.0028142589118198874,1.0,9,clean
59,certificate,3,42.0,1.0,0.96,1.25,0.0,0.0,2099,3,34,104,0.9985727878211227,0.9840600093764651,0.991263282172373,0.958594730238394,0.028037383177570093,0.0007485029940119761,1.0,1,clean
60,certificate,3,42.0,1.0,0.96,1.25,0.0,0.0,1598,83,107,452,0.9506246281975015,0.9372434017595308,0.9438865918487891,0.8203389830508474,0.15514018691588785,0.0008968609865470852,1.0,8,clean
61,certificate,3,42.0,1.0,0.96,1.25,0.0,0.0,1871,70,73,226,0.9639361154044307,0.9624485596707819,0.9631917631917631,0.8935860058309038,0.23648648648648649,0.0,1.0,4,clean
62,certificate,3,42.0,1.0,0.96,1.25,0.0,0.0,1744,42,19,435,0.9764837625979843,0.9892229154849688,0.9828120597351366,0.9699499165275459,0.0880503144654088,0.000859106529209622,1.0,8,clean
63,certificate,3,42.0,1.0,0.96,1.25,0.0,0.0,1647,80,102,411,0.9536768963520555,0.9416809605488851,0.9476409666283084,0.8408736349453978,0.1629327902240326,0.0,1.0,7,clean
64,certificate,3,42.0,1.0,0.96,1.25,0.0,0.0,1913,40,0,287,0.9795186891961085,1.0,0.9896533885152612,1.0,0.12232415902140673,0.0,1.0,5,clean
65,certificate,3,42.0,1.0,0.96,1.25,0.0,0.0,1880,20,110,230,0.9894736842105263,0.9447236180904522,0.9665809768637531,0.8340874811463047,0.08,0.0,1.0,4,clean
66,certificate,3,42.0,1.0,0.96,1.25,0.0,0.0,1615,161,114,350,0.9093468468468469,0.9340659340659341,0.9215406562054208,0.8303571428571429,0.3150684931506849,0.0,1.0,9,clean
67,certificate,3,42.0,1.0,0.96,1.25,0.0,0.0,1832,72,52,284,0.9621848739495799,0.9723991507430998,0.9672650475184795,0.924963924963925,0.20224719101123595,0.0,1.0,6,clean
68,certificate,3,42.0,1.0,0.96,1.25,0.0,0.0,1919,52,22,247,0.9736174530695079,0.988665636269964,0.9810838445807771,0.9696092619392185,0.17391304347826086,0.0008,1.0,6,clean
69,certificate,3,42.0,1.0,0.96,1.25,0.0,0.0,1892,29,50,269,0.984903695991671,0.9742533470648815,0.9795495728708258,0.9267935578330894,0.09731543624161074,0.0,1.0,5,clean
70,certificate,3,42.0,1.0,0.96,1.25,0.0,0.0,1812,60,45,323,0.967948717948718,0.975767366720517,0.9718423169750603,0.9292452830188679,0.1566579634464752,0.0,1.0,6,clean
71,certificate,3,42.0,1.0,0.96,1.25,0.0,0.0,1911,29,33,267,0.9850515463917526,0.9830246913580247,0.9840370751802267,0.952449567723343,0.09797297297297297,0.0,1.0,5,clean
72,certificate,3,42.0,1.0,0.96,1.25,0.0,0.0,2020,25,44,151,0.9877750611246944,0.9786821705426356,0.9832075930883427,0.9441489361702128,0.14204545454545456,0.001524390243902439,1.0,3,clean
73,certificate,3,42.0,1.0,0.96,1.25,0.0,0.0,1881,14,88,257,0.9926121372031662,0.9553072625698324,0.9736024844720497,0.8850726552179656,0.05166051660516605,0.0008250825082508251,1.0,4,clean
74,certificate,3,42.0,1.0,0.96,1.25,0.0,0.0,2014,14,41,171,0.9930966469428008,0.9800486618004867,0.9865295126132745,0.9397944199706314,0.07567567567567568,0.0,1.0,3,clean
75,certificate,3,42.0,1.0,0.96,1.25,0.0,0.0,1811,73,25,331,0.9612526539278131,0.9863834422657952,0.9736559139784946,0.9620060790273556,0.1806930693069307,0.0,1.0,6,clean
76,certificate,3,42.0,1.0,0.96,1.25,0.0,0.0,2061,9,41,129,0.9956521739130435,0.9804947668886774,0.9880153403643337,0.9486215538847118,0.06521739130434782,0.0,1.0,3,clean
77,certificate,3,42.0,1.0,0.96,1.25,0.0,0.0,1982,17,135,106,0.991495747873937,0.9362305148795466,0.9630709426627794,0.82421875,0.13821138211382114,0.0,1.0,2,clean
78,certificate,3,42.0,1.0,0.96,1.25,0.0,0.0,1890,59,36,255,0.9697280656747049,0.9813084112149533,0.9754838709677418,0.9509536784741145,0.18789808917197454,0.0,1.0,6,clean
79,certificate,3,42.0,1.0,0.96,1.25,0.0,0.0,2017,6,130,87,0.9970341077607514,0.9394503959012576,0.9673860911270983,0.8289473684210527,0.06451612903225806,0.0,1.0,2,clean
80,certificate,3,42.0,1.0,0.96,1.25,0.0,0.0,1827,53,32,328,0.9718085106382979,0.9827864443249059,0.9772666488365873,0.9515885022692889,0.13910761154855644,0.0,1.0,6,clean
81,certificate,3,42.0,1.0,0.96,1.25,0.0,0.0,1904,35,113,188,0.9819494584837545,0.9439762022806147,0.9625884732052578,0.8413597733711048,0.15695067264573992,0.0007627765064836003,1.0,3,clean
82,certificate,3,42.0,1.0,0.96,1.25,0.0,0.0,2115,6,15,104,0.9971711456859972,0.9929577464788732,0.995059985885674,0.9808743169398907,0.05454545454545454,0.000715307582260372,1.0,2,clean
83,certificate,3,42.0,1.0,0.96,1.25,0.0,0.0,1963,28,50,199,0.9859367152184831,0.9751614505712867,0.9805194805194806,0.924924924924925,0.12334801762114538,0.0,1.0,3,clean
84,certificate,3,42.0,1.0,0.96,1.25,0.0,0.0,1815,74,29,322,0.9608258337744838,0.9842733188720173,0.9724082507366729,0.9583952451708767,0.18686868686868688,0.0008539709649871904,1.0,4,clean
85,certificate,3,42.0,1.0,0.96,1.25,0.0,0.0,1718,85,143,294,0.9528563505268997,0.92315959161741,0.9377729257641922,0.7795031055900621,0.22427440633245382,0.0008216926869350862,1.0,6,clean
86,certificate,3,42.0,1.0,0.96,1.25,0.0,0.0,2019,28,16,177,0.9863214460185638,0.9921375921375921,0.9892209701126898,0.9813486370157819,0.13658536585365855,0.002242152466367713,1.0,3,clean
87,certificate,3,42.0,1.0,0.96,1.25,0.0,0.0,1957,24,35,224,0.9878849066128218,0.982429718875502,0.9851497608859803,0.9487554904831625,0.0967741935483871,0.0,1.0,4,clean
88,certificate,3,42.0,1.0,0.96,1.25,0.0,0.0,1946,12,33,249,0.9938712972420838,0.9833249115715007,0.9885699771399543,0.9540889526542324,0.04597701149425287,0.00078003120124805,1.0,4,clean
89,certificate,3,42.0,1.0,0.96,1.25,0.0,0.0,1984,30,46,180,0.9851042701092354,0.9773399014778326,0.9812067260138477,0.9296875,0.14285714285714285,0.0007194244604316547,1.0,4,clean
90,certificate,3,42.0,1.0,0.96,1.25,0.0,0.0,1811,47,31,351,0.9747039827771797,0.9831704668838219,0.9789189189189189,0.9566473988439307,0.11809045226130653,0.0008695652173913044,1.0,5,clean
91,certificate,3,42.0,1.0,0.96,1.25,0.0,0.0,1831,44,63,302,0.9765333333333334,0.9667370644139388,0.9716105067657205,0.91,0.12716763005780346,0.0,1.0,5,clean
92,certificate,3,42.0,1.0,0.96,1.25,0.0,0.0,1783,41,39,377,0.9775219298245614,0.9785949506037321,0.9780581459133297,0.9397217928902627,0.09808612440191387,0.0,1.0,6,clean
93,certificate,3,42.0,1.0,0.96,1.25,0.0,0.0,2030,30,35,145,0.9854368932038835,0.9830508474576272,0.9842424242424243,0.9569190600522193,0.17142857142857143,0.001539645881447267,1.0,2,clean
94,certificate,3,42.0,1.0,0.96,1.25,0.0,0.0,1671,58,89,422,0.9664545980335454,0.9494318181818182,0.9578675838349098,0.8494077834179357,0.12083333333333333,0.0,1.0,6,clean
95,certificate,3,42.0,1.0,0.96,1.25,0.0,0.0,2046,6,107,81,0.9970760233918129,0.9503019043195541,0.9731272294887039,0.8561827956989247,0.06896551724137931,0.0,1.0,2,clean
96,certificate,3,42.0,1.0,0.96,1.25,0.0,0.0,1874,62,25,279,0.9679752066115702,0.9868351764086362,0.9773142112125163,0.9621451104100947,0.18181818181818182,0.0007905138339920949,1.0,6,clean
97,certificate,3,42.0,1.0,0.96,1.25,0.0,0.0,1999,48,84,109,0.9765510503175379,0.9596735477676428,0.9680387409200969,0.8922077922077922,0.3057324840764331,0.0007616146230007616,1.0,4,clean
98,certificate,3,42.0,1.0,0.96,1.25,0.0,0.0,2062,37,52,89,0.9823725583611244,0.9754020813623463,0.9788749109897935,0.9286694101508917,0.29365079365079366,0.0,1.0,2,clean
99,certificate,3,42.0,1.0,0.96,1.25,0.0,0.0,1666,68,38,468,0.9607843137254902,0.9776995305164319,0.9691681210005817,0.935042735042735,0.12686567164179105,0.0,1.0,7,clean
100,certificate,3,42.0,1.0,0.96,1.25,0.0,0.0,1730,30,126,354,0.9829545454545454,0.9321120689655172,0.956858407079646,0.8201438848920863,0.078125,0.0008613264427217916,1.0,5,clean
101,certificate,3,42.0,1.0,0.96,1.25,0.0,0.0,1895,12,99,234,0.9937073938122706,0.9503510531594784,0.9715457574980774,0.8621659634317862,0.04878048780487805,0.000779423226812159,1.0,4,clean
102,certificate,3,42.0,1.0,0.96,1.25,0.0,0.0,1792,72,56,320,0.9613733905579399,0.9696969696969697,0.9655172413793105,0.9115323854660348,0.1836734693877551,0.0,1.0,7,clean
103,certificate,3,42.0,1.0,0.96,1.25,0.0,0.0,1801,43,50,346,0.9766811279826464,0.9729875742841707,0.974830852503383,0.9212598425196851,0.11053984575835475,0.0,1.0,6,clean
104,certificate,3,42.0,1.0,0.96,1.25,0.0,0.0,1851,104,82,203,0.9468030690537085,0.9575788929125711,0.9521604938271605,0.8757575757575757,0.33876221498371334,0.0,1.0,5,clean
105,certificate,3,42.0,1.0,0.96,1.25,0.0,0.0,1807,56,46,331,0.9699409554482018,0.9751753912574204,0.972551130247578,0.9342105263157895,0.14470284237726097,0.000855431993156544,1.0,6,clean
106,certificate,3,42.0,1.0,0.96,1.25,0.0,0.0,1940,49,99,152,0.9753645047762695,0.9514467876410004,0.9632571996027806,0.8597733711048159,0.24378109452736318,0.0,1.0,3,clean
107,certificate,3,42.0,1.0,0.96,1.25,0.0,0.0,1864,47,51,278,0.9754055468341183,0.9733681462140992,0.974385781495034,0.9253294289897511,0.14461538461538462,0.0,1.0,6,clean
108,certificate,3,42.0,1.0,0.96,1.25,0.0,0.0,1937,32,32,239,0.983748095479939,0.983748095479939,0.983748095479939,0.9574759945130316,0.11808118081180811,0.0008064516129032258,1.0,4,clean
109,certificate,3,42.0,1.0,0.96,1.25,0.0,0.0,1901,12,69,258,0.9937271301620492,0.9649746192893401,0.9791398403296421,0.9085948158253752,0.044444444444444446,0.0016168148746968471,1.0,4,clean
110,certificate,3,42.0,1.0,0.96,1.25,0.0,0.0,1766,32,22,420,0.982202447163515,0.9876957494407159,0.9849414389291691,0.9677914110429447,0.07079646017699115,0.0008802816901408451,1.0,6,clean
111,certificate,3,42.0,1.0,0.96,1.25,0.0,0.0,2173,3,36,28,0.9986213235294118,0.9837030330466274,0.9911060433295326,0.9558823529411765,0.0967741935483871,0.0,1.0,1,clean
112,certificate,3,42.0,1.0,0.96,1.25,0.0,0.0,1831,31,16,362,0.9833512352309345,0.9913373037357878,0.9873281207872742,0.9764359351988218,0.07888040712468193,0.0,1.0,6,clean
113,certificate,3,42.0,1.0,0.96,1.25,0.0,0.0,1896,36,74,234,0.9813664596273292,0.9624365482233502,0.9718093285494618,0.8975069252077562,0.13333333333333333,0.0,1.0,4,clean
114,certificate,3,42.0,1.0,0.96,1.25,0.0,0.0,1953,30,60,197,0.9848714069591528,0.970193740685544,0.9774774774774775,0.9147727272727273,0.13215859030837004,0.0,1.0,3,clean
115,certificate,3,42.0,1.0,0.96,1.25,0.0,0.0,1827,24,55,334,0.9870340356564019,0.9707757704569607,0.9788373961960889,0.9200581395348837,0.0670391061452514,0.0,1.0,4,clean
116,certificate,3,42.0,1.0,0.96,1.25,0.0,0.0,1956,30,65,189,0.9848942598187311,0.9678377041068777,0.9762914898926878,0.9114441416893733,0.136986301369863,0.0,1.0,3,clean
117,certificate,3,42.0,1.0,0.96,1.25,0.0,0.0,1905,61,43,231,0.9689725330620549,0.9779260780287474,0.9734287174246294,0.9393019726858877,0.2089041095890411,0.0023273855702094647,1.0,5,clean
118,certificate,3,42.0,1.0,0.96,1.25,0.0,0.0,2063,23,34,120,0.9889741131351869,0.9837863614687649,0.9863734162084627,0.9525801952580195,0.16083916083916083,0.0,1.0,2,clean
119,certificate,3,42.0,1.0,0.96,1.25,0.0,0.0,1544,87,66,543,0.9466584917228694,0.9590062111801242,0.9527923480407282,0.8797814207650273,0.1380952380952381,0.0,1.0,8,clean
120,certificate,3,42.0,1.0,0.96,1.25,0.0,0.0,1792,62,66,320,0.9665587918015103,0.9644779332615716,0.9655172413793104,0.8947368421052632,0.16230366492146597,0.0,1.0,6,clean
121,certificate,3,42.0,1.0,0.96,1.25,0.1,0.0,1920,51,25,244,0.974124809741248,0.987146529562982,0.9805924412665985,0.9655688622754491,0.17288135593220338,0.0015661707126076742,1.0,5,false_negative_10pct
122,certificate,3,42.0,1.0,0.96,1.25,0.1,0.0,1740,19,33,448,0.9891984081864695,0.9813874788494078,0.9852774631936579,0.949685534591195,0.04068522483940043,0.0008795074758135445,1.0,6,false_negative_10pct
123,certificate,3,42.0,1.0,0.96,1.25,0.1,0.0,1935,48,31,226,0.9757942511346445,0.9842319430315362,0.9799949354266905,0.9567642956764296,0.17518248175182483,0.0,1.0,3,false_negative_10pct
124,certificate,3,42.0,1.0,0.96,1.25,0.1,0.0,1976,31,32,201,0.9845540607872446,0.9840637450199203,0.9843088418430884,0.9561042524005487,0.1336206896551724,0.0,1.0,4,false_negative_10pct
125,certificate,3,42.0,1.0,0.96,1.25,0.1,0.0,1749,35,74,382,0.9803811659192825,0.9594075699396599,0.969780981425007,0.8885542168674698,0.08393285371702638,0.0,1.0,8,false_negative_10pct
126,certificate,3,42.0,1.0,0.96,1.25,0.1,0.0,1936,9,123,172,0.9953727506426735,0.9402622632345798,0.967032967032967,0.8362892223738063,0.049723756906077346,0.0022624434389140274,1.0,3,false_negative_10pct
127,certificate,3,42.0,1.0,0.96,1.25,0.1,0.0,1815,19,25,381,0.9896401308615049,0.9864130434782609,0.9880239520958084,0.962852897473997,0.0475,0.0,1.0,6,false_negative_10pct
128,certificate,3,42.0,1.0,0.96,1.25,0.1,0.0,1847,26,45,322,0.9861185264281901,0.976215644820296,0.9811420982735725,0.9294670846394985,0.07471264367816093,0.0,1.0,5,false_negative_10pct
129,certificate,3,42.0,1.0,0.96,1.25,0.1,0.0,2104,18,77,41,0.9915174363807728,0.9646950939935809,0.9779223797350686,0.9044665012406948,0.3050847457627119,0.0,1.0,2,false_negative_10pct
130,certificate,3,42.0,1.0,0.96,1.25,0.1,0.0,1991,34,84,131,0.9832098765432099,0.9595180722891566,0.9712195121951219,0.8857142857142857,0.20606060606060606,0.0,1.0,2,false_negative_10pct
131,certificate,3,42.0,1.0,0.96,1.25,0.1,0.0,1863,59,97,221,0.9693028095733611,0.9505102040816327,0.9598145285935086,0.8594436310395315,0.21071428571428572,0.0007830853563038371,1.0,5,false_negative_10pct
132,certificate,3,42.0,1.0,0.96,1.25,0.1,0.0,1964,18,62,196,0.9909182643794148,0.9693978282329714,0.9800399201596807,0.9128571428571428,0.08411214953271028,0.0007541478129713424,1.0,4,false_negative_10pct
133,certificate,3,42.0,1.0,0.96,1.25,0.1,0.0,1871,24,62,283,0.987335092348285,0.9679255043973098,0.9775339602925811,0.9124293785310734,0.0781758957654723,0.0,1.0,4,false_negative_10pct
134,certificate,3,42.0,1.0,0.96,1.25,0.1,0.0,1987,50,23,180,0.9754540991654393,0.9885572139303482,0.9819619471213243,0.9702127659574468,0.21739130434782608,0.0015325670498084292,1.0,4,false_negative_10pct
135,certificate,3,42.0,1.0,0.96,1.25,0.1,0.0,1816,50,53,321,0.9732047159699893,0.9716425896201177,0.9724230254350736,0.9190031152647975,0.1347708894878706,0.0008149959250203749,1.0,4,false_negative_10pct
136,certificate,3,42.0,1.0,0.96,1.25,0.1,0.0,1772,47,68,353,0.9741616272677295,0.9630434782608696,0.9685706477179558,0.8986587183308494,0.1175,0.0,1.0,6,false_negative_10pct
137,certificate,3,42.0,1.0,0.96,1.25,0.1,0.0,1842,63,28,307,0.9669291338582677,0.9850267379679144,0.9758940397350994,0.9598145285935085,0.17027027027027028,0.001635322976287817,1.0,5,false_negative_10pct
138,certificate,3,42.0,1.0,0.96,1.25,0.1,0.0,2045,32,25,138,0.9845931632161772,0.9879227053140096,0.9862551241861586,0.9645390070921985,0.18823529411764706,0.0,1.0,3,false_negative_10pct
139,certificate,3,42.0,1.0,0.96,1.25,0.1,0.0,2200,0,40,0,1.0,0.9821428571428571,0.9909909909909909,0.953125,0.0,0.0007102272727272727,1.0,0,false_negative_10pct
140,certificate,3,42.0,1.0,0.96,1.25,0.1,0.0,1942,52,59,187,0.9739217652958877,0.9705147426286856,0.9722152690863579,0.9193989071038251,0.2175732217573222,0.0,1.0,5,false_negative_10pct
141,certificate,3,42.0,1.0,0.96,1.25,0.1,0.0,1751,62,53,374,0.9658025372311086,0.970620842572062,0.9682056953276196,0.9178743961352657,0.14220183486238533,0.0016906170752324597,1.0,9,false_negative_10pct
142,certificate,3,42.0,1.0,0.96,1.25,0.1,0.0,2049,55,64,72,0.9738593155893536,0.9697113109323237,0.9717808868864122,0.9159891598915989,0.4330708661417323,0.0014545454545454545,1.0,2,false_negative_10pct
143,certificate,3,42.0,1.0,0.96,1.25,0.1,0.0,1746,25,112,357,0.9858836815358555,0.9397201291711518,0.9622485533204739,0.8402877697841726,0.06544502617801047,0.0008598452278589854,1.0,5,false_negative_10pct
144,certificate,3,42.0,1.0,0.96,1.25,0.1,0.0,1808,58,32,342,0.9689174705251876,0.9826086956521739,0.9757150566648678,0.9528158295281582,0.145,0.0008453085376162299,1.0,7,false_negative_10pct
145,certificate,3,42.0,1.0,0.96,1.25,0.1,0.0,1954,73,30,183,0.9639861864824865,0.9848790322580645,0.9743206182996758,0.9604365620736699,0.28515625,0.0007993605115907274,1.0,5,false_negative_10pct
146,certificate,3,42.0,1.0,0.96,1.25,0.1,0.0,1830,71,123,216,0.9626512361914782,0.9370199692780338,0.9496626881162429,0.8368983957219251,0.24738675958188153,0.0008298755186721991,1.0,6,false_negative_10pct
147,certificate,3,42.0,1.0,0.96,1.25,0.1,0.0,1704,58,65,413,0.9670828603859251,0.963256076879593,0.9651656754460494,0.9067055393586005,0.12314225053078556,0.0009233610341643582,1.0,8,false_negative_10pct
148,certificate,3,42.0,1.0,0.96,1.25,0.1,0.0,1865,24,48,303,0.9872948650079407,0.9749085206481966,0.9810625986322987,0.9286775631500743,0.07339449541284404,0.0,1.0,6,false_negative_10pct
149,certificate,3,42.0,1.0,0.96,1.25,0.1,0.0,1952,27,0,261,0.9863567458312279,1.0,0.9931315186975325,1.0,0.09375,0.0,1.0,4,false_negative_10pct
150,certificate,3,42.0,1.0,0.96,1.25,0.1,0.0,1980,26,42,192,0.9870388833499502,0.9792284866468842,0.9831181727904668,0.946164199192463,0.11926605504587157,0.001563721657544957,1.0,5,false_negative_10pct
151,certificate,3,42.0,1.0,0.96,1.25,0.1,0.0,1801,44,46,349,0.9761517615176152,0.9750947482403898,0.9756229685807151,0.9373219373219374,0.11195928753180662,0.0017467248908296944,1.0,6,false_negative_10pct
152,certificate,3,42.0,1.0,0.96,1.25,0.1,0.0,1951,15,84,190,0.9923702950152594,0.9587223587223587,0.9752561859535116,0.874251497005988,0.07317073170731707,0.0,1.0,3,false_negative_10pct
153,certificate,3,42.0,1.0,0.96,1.25,0.1,0.0,1823,64,58,295,0.9660837307896132,0.9691653375863902,0.9676220806794056,0.9163059163059163,0.17827298050139276,0.0,1.0,4,false_negative_10pct
154,certificate,3,42.0,1.0,0.96,1.25,0.1,0.0,1897,26,90,227,0.9864794591783671,0.9547055863110216,0.9703324808184143,0.8733997155049786,0.10276679841897234,0.000778816199376947,1.0,4,false_negative_10pct
155,certificate,3,42.0,1.0,0.96,1.25,0.1,0.0,2049,33,22,136,0.984149855907781,0.9893771125060358,0.9867565615217915,0.970310391363023,0.1952662721893491,0.0,1.0,4,false_negative_10pct
156,certificate,3,42.0,1.0,0.96,1.25,0.1,0.0,1832,40,43,325,0.9786324786324786,0.9770666666666666,0.9778489458233253,0.9345509893455098,0.1095890410958904,0.0,1.0,5,false_negative_10pct
157,certificate,3,42.0,1.0,0.96,1.25,0.1,0.0,1717,30,162,331,0.9828277046365197,0.9137839276210751,0.9470490899062328,0.7575301204819277,0.08310249307479224,0.0008230452674897119,1.0,5,false_negative_10pct
158,certificate,3,42.0,1.0,0.96,1.25,0.1,0.0,1866,125,0,249,0.9372174786539428,1.0,0.967591392273788,1.0,0.3342245989304813,0.0,1.0,7,false_negative_10pct
159,certificate,3,42.0,1.0,0.96,1.25,0.1,0.0,1823,50,91,276,0.9733048585157501,0.9524555903866249,0.9627673620279905,0.8806366047745358,0.15337423312883436,0.0008620689655172414,1.0,4,false_negative_10pct
160,certificate,3,42.0,1.0,0.96,1.25,0.1,0.0,1805,53,74,308,0.9714747039827771,0.9606173496540713,0.9660155204709661,0.8841940532081377,0.14681440443213298,0.0,1.0,5,false_negative_10pct
161,certificate,3,42.0,1.0,0.96,1.25,0.1,0.0,1781,74,43,342,0.9601078167115903,0.9764254385964912,0.9681978798586572,0.9337442218798151,0.1778846153846154,0.0,1.0,6,false_negative_10pct
162,certificate,3,42.0,1.0,0.96,1.25,0.1,0.0,1907,53,53,227,0.9729591836734693,0.9729591836734693,0.9729591836734693,0.9256661991584852,0.18928571428571428,0.0,1.0,4,false_negative_10pct
163,certificate,3,42.0,1.0,0.96,1.25,0.1,0.0,1934,34,22,250,0.9827235772357723,0.9887525562372188,0.9857288481141693,0.9672619047619048,0.11971830985915492,0.0,1.0,4,false_negative_10pct
164,certificate,3,42.0,1.0,0.96,1.25,0.1,0.0,1852,35,101,252,0.9814520402755696,0.9482846902201741,0.9645833333333332,0.8476621417797888,0.12195121951219512,0.0,1.0,4,false_negative_10pct
165,certificate,3,42.0,1.0,0.96,1.25,0.1,0.0,1992,21,37,190,0.9895678092399404,0.9817644159684573,0.9856506679861454,0.9431643625192012,0.0995260663507109,0.0,1.0,3,false_negative_10pct
166,certificate,3,42.0,1.0,0.96,1.25,0.1,0.0,1827,79,54,280,0.9585519412381952,0.9712918660287081,0.9648798521256932,0.9147909967845659,0.2200557103064067,0.0007942811755361397,1.0,6,false_negative_10pct
167,certificate,3,42.0,1.0,0.96,1.25,0.1,0.0,1889,43,36,272,0.977743271221532,0.9812987012987013,0.979517759917034,0.9455676516329704,0.1365079365079365,0.00078003120124805,1.0,4,false_negative_10pct
168,certificate,3,42.0,1.0,0.96,1.25,0.1,0.0,1714,21,126,379,0.9878962536023055,0.9315217391304348,0.9588811188811189,0.8101071975497703,0.0525,0.0016849199663016006,1.0,5,false_negative_10pct
169,certificate,3,42.0,1.0,0.96,1.25,0.1,0.0,1979,9,61,191,0.9954728370221329,0.9700980392156863,0.9826216484607746,0.9165507649513213,0.045,0.000757002271006813,1.0,3,false_negative_10pct
170,certificate,3,42.0,1.0,0.96,1.25,0.1,0.0,1807,63,18,352,0.9663101604278075,0.9901369863013698,0.9780784844384303,0.9701986754966887,0.15180722891566265,0.0,1.0,5,false_negative_10pct
171,certificate,3,42.0,1.0,0.96,1.25,0.1,0.0,1844,26,54,316,0.986096256684492,0.9715489989462592,0.9787685774946921,0.920704845814978,0.07602339181286549,0.0,1.0,5,false_negative_10pct
172,certificate,3,42.0,1.0,0.96,1.25,0.1,0.0,2022,6,47,165,0.9970414201183432,0.9772837119381343,0.9870637051501098,0.9402390438247012,0.03508771929824561,0.001519756838905775,1.0,2,false_negative_10pct
173,certificate,3,42.0,1.0,0.96,1.25,0.1,0.0,1952,96,26,166,0.953125,0.9868554095045501,0.9696969696969697,0.9604261796042618,0.366412213740458,0.0,1.0,5,false_negative_10pct
174,certificate,3,42.0,1.0,0.96,1.25,0.1,0.0,1817,34,17,372,0.9816315505132361,0.9907306434023991,0.9861601085481683,0.971947194719472,0.08374384236453201,0.0,1.0,6,false_negative_10pct
175,certificate,3,42.0,1.0,0.96,1.25,0.1,0.0,2080,36,13,111,0.9829867674858223,0.9937888198757764,0.9883582798764552,0.9826666666666667,0.24489795918367346,0.0,1.0,3,false_negative_10pct
176,certificate,3,42.0,1.0,0.96,1.25,0.1,0.0,2099,13,39,89,0.993844696969697,0.9817586529466792,0.987764705882353,0.9498680738786279,0.12745098039215685,0.0007246376811594203,1.0,2,false_negative_10pct
177,certificate,3,42.0,1.0,0.96,1.25,0.1,0.0,1931,24,79,206,0.9877237851662404,0.9606965174129353,0.9740226986128626,0.8884180790960452,0.10434782608695652,0.0,1.0,3,false_negative_10pct
178,certificate,3,42.0,1.0,0.96,1.25,0.1,0.0,1832,52,48,308,0.9723991507430998,0.9744680851063829,0.973432518597237,0.9322033898305084,0.14444444444444443,0.0,1.0,5,false_negative_10pct
179,certificate,3,42.0,1.0,0.96,1.25,0.1,0.0,1918,22,139,161,0.988659793814433,0.9324258629071464,0.9597197898423818,0.8184210526315789,0.12021857923497267,0.0007710100231303007,1.0,3,false_negative_10pct
180,certificate,3,42.0,1.0,0.96,1.25,0.1,0.0,1710,37,68,425,0.9788208357183743,0.9617547806524185,0.9702127659574469,0.9031339031339032,0.08008658008658008,0.0,1.0,6,false_negative_10pct
181,certificate,3,42.0,1.0,0.96,1.25,0.1,0.0,2072,44,46,78,0.9792060491493384,0.9782813975448537,0.9787435049598489,0.936986301369863,0.36065573770491804,0.0,1.0,2,false_negative_10pct
182,certificate,3,42.0,1.0,0.96,1.25,0.1,0.0,1660,96,76,408,0.9453302961275627,0.956221198156682,0.9507445589919817,0.8760611205432938,0.19047619047619047,0.0026155187445510027,1.0,9,false_negative_10pct
183,certificate,3,42.0,1.0,0.96,1.25,0.1,0.0,1822,24,102,292,0.9869989165763814,0.946985446985447,0.96657824933687,0.8595271210013908,0.0759493670886076,0.0008298755186721991,1.0,6,false_negative_10pct
184,certificate,3,42.0,1.0,0.96,1.25,0.1,0.0,2020,56,11,153,0.9730250481695568,0.9945839487936977,0.9836863890917945,0.9856209150326798,0.2679425837320574,0.0,1.0,5,false_negative_10pct
185,certificate,3,42.0,1.0,0.96,1.25,0.1,0.0,1728,21,124,367,0.9879931389365352,0.9330453563714903,0.9597334073868371,0.8153153153153153,0.05412371134020619,0.0008431703204047217,1.0,6,false_negative_10pct
186,certificate,3,42.0,1.0,0.96,1.25,0.1,0.0,1768,53,27,392,0.970895112575508,0.984958217270195,0.9778761061946902,0.9587955625990491,0.11910112359550562,0.000859106529209622,1.0,7,false_negative_10pct
187,certificate,3,42.0,1.0,0.96,1.25,0.1,0.0,1957,22,119,142,0.9888832743810005,0.9426782273603083,0.9652281134401973,0.8447368421052631,0.13414634146341464,0.0007598784194528875,1.0,2,false_negative_10pct
188,certificate,3,42.0,1.0,0.96,1.25,0.1,0.0,1780,43,49,368,0.9764125068568295,0.9732094040459267,0.9748083242059146,0.9274074074074075,0.10462287104622871,0.0,1.0,7,false_negative_10pct
189,certificate,3,42.0,1.0,0.96,1.25,0.1,0.0,1990,34,116,100,0.983201581027668,0.9449192782526116,0.9636803874092009,0.8440860215053764,0.2537313432835821,0.0,1.0,2,false_negative_10pct
190,certificate,3,42.0,1.0,0.96,1.25,0.1,0.0,1749,26,47,418,0.9853521126760564,0.9738307349665924,0.9795575469056288,0.9230769230769231,0.05855855855855856,0.0,1.0,8,false_negative_10pct
191,certificate,3,42.0,1.0,0.96,1.25,0.1,0.0,1973,6,98,163,0.9969681657402729,0.9526798647996138,0.9743209876543211,0.8680272108843538,0.03550295857988166,0.0007485029940119761,1.0,2,false_negative_10pct
192,certificate,3,42.0,1.0,0.96,1.25,0.1,0.0,1827,76,104,233,0.9600630583289543,0.9461418953909891,0.9530516431924883,0.8577348066298343,0.2459546925566343,0.0008285004142502071,1.0,5,false_negative_10pct
193,certificate,3,42.0,1.0,0.96,1.25,0.1,0.0,1881,23,36,300,0.9879201680672269,0.9812206572769953,0.9845590159644072,0.946980854197349,0.07120743034055728,0.0,1.0,5,false_negative_10pct
194,certificate,3,42.0,1.0,0.96,1.25,0.1,0.0,1802,23,119,296,0.9873972602739726,0.9380530973451328,0.9620928990923653,0.8400537634408602,0.07210031347962383,0.0,1.0,6,false_negative_10pct
195,certificate,3,42.0,1.0,0.96,1.25,0.1,0.0,1915,39,8,278,0.9800409416581372,0.9958398335933437,0.9878772246582409,0.9909502262443439,0.12302839116719243,0.0015873015873015873,1.0,4,false_negative_10pct
196,certificate,3,42.0,1.0,0.96,1.25,0.1,0.0,1978,6,121,135,0.9969758064516129,0.9423535016674607,0.9688954200342884,0.8442408376963351,0.0425531914893617,0.00149812734082397,1.0,2,false_negative_10pct
197,certificate,3,42.0,1.0,0.96,1.25,0.1,0.0,1732,56,89,363,0.9686800894854586,0.9511257550796266,0.9598226655583264,0.8636363636363636,0.13365155131264916,0.0016906170752324597,1.0,7,false_negative_10pct
198,certificate,3,42.0,1.0,0.96,1.25,0.1,0.0,1857,52,149,182,0.9727606076479832,0.9257228315054835,0.9486590038314177,0.7867435158501441,0.2222222222222222,0.0007621951219512195,1.0,4,false_negative_10pct
199,certificate,3,42.0,1.0,0.96,1.25,0.1,0.0,1832,108,40,260,0.9443298969072165,0.9786324786324786,0.9611752360965373,0.9441340782122905,0.29347826086956524,0.0,1.0,5,false_negative_10pct
200,certificate,3,42.0,1.0,0.96,1.25,0.1,0.0,1901,12,87,240,0.9937271301620492,0.9562374245472837,0.9746218918226096,0.8822733423545331,0.047619047619047616,0.0,1.0,3,false_negative_10pct
201,certificate,3,42.0,1.0,0.96,1.25,0.1,0.0,1829,80,109,222,0.9580932425353589,0.9437564499484005,0.9508708084221472,0.8465909090909091,0.26490066225165565,0.0008103727714748784,1.0,6,false_negative_10pct
202,certificate,3,42.0,1.0,0.96,1.25,0.1,0.0,1950,14,29,247,0.9928716904276986,0.9853461344113188,0.9890945980218108,0.9584527220630372,0.05363984674329502,0.0,1.0,4,false_negative_10pct
203,certificate,3,42.0,1.0,0.96,1.25,0.1,0.0,1914,38,51,237,0.9805327868852459,0.9740458015267176,0.9772785294868521,0.9317548746518106,0.13818181818181818,0.0016038492381716118,1.0,5,false_negative_10pct
204,certificate,3,42.0,1.0,0.96,1.25,0.1,0.0,1945,63,24,208,0.9686254980079682,0.9878110716099543,0.978124214231833,0.9655688622754491,0.23247232472324722,0.0007686395080707148,1.0,4,false_negative_10pct
205,certificate,3,42.0,1.0,0.96,1.25,0.1,0.0,1910,38,72,220,0.9804928131416838,0.963673057517659,0.9720101781170484,0.900976290097629,0.14728682170542637,0.0007905138339920949,1.0,4,false_negative_10pct
206,certificate,3,42.0,1.0,0.96,1.25,0.1,0.0,2076,8,33,123,0.9961612284069098,0.984352773826458,0.9902217982351539,0.9575835475578406,0.061068702290076333,0.0,1.0,3,false_negative_10pct
207,certificate,3,42.0,1.0,0.96,1.25,0.1,0.0,1773,55,49,363,0.9699124726477024,0.9731064763995609,0.9715068493150685,0.9209677419354839,0.13157894736842105,0.0,1.0,7,false_negative_10pct
208,certificate,3,42.0,1.0,0.96,1.25,0.1,0.0,1875,20,75,270,0.9894459102902374,0.9615384615384616,0.9752925877763329,0.8936170212765957,0.06896551724137931,0.0,1.0,4,false_negative_10pct
209,certificate,3,42.0,1.0,0.96,1.25,0.1,0.0,1881,41,95,223,0.9786680541103018,0.9519230769230769,0.9651103129810159,0.8661870503597122,0.1553030303030303,0.00156128024980484,1.0,5,false_negative_10pct
210,certificate,3,42.0,1.0,0.96,1.25,0.1,0.0,2076,12,42,110,0.9942528735632183,0.9801699716713881,0.9871611982881597,0.9487836107554417,0.09836065573770492,0.0014958863126402393,1.0,2,false_negative_10pct
211,certificate,3,42.0,1.0,0.96,1.25,0.1,0.0,1828,70,103,239,0.9631190727081138,0.9466597617814604,0.954818490467485,0.8528571428571429,0.22653721682847897,0.0,1.0,6,false_negative_10pct
212,certificate,3,42.0,1.0,0.96,1.25,0.1,0.0,1604,74,128,434,0.9558998808104887,0.9260969976905312,0.9407624633431085,0.7974683544303798,0.14566929133858267,0.0,1.0,7,false_negative_10pct
213,certificate,3,42.0,1.0,0.96,1.25,0.1,0.0,1912,29,37,262,0.985059247810407,0.9810159055926116,0.9830334190231361,0.9405144694533762,0.09965635738831616,0.0,1.0,4,false_negative_10pct
214,certificate,3,42.0,1.0,0.96,1.25,0.1,0.0,1862,28,143,207,0.9851851851851852,0.9286783042394015,0.9560975609756096,0.8108465608465608,0.11914893617021277,0.0,1.0,5,false_negative_10pct
215,certificate,3,42.0,1.0,0.96,1.25,0.1,0.0,1986,47,41,166,0.9768814559763895,0.9797730636408486,0.9783251231527095,0.9460916442048517,0.22065727699530516,0.0007782101167315176,1.0,4,false_negative_10pct
216,certificate,3,42.0,1.0,0.96,1.25,0.1,0.0,2068,16,108,48,0.9923224568138196,0.9503676470588235,0.9708920187793426,0.8582887700534759,0.25,0.0014005602240896359,1.0,2,false_negative_10pct
217,certificate,3,42.0,1.0,0.96,1.25,0.1,0.0,1836,46,62,296,0.975557917109458,0.9673340358271865,0.9714285714285713,0.9084194977843427,0.13450292397660818,0.0,1.0,6,false_negative_10pct
218,certificate,3,42.0,1.0,0.96,1.25,0.1,0.0,2005,25,128,82,0.9876847290640394,0.9399906235349273,0.9632476579389864,0.8472727272727273,0.2336448598130841,0.0015290519877675841,1.0,2,false_negative_10pct
219,certificate,3,42.0,1.0,0.96,1.25,0.1,0.0,1984,8,27,221,0.9959839357429718,0.9865738438587768,0.9912565575818136,0.961038961038961,0.034934497816593885,0.0,1.0,3,false_negative_10pct
220,certificate,3,42.0,1.0,0.96,1.25,0.1,0.0,2152,29,42,17,0.9867033470884915,0.9808568824065633,0.9837714285714285,0.9477707006369427,0.6304347826086957,0.0007097232079489,1.0,1,false_negative_10pct
221,certificate,3,42.0,1.0,0.96,1.25,0.1,0.0,2108,6,77,49,0.9971617786187322,0.9647597254004576,0.9806931844615027,0.9006451612903226,0.10909090909090909,0.0,1.0,2,false_negative_10pct
222,certificate,3,42.0,1.0,0.96,1.25,0.1,0.0,1848,37,42,313,0.9803713527851459,0.9777777777777777,0.9790728476821191,0.9400584795321637,0.10571428571428572,0.0008291873963515755,1.0,4,false_negative_10pct
223,certificate,3,42.0,1.0,0.96,1.25,0.1,0.0,2013,9,27,191,0.9955489614243324,0.986764705882353,0.9911373707533234,0.9593373493975904,0.045,0.0,1.0,3,false_negative_10pct
224,certificate,3,42.0,1.0,0.96,1.25,0.1,0.0,1868,29,35,308,0.9847127042698999,0.9816079873883342,0.9831578947368422,0.9498567335243553,0.08605341246290801,0.0,1.0,6,false_negative_10pct
225,certificate,3,42.0,1.0,0.96,1.25,0.1,0.0,1988,9,46,197,0.9954932398597897,0.9773844641101278,0.9863557429918134,0.9363762102351314,0.043689320388349516,0.0,1.0,3,false_negative_10pct
226,certificate,3,42.0,1.0,0.96,1.25,0.1,0.0,1726,17,123,374,0.9902467010900746,0.9334775554353705,0.9610244988864143,0.8183161004431314,0.043478260869565216,0.0,1.0,6,false_negative_10pct
227,certificate,3,42.0,1.0,0.96,1.25,0.1,0.0,1938,11,87,204,0.9943560800410467,0.957037037037037,0.9753397081026675,0.865533230293663,0.05116279069767442,0.0,1.0,3,false_negative_10pct
228,certificate,3,42.0,1.0,0.96,1.25,0.1,0.0,1793,50,44,353,0.9728703201302225,0.9760479041916168,0.9744565217391304,0.9361702127659575,0.12406947890818859,0.0016963528413910093,1.0,5,false_negative_10pct
229,certificate,3,42.0,1.0,0.96,1.25,0.1,0.0,1991,46,39,164,0.9774177712322042,0.9807881773399014,0.9791000737644454,0.9445234708392604,0.21904761904761905,0.0,1.0,4,false_negative_10pct
230,certificate,3,42.0,1.0,0.96,1.25,0.1,0.0,1949,15,156,120,0.9923625254582484,0.9258907363420428,0.957974932415827,0.8015463917525774,0.1111111111111111,0.0015048908954100827,1.0,3,false_negative_10pct
231,certificate,3,42.0,1.0,0.96,1.25,0.1,0.0,2046,8,93,93,0.9961051606621227,0.9565217391304348,0.9759122346768424,0.8839848675914249,0.07920792079207921,0.0007429420505200594,1.0,1,false_negative_10pct
232,certificate,3,42.0,1.0,0.96,1.25,0.1,0.0,1682,71,57,430,0.959498003422704,0.9672225416906268,0.963344788087056,0.9087947882736156,0.14171656686626746,0.0008888888888888889,1.0,9,false_negative_10pct
233,certificate,3,42.0,1.0,0.96,1.25,0.1,0.0,1896,67,64,213,0.9658685685175752,0.9673469387755103,0.9666071883762427,0.91268758526603,0.2392857142857143,0.0,1.0,5,false_negative_10pct
234,certificate,3,42.0,1.0,0.96,1.25,0.1,0.0,1954,9,79,198,0.9954151808456444,0.9611411706837186,0.977977977977978,0.8893557422969187,0.043478260869565216,0.0,1.0,3,false_negative_10pct
235,certificate,3,42.0,1.0,0.96,1.25,0.1,0.0,1962,27,32,219,0.9864253393665159,0.9839518555667001,0.9851870449409994,0.9551820728291317,0.10975609756097561,0.0,1.0,4,false_negative_10pct
236,certificate,3,42.0,1.0,0.96,1.25,0.1,0.0,1591,92,38,519,0.9453357100415924,0.9766728054020871,0.9607487922705314,0.9375,0.15057283142389524,0.0009643201542912247,1.0,8,false_negative_10pct
237,certificate,3,42.0,1.0,0.96,1.25,0.1,0.0,1805,13,71,351,0.9928492849284929,0.9621535181236673,0.9772604223064429,0.8976945244956772,0.03571428571428571,0.0,1.0,5,false_negative_10pct
238,certificate,3,42.0,1.0,0.96,1.25,0.1,0.0,1859,15,107,259,0.9919957310565635,0.9455747711088505,0.9682291666666667,0.8379204892966361,0.05474452554744526,0.0007621951219512195,1.0,5,false_negative_10pct
239,certificate,3,42.0,1.0,0.96,1.25,0.1,0.0,2073,56,2,109,0.973696571160169,0.9990361445783132,0.9862036156041865,0.9986486486486487,0.3393939393939394,0.000749063670411985,1.0,2,false_negative_10pct
240,certificate,3,42.0,1.0,0.96,1.25,0.1,0.0,1946,43,90,161,0.9783810960281548,0.9557956777996071,0.9669565217391305,0.8778833107191316,0.2107843137254902,0.0,1.0,4,false_negative_10pct
241,certificate,3,42.0,1.0,0.96,1.25,0.25,0.0,1827,68,76,269,0.9641160949868074,0.9600630583289543,0.9620853080568721,0.8774509803921569,0.20178041543026706,0.000774593338497289,1.0,7,false_negative_25pct
242,certificate,3,42.0,1.0,0.96,1.25,0.25,0.0,1704,48,116,372,0.9726027397260274,0.9362637362637363,0.9540873460246361,0.8289085545722714,0.11428571428571428,0.0,1.0,5,false_negative_25pct
243,certificate,3,42.0,1.0,0.96,1.25,0.25,0.0,1648,49,98,445,0.9711255156157925,0.9438717067583047,0.9573046761545163,0.8543543543543544,0.09919028340080972,0.000925925925925926,1.0,7,false_negative_25pct
244,certificate,3,42.0,1.0,0.96,1.25,0.25,0.0,1896,44,72,228,0.977319587628866,0.9634146341463414,0.9703172978505629,0.8994413407821229,0.16176470588235295,0.0,1.0,4,false_negative_25pct
245,certificate,3,42.0,1.0,0.96,1.25,0.25,0.0,1778,15,105,342,0.9916341327384273,0.9442379182156134,0.9673558215451578,0.8505747126436781,0.04201680672268908,0.0008424599831508003,1.0,7,false_negative_25pct
246,certificate,3,42.0,1.0,0.96,1.25,0.25,0.0,1789,65,124,262,0.964940668824164,0.9351803450078411,0.9498274488983276,0.8333333333333334,0.19877675840978593,0.000851063829787234,1.0,12,false_negative_25pct
247,certificate,3,42.0,1.0,0.96,1.25,0.25,0.0,1807,61,105,267,0.9673447537473233,0.9450836820083682,0.9560846560846561,0.8463810930576071,0.18597560975609756,0.0008097165991902834,1.0,7,false_negative_25pct
248,certificate,3,42.0,1.0,0.96,1.25,0.25,0.0,1893,38,110,199,0.9803210771620922,0.945082376435347,0.9623792577529232,0.844950213371266,0.16033755274261605,0.0007692307692307692,1.0,7,false_negative_25pct
249,certificate,3,42.0,1.0,0.96,1.25,0.25,0.0,1896,32,58,254,0.983402489626556,0.970317297850563,0.9768160741885625,0.9201741654571843,0.11188811188811189,0.0023715415019762848,1.0,4,false_negative_25pct
250,certificate,3,42.0,1.0,0.96,1.25,0.25,0.0,1848,22,58,312,0.9882352941176471,0.9695697796432319,0.978813559322034,0.9130434782608695,0.0658682634730539,0.0,1.0,5,false_negative_25pct
251,certificate,3,42.0,1.0,0.96,1.25,0.25,0.0,2091,21,26,102,0.9900568181818182,0.9877184695323571,0.9888862615275479,0.9655647382920111,0.17073170731707318,0.0007189072609633358,1.0,3,false_negative_25pct
252,certificate,3,42.0,1.0,0.96,1.25,0.25,0.0,1915,27,122,176,0.986096807415036,0.9401080019636721,0.9625534053782357,0.8344640434192673,0.1330049261083744,0.0,1.0,9,false_negative_25pct
253,certificate,3,42.0,1.0,0.96,1.25,0.25,0.0,1793,25,50,372,0.9862486248624862,0.9728703201302225,0.9795137940453428,0.9287790697674418,0.06297229219143577,0.0008658008658008658,1.0,9,false_negative_25pct
254,certificate,3,42.0,1.0,0.96,1.25,0.25,0.0,1870,44,94,232,0.9770114942528736,0.9521384928716904,0.964414646725116,0.8639652677279306,0.15942028985507245,0.0,1.0,5,false_negative_25pct
255,certificate,3,42.0,1.0,0.96,1.25,0.25,0.0,1932,12,19,277,0.9938271604938271,0.9902614044079959,0.9920410783055199,0.9730113636363636,0.04152249134948097,0.0,1.0,4,false_negative_25pct
256,certificate,3,42.0,1.0,0.96,1.25,0.25,0.0,1876,61,128,175,0.9685080020650491,0.936127744510978,0.9520426287744227,0.8352638352638353,0.2584745762711864,0.0,1.0,6,false_negative_25pct
257,certificate,3,42.0,1.0,0.96,1.25,0.25,0.0,1793,37,44,366,0.9797814207650273,0.9760479041916168,0.9779110989910008,0.9348148148148148,0.09181141439205956,0.0,1.0,8,false_negative_25pct
258,certificate,3,42.0,1.0,0.96,1.25,0.25,0.0,1874,69,79,218,0.9644879053010808,0.9595494111623144,0.962012320328542,0.8782742681047766,0.24041811846689895,0.0,1.0,5,false_negative_25pct
259,certificate,3,42.0,1.0,0.96,1.25,0.25,0.0,1708,81,57,394,0.9547233091112354,0.9677053824362606,0.9611705120990434,0.9082125603864735,0.1705263157894737,0.0,1.0,7,false_negative_25pct
260,certificate,3,42.0,1.0,0.96,1.25,0.25,0.0,2072,6,86,76,0.9971126082771896,0.9601482854494903,0.9782813975448537,0.893167701863354,0.07317073170731707,0.0,1.0,2,false_negative_25pct
261,certificate,3,42.0,1.0,0.96,1.25,0.25,0.0,1918,22,70,230,0.988659793814433,0.9647887323943662,0.9765784114052953,0.9047619047619048,0.0873015873015873,0.0,1.0,6,false_negative_25pct
262,certificate,3,42.0,1.0,0.96,1.25,0.25,0.0,1873,9,103,255,0.9952178533475027,0.9478744939271255,0.970969414204251,0.8539007092198582,0.03409090909090909,0.0,1.0,5,false_negative_25pct
263,certificate,3,42.0,1.0,0.96,1.25,0.25,0.0,1872,75,44,249,0.9614791987673343,0.9770354906054279,0.9691949262231425,0.9330289193302892,0.23148148148148148,0.0,1.0,6,false_negative_25pct
264,certificate,3,42.0,1.0,0.96,1.25,0.25,0.0,1801,76,125,238,0.9595098561534363,0.935098650051921,0.9471469892190376,0.8350923482849604,0.24203821656050956,0.0,1.0,7,false_negative_25pct
265,certificate,3,42.0,1.0,0.96,1.25,0.25,0.0,1836,39,151,214,0.9792,0.9240060392551586,0.9508026929052305,0.7991913746630728,0.1541501976284585,0.001606425702811245,0.9615384615384616,6,false_negative_25pct
266,certificate,3,42.0,1.0,0.96,1.25,0.25,0.0,1941,39,156,104,0.9803030303030303,0.9256080114449213,0.9521707137601177,0.7992277992277992,0.2727272727272727,0.0,1.0,4,false_negative_25pct
267,certificate,3,42.0,1.0,0.96,1.25,0.25,0.0,1735,44,107,354,0.9752670039347948,0.9419109663409337,0.9582988124827396,0.8394495412844036,0.11055276381909548,0.0016835016835016834,1.0,7,false_negative_25pct
268,certificate,3,42.0,1.0,0.96,1.25,0.25,0.0,2026,9,115,90,0.9955773955773956,0.9462867818776273,0.9703065134099615,0.8516556291390729,0.09090909090909091,0.0021645021645021645,1.0,5,false_negative_25pct
269,certificate,3,42.0,1.0,0.96,1.25,0.25,0.0,2012,10,24,194,0.9950544015825915,0.9882121807465619,0.99162148841794,0.967828418230563,0.049019607843137254,0.0,1.0,3,false_negative_25pct
270,certificate,3,42.0,1.0,0.96,1.25,0.25,0.0,1661,58,86,435,0.9662594531704479,0.9507727532913566,0.9584535487593769,0.8717948717948718,0.11764705882352941,0.0009225092250922509,1.0,9,false_negative_25pct
271,certificate,3,42.0,1.0,0.96,1.25,0.25,0.0,1938,18,87,197,0.99079754601227,0.957037037037037,0.9736247174076866,0.8789173789173789,0.08372093023255814,0.0015117157974300832,1.0,6,false_negative_25pct
272,certificate,3,42.0,1.0,0.96,1.25,0.25,0.0,1749,29,179,283,0.9836895388076491,0.9071576763485477,0.9438747976254723,0.7527777777777778,0.09294871794871795,0.0008278145695364238,1.0,8,false_negative_25pct
273,certificate,3,42.0,1.0,0.96,1.25,0.25,0.0,1838,46,81,275,0.975583864118896,0.9577905158936947,0.9666053115961084,0.8870292887029289,0.14330218068535824,0.0,1.0,10,false_negative_25pct
274,certificate,3,42.0,1.0,0.96,1.25,0.25,0.0,2015,9,85,131,0.9955533596837944,0.9595238095238096,0.9772065955383124,0.8766328011611031,0.06428571428571428,0.0,1.0,7,false_negative_25pct
275,certificate,3,42.0,1.0,0.96,1.25,0.25,0.0,1867,44,28,301,0.9769754055468342,0.9852242744063324,0.9810825013137151,0.95952023988006,0.12753623188405797,0.0008143322475570033,1.0,7,false_negative_25pct
276,certificate,3,42.0,1.0,0.96,1.25,0.25,0.0,1988,62,34,156,0.9697560975609756,0.9831849653808111,0.9764243614931238,0.9530386740331491,0.28440366972477066,0.0,1.0,4,false_negative_25pct
277,certificate,3,42.0,1.0,0.96,1.25,0.25,0.0,1669,57,71,443,0.9669756662804172,0.9591954022988506,0.9630698211194462,0.8938461538461538,0.114,0.001834862385321101,1.0,10,false_negative_25pct
278,certificate,3,42.0,1.0,0.96,1.25,0.25,0.0,1834,32,66,308,0.9828510182207931,0.9652631578947368,0.9739776951672862,0.9118046132971506,0.09411764705882353,0.0008598452278589854,1.0,7,false_negative_25pct
279,certificate,3,42.0,1.0,0.96,1.25,0.25,0.0,2106,3,105,26,0.9985775248933144,0.9525101763907734,0.975,0.8622047244094488,0.10344827586206896,0.0,1.0,4,false_negative_25pct
280,certificate,3,42.0,1.0,0.96,1.25,0.25,0.0,2072,0,168,0,1.0,0.925,0.961038961038961,0.7873417721518987,0.0,0.0,1.0,4,false_negative_25pct
281,certificate,3,42.0,1.0,0.96,1.25,0.25,0.0,2096,0,144,0,1.0,0.9357142857142857,0.966789667896679,0.8222222222222222,0.0,0.0,1.0,1,false_negative_25pct
282,certificate,3,42.0,1.0,0.96,1.25,0.25,0.0,1895,34,79,232,0.9823742871954381,0.9599797365754813,0.9710479118626698,0.8769470404984424,0.12781954887218044,0.0,1.0,4,false_negative_25pct
283,certificate,3,42.0,1.0,0.96,1.25,0.25,0.0,1954,15,66,205,0.9923819197562215,0.9673267326732673,0.979694158937077,0.910958904109589,0.06818181818181818,0.0007751937984496124,1.0,6,false_negative_25pct
284,certificate,3,42.0,1.0,0.96,1.25,0.25,0.0,1973,21,137,109,0.9894684052156469,0.9350710900473934,0.9615009746588694,0.8154681139755766,0.16153846153846155,0.0007283321194464676,1.0,5,false_negative_25pct
285,certificate,3,42.0,1.0,0.96,1.25,0.25,0.0,1715,30,67,428,0.9828080229226361,0.9624017957351291,0.9724978735469237,0.9018691588785047,0.06550218340611354,0.0035087719298245615,0.9666666666666667,8,false_negative_25pct
286,certificate,3,42.0,1.0,0.96,1.25,0.25,0.0,1942,63,64,171,0.9685785536159601,0.9680957128614157,0.968337073049115,0.9157894736842105,0.2692307692307692,0.0,1.0,4,false_negative_25pct
287,certificate,3,42.0,1.0,0.96,1.25,0.25,0.0,2121,8,21,90,0.9962423673085956,0.9901960784313726,0.9932100210723485,0.9730769230769231,0.08163265306122448,0.0,1.0,3,false_negative_25pct
288,certificate,3,42.0,1.0,0.96,1.25,0.25,0.0,2091,16,62,71,0.992406264831514,0.9712029725963771,0.9816901408450704,0.9182058047493403,0.1839080459770115,0.0,1.0,3,false_negative_25pct
289,certificate,3,42.0,1.0,0.96,1.25,0.25,0.0,1853,14,104,269,0.9925013390465989,0.9468574348492591,0.9691422594142259,0.8454680534918276,0.04946996466431095,0.0,1.0,7,false_negative_25pct
290,certificate,3,42.0,1.0,0.96,1.25,0.25,0.0,1718,61,124,337,0.9657110736368747,0.9326818675352877,0.9489091411212374,0.8191176470588235,0.15326633165829145,0.0008605851979345956,1.0,6,false_negative_25pct
291,certificate,3,42.0,1.0,0.96,1.25,0.25,0.0,1889,12,98,241,0.9936875328774329,0.9506794162053347,0.9717078189300412,0.8665749656121046,0.04743083003952569,0.0007936507936507937,1.0,6,false_negative_25pct
292,certificate,3,42.0,1.0,0.96,1.25,0.25,0.0,1996,30,41,173,0.9851924975320829,0.9798723613156602,0.9825252276642875,0.9439124487004104,0.1477832512315271,0.0,1.0,4,false_negative_25pct
293,certificate,3,42.0,1.0,0.96,1.25,0.25,0.0,1922,9,64,245,0.9953392024857587,0.9677744209466264,0.9813632882307888,0.9073806078147613,0.03543307086614173,0.0,1.0,7,false_negative_25pct
294,certificate,3,42.0,1.0,0.96,1.25,0.25,0.0,1673,79,103,385,0.9549086757990868,0.9420045045045045,0.9484126984126984,0.8362480127186009,0.17025862068965517,0.0,1.0,11,false_negative_25pct
295,certificate,3,42.0,1.0,0.96,1.25,0.25,0.0,2021,14,56,149,0.9931203931203931,0.97303803562831,0.982976653696498,0.9228650137741047,0.08588957055214724,0.0,1.0,5,false_negative_25pct
296,certificate,3,42.0,1.0,0.96,1.25,0.25,0.0,1890,42,41,267,0.9782608695652174,0.9787674779906784,0.9785141082060574,0.9390787518573551,0.13592233009708737,0.0,1.0,7,false_negative_25pct
297,certificate,3,42.0,1.0,0.96,1.25,0.25,0.0,1802,69,55,314,0.963121325494388,0.970382337102854,0.9667381974248926,0.9181818181818182,0.1801566579634465,0.000835421888053467,1.0,7,false_negative_25pct
298,certificate,3,42.0,1.0,0.96,1.25,0.25,0.0,1877,43,43,277,0.9776041666666667,0.9776041666666667,0.9776041666666667,0.9337442218798151,0.134375,0.0,1.0,5,false_negative_25pct
299,certificate,3,42.0,1.0,0.96,1.25,0.25,0.0,1984,25,157,74,0.9875559980089597,0.9266697804764129,0.9561445783132531,0.7974193548387096,0.25252525252525254,0.0,1.0,4,false_negative_25pct
300,certificate,3,42.0,1.0,0.96,1.25,0.25,0.0,1828,19,199,194,0.989713048186248,0.9018253576714356,0.9437274135260711,0.7608695652173914,0.0892018779342723,0.0008340283569641367,1.0,3,false_negative_25pct
301,certificate,3,42.0,1.0,0.96,1.25,0.25,0.0,1679,37,100,424,0.9784382284382285,0.9437886453063519,0.9608011444921316,0.8454258675078864,0.08026030368763558,0.0017467248908296944,1.0,7,false_negative_25pct
302,certificate,3,42.0,1.0,0.96,1.25,0.25,0.0,1705,60,127,348,0.9660056657223796,0.9306768558951966,0.9480122324159022,0.8072837632776935,0.14705882352941177,0.0,1.0,9,false_negative_25pct
303,certificate,3,42.0,1.0,0.96,1.25,0.25,0.0,1949,39,103,149,0.9803822937625755,0.9498050682261209,0.9648514851485147,0.8581267217630854,0.2074468085106383,0.0,1.0,7,false_negative_25pct
304,certificate,3,42.0,1.0,0.96,1.25,0.25,0.0,1885,27,47,281,0.9858786610878661,0.9756728778467909,0.9807492195629554,0.9337094499294781,0.08766233766233766,0.0,1.0,4,false_negative_25pct
305,certificate,3,42.0,1.0,0.96,1.25,0.25,0.0,1881,53,48,258,0.9725956566701137,0.9751166407465007,0.9738545172145999,0.9320809248554913,0.17041800643086816,0.0008084074373484236,1.0,5,false_negative_25pct
306,certificate,3,42.0,1.0,0.96,1.25,0.25,0.0,1905,34,63,238,0.9824651882413615,0.9679878048780488,0.975172766828769,0.9038759689922481,0.125,0.0007558578987150416,1.0,5,false_negative_25pct
307,certificate,3,42.0,1.0,0.96,1.25,0.25,0.0,1861,40,64,275,0.9789584429247764,0.9667532467532467,0.9728175640355462,0.9073529411764706,0.12698412698412698,0.0008032128514056225,1.0,4,false_negative_25pct
308,certificate,3,42.0,1.0,0.96,1.25,0.25,0.0,2027,24,79,110,0.9882983910287665,0.9624881291547959,0.9752225162376714,0.8992346938775511,0.1791044776119403,0.0,1.0,4,false_negative_25pct
309,certificate,3,42.0,1.0,0.96,1.25,0.25,0.0,2125,3,80,32,0.9985902255639098,0.963718820861678,0.9808446803600278,0.905683192261185,0.08571428571428572,0.001451378809869376,0.96875,4,false_negative_25pct
310,certificate,3,42.0,1.0,0.96,1.25,0.25,0.0,1671,132,63,374,0.9267886855241264,0.9636678200692042,0.9448685326547921,0.8941176470588236,0.2608695652173913,0.0,1.0,9,false_negative_25pct
311,certificate,3,42.0,1.0,0.96,1.25,0.25,0.0,1641,53,81,465,0.9687131050767415,0.9529616724738676,0.9607728337236534,0.8728414442700158,0.10231660231660232,0.0,1.0,8,false_negative_25pct
312,certificate,3,42.0,1.0,0.96,1.25,0.25,0.0,1885,15,82,258,0.9921052631578947,0.958312150482969,0.9749159555210758,0.8935064935064935,0.054945054945054944,0.0,1.0,9,false_negative_25pct
313,certificate,3,42.0,1.0,0.96,1.25,0.25,0.0,1812,76,107,245,0.9597457627118644,0.9442417926003127,0.9519306540583137,0.8413173652694611,0.2367601246105919,0.0007993605115907274,1.0,8,false_negative_25pct
314,certificate,3,42.0,1.0,0.96,1.25,0.25,0.0,1950,13,62,215,0.9933774834437086,0.9691848906560636,0.9811320754716981,0.9211195928753181,0.05701754385964912,0.0,1.0,5,false_negative_25pct
315,certificate,3,42.0,1.0,0.96,1.25,0.25,0.0,1925,9,71,235,0.9953464322647363,0.9644288577154309,0.9796437659033079,0.9002808988764045,0.036885245901639344,0.0,1.0,4,false_negative_25pct
316,certificate,3,42.0,1.0,0.96,1.25,0.25,0.0,1833,48,74,285,0.9744816586921851,0.9611955951756685,0.9677930306230201,0.8945868945868946,0.14414414414414414,0.0,1.0,9,false_negative_25pct
317,certificate,3,42.0,1.0,0.96,1.25,0.25,0.0,1713,36,100,391,0.9794168096054888,0.9448428019856592,0.9618192026951151,0.8453125,0.08430913348946135,0.0008525149190110827,1.0,7,false_negative_25pct
318,certificate,3,42.0,1.0,0.96,1.25,0.25,0.0,2014,27,49,150,0.9867711905928467,0.9762481822588464,0.9814814814814815,0.9346049046321526,0.15254237288135594,0.0007524454477050414,1.0,5,false_negative_25pct
319,certificate,3,42.0,1.0,0.96,1.25,0.25,0.0,1870,62,120,188,0.9679089026915114,0.9396984924623115,0.9535951045385007,0.8218562874251497,0.248,0.0007564296520423601,1.0,7,false_negative_25pct
320,certificate,3,42.0,1.0,0.96,1.25,0.25,0.0,1991,31,72,146,0.9846686449060337,0.9650993698497334,0.9747858017135863,0.9048275862068965,0.1751412429378531,0.002242152466367713,1.0,3,false_negative_25pct
321,certificate,3,42.0,1.0,0.96,1.25,0.25,0.0,1942,30,76,192,0.9847870182555781,0.9623389494549058,0.9734335839598998,0.9024390243902439,0.13513513513513514,0.0,1.0,5,false_negative_25pct
322,certificate,3,42.0,1.0,0.96,1.25,0.25,0.0,1787,32,92,329,0.9824079164376031,0.951037786056413,0.9664683612763655,0.85625,0.0886426592797784,0.0,1.0,7,false_negative_25pct
323,certificate,3,42.0,1.0,0.96,1.25,0.25,0.0,2014,35,11,180,0.9829184968277208,0.994567901234568,0.9887088856161022,0.9854497354497355,0.16279069767441862,0.0,1.0,4,false_negative_25pct
324,certificate,3,42.0,1.0,0.96,1.25,0.25,0.0,1813,23,82,322,0.9874727668845316,0.9567282321899736,0.971857410881801,0.8779761904761905,0.06666666666666667,0.0,1.0,7,false_negative_25pct
325,certificate,3,42.0,1.0,0.96,1.25,0.25,0.0,1806,21,31,382,0.9885057471264368,0.9831246597713663,0.9858078602620086,0.9546120058565154,0.052109181141439205,0.0,1.0,6,false_negative_25pct
326,certificate,3,42.0,1.0,0.96,1.25,0.25,0.0,1783,18,68,371,0.9900055524708495,0.9632631010264722,0.9764512595837898,0.8935837245696401,0.04627249357326478,0.0,1.0,7,false_negative_25pct
327,certificate,3,42.0,1.0,0.96,1.25,0.25,0.0,1873,29,94,244,0.9847528916929548,0.9522114895780376,0.9682088394934092,0.8710562414266118,0.10622710622710622,0.0,1.0,11,false_negative_25pct
328,certificate,3,42.0,1.0,0.96,1.25,0.25,0.0,1640,86,97,417,0.9501738122827347,0.9441565918249856,0.9471556453941669,0.839041095890411,0.1709741550695825,0.0026019080659150044,1.0,8,false_negative_25pct
329,certificate,3,42.0,1.0,0.96,1.25,0.25,0.0,2065,20,43,112,0.9904076738609112,0.9796015180265655,0.984974958263773,0.9419889502762431,0.15151515151515152,0.000722543352601156,1.0,3,false_negative_25pct
330,certificate,3,42.0,1.0,0.96,1.25,0.25,0.0,1969,12,30,229,0.993942453306411,0.984992496248124,0.9894472361809045,0.9586776859504132,0.04979253112033195,0.0,1.0,4,false_negative_25pct
331,certificate,3,42.0,1.0,0.96,1.25,0.25,0.0,1799,33,60,348,0.9819868995633187,0.9677245831091985,0.9748035762665944,0.9093701996927803,0.08661417322834646,0.0008278145695364238,1.0,7,false_negative_25pct
332,certificate,3,42.0,1.0,0.96,1.25,0.25,0.0,1951,27,63,199,0.9863498483316482,0.9687189672293942,0.9774549098196392,0.9066666666666666,0.11946902654867257,0.0,1.0,4,false_negative_25pct
333,certificate,3,42.0,1.0,0.96,1.25,0.25,0.0,1819,38,113,270,0.979536887452881,0.9415113871635611,0.9601477962523093,0.8431372549019608,0.12337662337662338,0.0008210180623973727,1.0,7,false_negative_25pct
334,certificate,3,42.0,1.0,0.96,1.25,0.25,0.0,1820,59,114,247,0.9686003193187865,0.9410548086866598,0.954628901127721,0.8373751783166904,0.19281045751633988,0.0,1.0,6,false_negative_25pct
335,certificate,3,42.0,1.0,0.96,1.25,0.25,0.0,2021,23,53,143,0.988747553816047,0.9744455159112826,0.9815444390480815,0.9288590604026845,0.13855421686746988,0.0,1.0,3,false_negative_25pct
336,certificate,3,42.0,1.0,0.96,1.25,0.25,0.0,1948,8,61,223,0.9959100204498977,0.9696366351418616,0.9825977301387138,0.9130434782608695,0.03463203463203463,0.000758150113722517,0.96875,6,false_negative_25pct
337,certificate,3,42.0,1.0,0.96,1.25,0.25,0.0,1436,49,99,656,0.967003367003367,0.9355048859934854,0.9509933774834437,0.8104448742746615,0.06950354609929078,0.0009823182711198428,1.0,10,false_negative_25pct
338,certificate,3,42.0,1.0,0.96,1.25,0.25,0.0,1872,46,57,265,0.9760166840458812,0.9704510108864697,0.9732258903041331,0.915680473372781,0.14790996784565916,0.0,1.0,7,false_negative_25pct
339,certificate,3,42.0,1.0,0.96,1.25,0.25,0.0,1725,59,74,382,0.9669282511210763,0.9588660366870484,0.9628802679319006,0.8802588996763754,0.13378684807256236,0.0,1.0,8,false_negative_25pct
340,certificate,3,42.0,1.0,0.96,1.25,0.25,0.0,1892,25,132,191,0.9869587897756912,0.9347826086956522,0.9601623953311342,0.8123209169054442,0.11574074074074074,0.0007541478129713424,1.0,7,false_negative_25pct
341,certificate,3,42.0,1.0,0.96,1.25,0.25,0.0,1767,43,66,364,0.976243093922652,0.9639934533551555,0.9700796047213834,0.9077809798270894,0.10565110565110565,0.001755926251097454,1.0,8,false_negative_25pct
342,certificate,3,42.0,1.0,0.96,1.25,0.25,0.0,1851,24,30,335,0.9872,0.9840510366826156,0.9856230031948882,0.9529780564263323,0.06685236768802229,0.0,1.0,6,false_negative_25pct
343,certificate,3,42.0,1.0,0.96,1.25,0.25,0.0,1971,24,31,214,0.98796992481203,0.9845154845154845,0.9862396797598199,0.959731543624161,0.10084033613445378,0.0007955449482895784,1.0,3,false_negative_25pct
344,certificate,3,42.0,1.0,0.96,1.25,0.25,0.0,1958,24,109,149,0.987891019172553,0.9472665699080793,0.9671523833045196,0.853887399463807,0.13872832369942195,0.0,1.0,5,false_negative_25pct
345,certificate,3,42.0,1.0,0.96,1.25,0.25,0.0,1873,59,46,262,0.9694616977225673,0.976029181865555,0.9727343547130616,0.9276729559748428,0.1838006230529595,0.0,1.0,4,false_negative_25pct
346,certificate,3,42.0,1.0,0.96,1.25,0.25,0.0,2019,16,49,156,0.9921375921375921,0.9763056092843327,0.9841579332195954,0.9321329639889196,0.09302325581395349,0.0,1.0,6,false_negative_25pct
347,certificate,3,42.0,1.0,0.96,1.25,0.25,0.0,1904,49,37,250,0.974910394265233,0.9809376609994848,0.977914740626605,0.9451851851851852,0.16387959866220736,0.0,1.0,6,false_negative_25pct
348,certificate,3,42.0,1.0,0.96,1.25,0.25,0.0,2039,11,30,160,0.9946341463414634,0.9855002416626389,0.9900461277008984,0.9627659574468085,0.06432748538011696,0.0015186028853454822,1.0,5,false_negative_25pct
349,certificate,3,42.0,1.0,0.96,1.25,0.25,0.0,1717,26,145,352,0.985083189902467,0.9221267454350162,0.9525658807212205,0.7951635846372689,0.06878306878306878,0.0008628127696289905,1.0,10,false_negative_25pct
350,certificate,3,42.0,1.0,0.96,1.25,0.25,0.0,1872,17,102,249,0.9910005293806247,0.9483282674772037,0.9691949262231426,0.8531976744186046,0.06390977443609022,0.0007776049766718507,1.0,4,false_negative_25pct
351,certificate,3,42.0,1.0,0.96,1.25,0.25,0.0,2004,11,101,124,0.9945409429280397,0.9520190023752969,0.9728155339805825,0.8639455782312925,0.08148148148148149,0.00072992700729927,1.0,7,false_negative_25pct
352,certificate,3,42.0,1.0,0.96,1.25,0.25,0.0,1957,28,56,199,0.9858942065491184,0.972180824639841,0.9789894947473737,0.925531914893617,0.12334801762114538,0.0,1.0,6,false_negative_25pct
353,certificate,3,42.0,1.0,0.96,1.25,0.25,0.0,1854,29,55,302,0.984599044078598,0.9711891042430592,0.9778481012658227,0.9128367670364501,0.08761329305135952,0.0,1.0,7,false_negative_25pct
354,certificate,3,42.0,1.0,0.96,1.25,0.25,0.0,2056,6,46,132,0.997090203685742,0.978116079923882,0.9875120076849183,0.9425287356321839,0.043478260869565216,0.000758150113722517,1.0,2,false_negative_25pct
355,certificate,3,42.0,1.0,0.96,1.25,0.25,0.0,1879,41,101,219,0.9786458333333333,0.9489898989898989,0.9635897435897436,0.8679738562091504,0.1576923076923077,0.0,1.0,5,false_negative_25pct
356,certificate,3,42.0,1.0,0.96,1.25,0.25,0.0,1974,27,55,184,0.9865067466266867,0.9728930507639231,0.979652605459057,0.9219858156028369,0.12796208530805686,0.0,1.0,4,false_negative_25pct
357,certificate,3,42.0,1.0,0.96,1.25,0.25,0.0,1854,10,169,207,0.9946351931330472,0.9164607019278299,0.9539490609724723,0.7723577235772358,0.04608294930875576,0.0007782101167315176,1.0,3,false_negative_25pct
358,certificate,3,42.0,1.0,0.96,1.25,0.25,0.0,1897,28,38,277,0.9854545454545455,0.9803617571059432,0.9829015544041451,0.9454022988505747,0.09180327868852459,0.0,1.0,5,false_negative_25pct
359,certificate,3,42.0,1.0,0.96,1.25,0.25,0.0,1881,25,75,259,0.9868835257082896,0.9616564417177914,0.974106680476437,0.8897058823529411,0.0880281690140845,0.0,1.0,5,false_negative_25pct
360,certificate,3,42.0,1.0,0.96,1.25,0.25,0.0,2018,9,67,146,0.9955599407992106,0.9678657074340528,0.9815175097276263,0.9159120310478654,0.05806451612903226,0.001524390243902439,1.0,7,false_negative_25pct
361,certificate,3,42.0,1.0,0.96,1.25,0.5,0.0,1576,62,247,355,0.9621489621489622,0.8645090510148108,0.9107194452470385,0.6085578446909667,0.1486810551558753,0.0,1.0,19,false_negative_50pct
362,certificate,3,42.0,1.0,0.96,1.25,0.5,0.0,1775,8,266,191,0.9955131800336512,0.869671729544341,0.9283472803347281,0.6424731182795699,0.04020100502512563,0.0,1.0,16,false_negative_50pct
363,certificate,3,42.0,1.0,0.96,1.25,0.5,0.0,1532,11,315,382,0.9928710304601426,0.8294531672983216,0.903834808259587,0.5389133627019089,0.027989821882951654,0.0008576329331046312,1.0,22,false_negative_50pct
364,certificate,3,42.0,1.0,0.96,1.25,0.5,0.0,1729,37,303,171,0.9790486976217441,0.8508858267716536,0.9104791995787257,0.6044386422976501,0.1778846153846154,0.0,1.0,19,false_negative_50pct
365,certificate,3,42.0,1.0,0.96,1.25,0.5,0.0,1681,12,344,203,0.9929119905493208,0.8301234567901234,0.9042495965572889,0.546772068511199,0.05581395348837209,0.0,1.0,18,false_negative_50pct
366,certificate,3,42.0,1.0,0.96,1.25,0.5,0.0,1821,9,168,242,0.9950819672131147,0.9155354449472096,0.9536527886881382,0.7514792899408284,0.035856573705179286,0.0,1.0,19,false_negative_50pct
367,certificate,3,42.0,1.0,0.96,1.25,0.5,0.0,1846,51,235,108,0.9731154454401687,0.8870735223450265,0.9281045751633988,0.6895640686922061,0.32075471698113206,0.0,1.0,15,false_negative_50pct
368,certificate,3,42.0,1.0,0.96,1.25,0.5,0.0,1736,12,188,304,0.9931350114416476,0.9022869022869023,0.9455337690631809,0.719640179910045,0.0379746835443038,0.0007955449482895784,1.0,16,false_negative_50pct
369,certificate,3,42.0,1.0,0.96,1.25,0.5,0.0,1424,67,313,436,0.9550637156270959,0.819804260218768,0.8822800495662949,0.47128378378378377,0.13320079522862824,0.0,1.0,18,false_negative_50pct
370,certificate,3,42.0,1.0,0.96,1.25,0.5,0.0,1811,18,211,200,0.9901585565882997,0.8956478733926805,0.9405349259932485,0.7311139564660691,0.08256880733944955,0.0008058017727639,0.9655172413793104,17,false_negative_50pct
371,certificate,3,42.0,1.0,0.96,1.25,0.5,0.0,1703,10,225,302,0.9941622883829538,0.883298755186722,0.9354572919527602,0.6853146853146853,0.03205128205128205,0.0,1.0,22,false_negative_50pct
372,certificate,3,42.0,1.0,0.96,1.25,0.5,0.0,1759,9,200,272,0.9949095022624435,0.8979070954568658,0.9439227260531259,0.7385019710906702,0.03202846975088968,0.0008347245409015025,0.9666666666666667,16,false_negative_50pct
373,certificate,3,42.0,1.0,0.96,1.25,0.5,0.0,1708,12,179,341,0.9930232558139535,0.9051404345521993,0.9470474078181315,0.7300150829562594,0.0339943342776204,0.0,1.0,15,false_negative_50pct
374,certificate,3,42.0,1.0,0.96,1.25,0.5,0.0,1820,5,238,177,0.9972602739726028,0.8843537414965986,0.937419520988926,0.6836461126005362,0.027472527472527472,0.001524390243902439,0.9411764705882353,23,false_negative_50pct
375,certificate,3,42.0,1.0,0.96,1.25,0.5,0.0,1629,21,310,280,0.9872727272727273,0.8401237751418257,0.9077737531345779,0.5743801652892562,0.06976744186046512,0.0008244023083264633,1.0,20,false_negative_50pct
376,certificate,3,42.0,1.0,0.96,1.25,0.5,0.0,1513,49,234,444,0.9686299615877081,0.866056096164854,0.9144756724085826,0.6375,0.09939148073022312,0.0018066847335140017,1.0,22,false_negative_50pct
377,certificate,3,42.0,1.0,0.96,1.25,0.5,0.0,1548,34,290,368,0.9785082174462706,0.8422198041349293,0.9052631578947369,0.5747800586510264,0.0845771144278607,0.0,1.0,20,false_negative_50pct
378,certificate,3,42.0,1.0,0.96,1.25,0.5,0.0,1815,3,181,241,0.9983498349834984,0.9093186372745491,0.9517566858940746,0.7379912663755459,0.012295081967213115,0.0007639419404125286,0.9714285714285714,15,false_negative_50pct
379,certificate,3,42.0,1.0,0.96,1.25,0.5,0.0,1919,3,167,151,0.9984391259105099,0.9199424736337488,0.9575848303393213,0.7799736495388669,0.01948051948051948,0.0,1.0,17,false_negative_50pct
380,certificate,3,42.0,1.0,0.96,1.25,0.5,0.0,1802,9,181,248,0.9950303699613473,0.9087241553202219,0.9499209277807065,0.7372262773722628,0.03501945525291829,0.0007704160246533128,1.0,11,false_negative_50pct
381,certificate,3,42.0,1.0,0.96,1.25,0.5,0.0,1650,67,121,402,0.9609784507862551,0.9316770186335404,0.9461009174311926,0.8023064250411862,0.14285714285714285,0.000859106529209622,1.0,14,false_negative_50pct
382,certificate,3,42.0,1.0,0.96,1.25,0.5,0.0,1792,30,174,244,0.9835345773874863,0.9114954221770092,0.9461457233368532,0.7317829457364341,0.10948905109489052,0.000757002271006813,1.0,11,false_negative_50pct
383,certificate,3,42.0,1.0,0.96,1.25,0.5,0.0,1835,6,197,202,0.9967409016838674,0.9030511811023622,0.9475858507616833,0.7512755102040817,0.028846153846153848,0.0016025641025641025,0.9444444444444444,14,false_negative_50pct
384,certificate,3,42.0,1.0,0.96,1.25,0.5,0.0,1665,17,229,329,0.9898929845422116,0.8790918690601901,0.9312080536912751,0.6681222707423581,0.049132947976878616,0.0008285004142502071,0.967741935483871,19,false_negative_50pct
385,certificate,3,42.0,1.0,0.96,1.25,0.5,0.0,1874,9,228,129,0.9952203929899097,0.8915318744053282,0.9405269761606022,0.6844319775596073,0.06521739130434782,0.0021598272138228943,1.0,22,false_negative_50pct
386,certificate,3,42.0,1.0,0.96,1.25,0.5,0.0,1633,18,301,288,0.9890975166565718,0.844364012409514,0.9110181311018131,0.5827538247566064,0.058823529411764705,0.0008230452674897119,0.967741935483871,23,false_negative_50pct
387,certificate,3,42.0,1.0,0.96,1.25,0.5,0.0,1653,66,131,390,0.9616055846422339,0.9265695067264574,0.9437624892948903,0.7914012738853503,0.14473684210526316,0.0,1.0,16,false_negative_50pct
388,certificate,3,42.0,1.0,0.96,1.25,0.5,0.0,1668,40,331,201,0.9765807962529274,0.8344172086043021,0.8999190720258969,0.5416666666666666,0.16597510373443983,0.0007818608287724785,1.0,17,false_negative_50pct
389,certificate,3,42.0,1.0,0.96,1.25,0.5,0.0,1800,11,317,112,0.9939260077305356,0.8502598016060463,0.9164969450101833,0.6037974683544304,0.08943089430894309,0.003014318010550113,0.9285714285714286,21,false_negative_50pct
390,certificate,3,42.0,1.0,0.96,1.25,0.5,0.0,1888,24,169,159,0.9874476987447699,0.9178415167719981,0.9513731418493323,0.7585714285714286,0.13114754098360656,0.0,1.0,14,false_negative_50pct
391,certificate,3,42.0,1.0,0.96,1.25,0.5,0.0,1890,6,184,160,0.9968354430379747,0.9112825458052073,0.9521410579345089,0.7537012113055181,0.03614457831325301,0.0007513148009015778,0.9642857142857143,14,false_negative_50pct
392,certificate,3,42.0,1.0,0.96,1.25,0.5,0.0,1686,16,248,290,0.9905992949471211,0.8717683557394003,0.9273927392739274,0.6292974588938715,0.05228758169934641,0.0,1.0,19,false_negative_50pct
393,certificate,3,42.0,1.0,0.96,1.25,0.5,0.0,1682,17,264,277,0.9899941141848146,0.8643371017471737,0.9229080932784637,0.6248216833095578,0.05782312925170068,0.0008032128514056225,1.0,21,false_negative_50pct
394,certificate,3,42.0,1.0,0.96,1.25,0.5,0.0,1680,13,251,296,0.9923213230950975,0.8700155359917141,0.9271523178807947,0.6565517241379311,0.042071197411003236,0.001658374792703151,0.9696969696969697,21,false_negative_50pct
395,certificate,3,42.0,1.0,0.96,1.25,0.5,0.0,1822,8,242,168,0.9956284153005465,0.8827519379844961,0.935798664612224,0.6666666666666666,0.045454545454545456,0.0007457121551081282,1.0,20,false_negative_50pct
396,certificate,3,42.0,1.0,0.96,1.25,0.5,0.0,1855,30,200,155,0.9840848806366048,0.902676399026764,0.9416243654822335,0.6989409984871406,0.16216216216216217,0.0007173601147776184,1.0,14,false_negative_50pct
397,certificate,3,42.0,1.0,0.96,1.25,0.5,0.0,1664,14,290,272,0.9916567342073898,0.8515864892528148,0.9162995594713657,0.595536959553696,0.04895104895104895,0.0,1.0,19,false_negative_50pct
398,certificate,3,42.0,1.0,0.96,1.25,0.5,0.0,1577,24,219,420,0.9850093691442848,0.8780623608017817,0.928466293788637,0.684971098265896,0.05405405405405406,0.0009057971014492754,1.0,18,false_negative_50pct
399,certificate,3,42.0,1.0,0.96,1.25,0.5,0.0,1827,44,111,258,0.9764831640833779,0.9427244582043344,0.9593069046993963,0.828393135725429,0.1456953642384106,0.0007710100231303007,1.0,18,false_negative_50pct
400,certificate,3,42.0,1.0,0.96,1.25,0.5,0.0,1618,33,218,371,0.9800121138703816,0.8812636165577342,0.9280183538858617,0.6630434782608695,0.08168316831683169,0.0008389261744966443,0.9642857142857143,22,false_negative_50pct
401,certificate,3,42.0,1.0,0.96,1.25,0.5,0.0,1699,32,205,304,0.9815135759676488,0.8923319327731093,0.9348005502063274,0.7,0.09523809523809523,0.0008169934640522876,0.9655172413793104,19,false_negative_50pct
402,certificate,3,42.0,1.0,0.96,1.25,0.5,0.0,1667,13,289,271,0.9922619047619048,0.8522494887525562,0.916941694169417,0.5695067264573991,0.045774647887323945,0.000777000777000777,0.967741935483871,26,false_negative_50pct
403,certificate,3,42.0,1.0,0.96,1.25,0.5,0.0,1797,41,203,199,0.9776931447225244,0.8985,0.9364252214695153,0.7053701015965167,0.17083333333333334,0.0,1.0,20,false_negative_50pct
404,certificate,3,42.0,1.0,0.96,1.25,0.5,0.0,1471,58,166,545,0.9620667102681492,0.8985949908368968,0.9292482627921668,0.7058823529411765,0.09618573797678276,0.0009293680297397769,0.96,19,false_negative_50pct
405,certificate,3,42.0,1.0,0.96,1.25,0.5,0.0,1715,24,206,295,0.9861989649223691,0.8927641853201458,0.9371584699453551,0.7098591549295775,0.07523510971786834,0.0,1.0,19,false_negative_50pct
406,certificate,3,42.0,1.0,0.96,1.25,0.5,0.0,1685,45,208,302,0.9739884393063584,0.8901215002641311,0.9301683687551753,0.7072135785007072,0.12968299711815562,0.0008431703204047217,1.0,19,false_negative_50pct
407,certificate,3,42.0,1.0,0.96,1.25,0.5,0.0,1717,28,219,276,0.9839541547277937,0.8868801652892562,0.9328986688399891,0.6779911373707533,0.09210526315789473,0.0007942811755361397,1.0,18,false_negative_50pct
408,certificate,3,42.0,1.0,0.96,1.25,0.5,0.0,1673,16,354,197,0.9905269390171699,0.8253576714356191,0.9004305705059202,0.5144429160935351,0.07511737089201878,0.0007692307692307692,0.9655172413793104,20,false_negative_50pct
409,certificate,3,42.0,1.0,0.96,1.25,0.5,0.0,1688,25,161,366,0.9854057209573847,0.9129259058950784,0.9477821448624367,0.7619047619047619,0.0639386189258312,0.0008496176720475786,0.9565217391304348,16,false_negative_50pct
410,certificate,3,42.0,1.0,0.96,1.25,0.5,0.0,1616,29,315,280,0.982370820668693,0.8368720870015536,0.9038031319910514,0.5397058823529411,0.09385113268608414,0.0015987210231814548,0.9642857142857143,22,false_negative_50pct
411,certificate,3,42.0,1.0,0.96,1.25,0.5,0.0,1860,12,167,201,0.9935897435897436,0.9176122348297977,0.9540907925109002,0.775235531628533,0.056338028169014086,0.0,1.0,14,false_negative_50pct
412,certificate,3,42.0,1.0,0.96,1.25,0.5,0.0,1791,8,187,254,0.9955530850472485,0.9054600606673407,0.948371723590151,0.7200598802395209,0.030534351145038167,0.0,1.0,19,false_negative_50pct
413,certificate,3,42.0,1.0,0.96,1.25,0.5,0.0,1435,53,221,531,0.9643817204301075,0.8665458937198067,0.9128498727735368,0.6189655172413793,0.09075342465753425,0.0,1.0,15,false_negative_50pct
414,certificate,3,42.0,1.0,0.96,1.25,0.5,0.0,1772,25,269,174,0.9860879243183083,0.8682018618324351,0.9233976029181866,0.6598984771573604,0.12562814070351758,0.0007980845969672786,0.9642857142857143,22,false_negative_50pct
415,certificate,3,42.0,1.0,0.96,1.25,0.5,0.0,1714,66,108,352,0.9629213483146067,0.9407244785949506,0.9516935036091061,0.835423197492163,0.15789473684210525,0.002533783783783784,0.9696969696969697,16,false_negative_50pct
416,certificate,3,42.0,1.0,0.96,1.25,0.5,0.0,1691,35,296,218,0.9797219003476245,0.8510317060895822,0.9108537570697549,0.6198453608247423,0.1383399209486166,0.0008257638315441783,0.9629629629629629,18,false_negative_50pct
417,certificate,3,42.0,1.0,0.96,1.25,0.5,0.0,1402,35,222,581,0.9756437021572721,0.8633004926108374,0.9160405096373734,0.6025179856115108,0.056818181818181816,0.0009363295880149813,0.9545454545454546,18,false_negative_50pct
418,certificate,3,42.0,1.0,0.96,1.25,0.5,0.0,1722,19,150,349,0.9890867317633544,0.9198717948717948,0.9532244672017713,0.7867435158501441,0.051630434782608696,0.001697792869269949,1.0,18,false_negative_50pct
419,certificate,3,42.0,1.0,0.96,1.25,0.5,0.0,1599,31,186,424,0.9809815950920245,0.8957983193277311,0.9364568081991216,0.7113884555382215,0.06813186813186813,0.0008741258741258741,0.96875,23,false_negative_50pct
420,certificate,3,42.0,1.0,0.96,1.25,0.5,0.0,1831,17,229,163,0.9908008658008658,0.8888349514563106,0.9370522006141248,0.6656848306332842,0.09444444444444444,0.001448225923244026,1.0,13,false_negative_50pct
421,certificate,3,42.0,1.0,0.96,1.25,0.5,0.0,1854,0,291,95,1.0,0.8643356643356643,0.927231807951988,0.644963144963145,0.0,0.0015026296018031556,0.96875,16,false_negative_50pct
422,certificate,3,42.0,1.0,0.96,1.25,0.5,0.0,1512,19,306,403,0.9875898105813194,0.8316831683168316,0.902956106300388,0.5459940652818991,0.045023696682464455,0.0,1.0,20,false_negative_50pct
423,certificate,3,42.0,1.0,0.96,1.25,0.5,0.0,1592,23,274,351,0.9857585139318885,0.8531618435155413,0.9146796897443262,0.5958702064896755,0.06149732620320856,0.0,1.0,19,false_negative_50pct
424,certificate,3,42.0,1.0,0.96,1.25,0.5,0.0,1605,22,254,359,0.986478180700676,0.8633674018289403,0.9208261617900173,0.6181818181818182,0.05774278215223097,0.0016680567139282735,1.0,18,false_negative_50pct
425,certificate,3,42.0,1.0,0.96,1.25,0.5,0.0,1790,11,148,291,0.9938922820655192,0.9236326109391125,0.9574752607649103,0.7906647807637907,0.03642384105960265,0.0,1.0,14,false_negative_50pct
426,certificate,3,42.0,1.0,0.96,1.25,0.5,0.0,1897,9,213,121,0.9952780692549843,0.8990521327014218,0.9447211155378487,0.7123287671232876,0.06923076923076923,0.002173913043478261,0.96875,17,false_negative_50pct
427,certificate,3,42.0,1.0,0.96,1.25,0.5,0.0,1858,14,141,227,0.9925213675213675,0.9294647323661831,0.9599586670111083,0.803894297635605,0.058091286307053944,0.0,1.0,18,false_negative_50pct
428,certificate,3,42.0,1.0,0.96,1.25,0.5,0.0,1952,6,145,137,0.9969356486210419,0.9308536003814973,0.9627620221948212,0.7951289398280802,0.04195804195804196,0.0014295925661186562,0.9428571428571428,17,false_negative_50pct
429,certificate,3,42.0,1.0,0.96,1.25,0.5,0.0,1780,25,202,233,0.9861495844875346,0.8980827447023209,0.9400580934776868,0.7162921348314607,0.09689922480620156,0.0,1.0,16,false_negative_50pct
430,certificate,3,42.0,1.0,0.96,1.25,0.5,0.0,1936,3,250,51,0.998452810727179,0.8856358645928637,0.9386666666666666,0.7089639115250291,0.05555555555555555,0.0,1.0,16,false_negative_50pct
431,certificate,3,42.0,1.0,0.96,1.25,0.5,0.0,1585,34,207,414,0.9789993823347746,0.8844866071428571,0.9293462327763119,0.6730158730158731,0.07589285714285714,0.0008605851979345956,1.0,21,false_negative_50pct
432,certificate,3,42.0,1.0,0.96,1.25,0.5,0.0,1876,9,227,128,0.9952254641909815,0.8920589633856396,0.9408224674022068,0.6827195467422096,0.06569343065693431,0.0021474588403722263,0.9655172413793104,13,false_negative_50pct
433,certificate,3,42.0,1.0,0.96,1.25,0.5,0.0,1676,12,265,287,0.9928909952606635,0.863472436888202,0.9236704326260677,0.6321678321678321,0.04013377926421405,0.0016313213703099511,0.9285714285714286,21,false_negative_50pct
434,certificate,3,42.0,1.0,0.96,1.25,0.5,0.0,1685,14,210,331,0.9917598587404356,0.8891820580474934,0.9376739009460211,0.6929824561403509,0.04057971014492753,0.0,1.0,23,false_negative_50pct
435,certificate,3,42.0,1.0,0.96,1.25,0.5,0.0,1814,29,218,179,0.984264785675529,0.8927165354330708,0.936258064516129,0.6854256854256854,0.13942307692307693,0.0,1.0,16,false_negative_50pct
436,certificate,3,42.0,1.0,0.96,1.25,0.5,0.0,1658,18,165,399,0.9892601431980907,0.9094898518924849,0.947699342669334,0.7289256198347107,0.04316546762589928,0.0008210180623973727,1.0,24,false_negative_50pct
437,certificate,3,42.0,1.0,0.96,1.25,0.5,0.0,1519,34,313,374,0.9781068898905344,0.8291484716157205,0.8974889217134416,0.5648535564853556,0.08333333333333333,0.0008968609865470852,1.0,17,false_negative_50pct
438,certificate,3,42.0,1.0,0.96,1.25,0.5,0.0,1739,14,254,233,0.9920136908157444,0.8725539387857502,0.9284570208222104,0.6457461645746164,0.05668016194331984,0.0,1.0,18,false_negative_50pct
439,certificate,3,42.0,1.0,0.96,1.25,0.5,0.0,1733,39,360,108,0.9779909706546276,0.8279980888676541,0.896765847347995,0.5603448275862069,0.2653061224489796,0.00234192037470726,0.9333333333333333,19,false_negative_50pct
440,certificate,3,42.0,1.0,0.96,1.25,0.5,0.0,1522,43,261,414,0.9725239616613418,0.8536174985978687,0.9091995221027478,0.6258992805755396,0.09409190371991247,0.0009191176470588235,0.9565217391304348,22,false_negative_50pct
441,certificate,3,42.0,1.0,0.96,1.25,0.5,0.0,1560,35,189,456,0.9780564263322884,0.8919382504288165,0.9330143540669856,0.70625,0.07128309572301425,0.0009017132551848512,1.0,20,false_negative_50pct
442,certificate,3,42.0,1.0,0.96,1.25,0.5,0.0,1770,9,244,217,0.9949409780775716,0.8788480635551142,0.9332981808594779,0.6534090909090909,0.03982300884955752,0.0,1.0,22,false_negative_50pct
443,certificate,3,42.0,1.0,0.96,1.25,0.5,0.0,1543,21,218,458,0.9865728900255755,0.8762067007382169,0.9281203007518798,0.6706948640483383,0.04384133611691023,0.0,1.0,22,false_negative_50pct
444,certificate,3,42.0,1.0,0.96,1.25,0.5,0.0,1671,29,290,250,0.9829411764705882,0.8521162672106068,0.9128653373395248,0.6094594594594595,0.1039426523297491,0.000819000819000819,0.9629629629629629,21,false_negative_50pct
445,certificate,3,42.0,1.0,0.96,1.25,0.5,0.0,1783,12,194,251,0.9933147632311977,0.9018715225088518,0.9453870625662777,0.7223021582733813,0.045627376425855515,0.00078003120124805,0.9666666666666667,16,false_negative_50pct
446,certificate,3,42.0,1.0,0.96,1.25,0.5,0.0,1614,18,241,367,0.9889705882352942,0.8700808625336928,0.9257241181531403,0.664804469273743,0.046753246753246755,0.000877963125548727,1.0,18,false_negative_50pct
447,certificate,3,42.0,1.0,0.96,1.25,0.5,0.0,1739,20,280,201,0.9886299033541786,0.8613174839029223,0.9205929062996295,0.5973837209302325,0.09049773755656108,0.002253944402704733,0.9285714285714286,22,false_negative_50pct
448,certificate,3,42.0,1.0,0.96,1.25,0.5,0.0,1751,40,254,195,0.9776661083193746,0.8733167082294264,0.9225500526870388,0.6385714285714286,0.1702127659574468,0.0007662835249042146,1.0,18,false_negative_50pct
449,certificate,3,42.0,1.0,0.96,1.25,0.5,0.0,1684,71,213,272,0.9595441595441595,0.8877174486030575,0.9222343921139101,0.6753048780487805,0.20699708454810495,0.0,1.0,15,false_negative_50pct
450,certificate,3,42.0,1.0,0.96,1.25,0.5,0.0,1655,18,286,281,0.9892408846383742,0.8526532715095312,0.9158826784726066,0.6033755274261603,0.06020066889632107,0.0032520325203252032,0.8888888888888888,24,false_negative_50pct
451,certificate,3,42.0,1.0,0.96,1.25,0.5,0.0,1591,18,224,407,0.9888129272840274,0.8765840220385674,0.929322429906542,0.6705882352941176,0.042352941176470586,0.0,1.0,22,false_negative_50pct
452,certificate,3,42.0,1.0,0.96,1.25,0.5,0.0,1849,3,285,103,0.9983801295896328,0.866447985004686,0.9277471149021576,0.6496259351620948,0.02830188679245283,0.003003003003003003,0.9393939393939394,18,false_negative_50pct
453,certificate,3,42.0,1.0,0.96,1.25,0.5,0.0,1894,12,193,141,0.993704092339979,0.9075227599425012,0.9486601552717255,0.7578814627994955,0.0784313725490196,0.0007727975270479134,1.0,10,false_negative_50pct
454,certificate,3,42.0,1.0,0.96,1.25,0.5,0.0,1595,46,185,414,0.9719683120048751,0.8960674157303371,0.932475884244373,0.7169230769230769,0.1,0.0008849557522123894,0.9696969696969697,22,false_negative_50pct
455,certificate,3,42.0,1.0,0.96,1.25,0.5,0.0,1759,16,117,348,0.9909859154929578,0.9376332622601279,0.9635716242125446,0.8227272727272728,0.04395604395604396,0.0,1.0,16,false_negative_50pct
456,certificate,3,42.0,1.0,0.96,1.25,0.5,0.0,1906,31,227,76,0.9839958699019101,0.8935771214252227,0.9366093366093367,0.6849507735583685,0.2897196261682243,0.002109704641350211,0.96875,17,false_negative_50pct
457,certificate,3,42.0,1.0,0.96,1.25,0.5,0.0,1828,36,237,139,0.98068669527897,0.8852300242130751,0.9305166709086282,0.6731034482758621,0.2057142857142857,0.0,1.0,13,false_negative_50pct
458,certificate,3,42.0,1.0,0.96,1.25,0.5,0.0,1810,43,133,254,0.9767943874797625,0.9315491507977355,0.9536354056902002,0.8035450516986706,0.1447811447811448,0.0,1.0,17,false_negative_50pct
459,certificate,3,42.0,1.0,0.96,1.25,0.5,0.0,1688,17,169,366,0.9900293255131964,0.908992999461497,0.9477821448624368,0.7561327561327561,0.044386422976501305,0.0,1.0,18,false_negative_50pct
460,certificate,3,42.0,1.0,0.96,1.25,0.5,0.0,1724,15,241,260,0.9913743530764807,0.87735368956743,0.9308855291576674,0.6359516616314199,0.05454545454545454,0.0,1.0,20,false_negative_50pct
461,certificate,3,42.0,1.0,0.96,1.25,0.5,0.0,1639,45,243,313,0.9732779097387173,0.8708820403825718,0.9192372406057208,0.6634349030470914,0.12569832402234637,0.0,1.0,15,false_negative_50pct
462,certificate,3,42.0,1.0,0.96,1.25,0.5,0.0,1737,20,348,135,0.9886169607285145,0.8330935251798561,0.9042165538781884,0.583030303030303,0.12903225806451613,0.0031746031746031746,0.8888888888888888,21,false_negative_50pct
463,certificate,3,42.0,1.0,0.96,1.25,0.5,0.0,1622,40,145,433,0.9759326113116726,0.9179400113186191,0.9460484106153397,0.7691082802547771,0.08456659619450317,0.0,1.0,17,false_negative_50pct
464,certificate,3,42.0,1.0,0.96,1.25,0.5,0.0,1711,23,250,256,0.9867358708189158,0.8725140234574197,0.9261163734776726,0.6522346368715084,0.08243727598566308,0.0008032128514056225,1.0,21,false_negative_50pct
465,certificate,3,42.0,1.0,0.96,1.25,0.5,0.0,1338,66,274,562,0.9529914529914529,0.8300248138957816,0.8872679045092838,0.5623003194888179,0.10509554140127389,0.0,1.0,18,false_negative_50pct
466,certificate,3,42.0,1.0,0.96,1.25,0.5,0.0,1633,52,213,342,0.9691394658753709,0.8846153846153846,0.9249504389691305,0.6758832565284179,0.1319796954314721,0.0016736401673640166,0.9666666666666667,22,false_negative_50pct
467,certificate,3,42.0,1.0,0.96,1.25,0.5,0.0,1729,11,181,319,0.9936781609195402,0.9052356020942408,0.9473972602739726,0.7324364723467862,0.03333333333333333,0.0016116035455278,0.9259259259259259,17,false_negative_50pct
468,certificate,3,42.0,1.0,0.96,1.25,0.5,0.0,1768,20,272,180,0.9888143176733781,0.8666666666666667,0.9237199582027168,0.6377005347593583,0.1,0.0007739938080495357,1.0,20,false_negative_50pct
469,certificate,3,42.0,1.0,0.96,1.25,0.5,0.0,1655,35,169,381,0.9792899408284024,0.9073464912280702,0.941946499715424,0.7135593220338983,0.08413461538461539,0.0,1.0,16,false_negative_50pct
470,certificate,3,42.0,1.0,0.96,1.25,0.5,0.0,1690,23,305,222,0.986573263280794,0.8471177944862155,0.9115426105717368,0.5846994535519126,0.09387755102040816,0.000791765637371338,1.0,20,false_negative_50pct
471,certificate,3,42.0,1.0,0.96,1.25,0.5,0.0,1659,34,230,317,0.9799173065564087,0.8782424563260984,0.9262981574539364,0.6853625170998632,0.09686609686609686,0.0,1.0,17,false_negative_50pct
472,certificate,3,42.0,1.0,0.96,1.25,0.5,0.0,1787,15,196,242,0.9916759156492786,0.9011598587997983,0.9442536327608982,0.7412868632707775,0.058365758754863814,0.002425222312045271,0.9666666666666667,10,false_negative_50pct
473,certificate,3,42.0,1.0,0.96,1.25,0.5,0.0,1660,33,241,306,0.980507974010632,0.873224618621778,0.9237618252643294,0.6448736998514116,0.09734513274336283,0.0016286644951140066,0.9333333333333333,17,false_negative_50pct
474,certificate,3,42.0,1.0,0.96,1.25,0.5,0.0,1621,15,196,408,0.9908312958435208,0.8921298844248762,0.9388937156096148,0.692429022082019,0.03546099290780142,0.0008453085376162299,1.0,15,false_negative_50pct
475,certificate,3,42.0,1.0,0.96,1.25,0.5,0.0,1771,23,308,138,0.9871794871794872,0.8518518518518519,0.9145365349857992,0.6015523932729625,0.14285714285714285,0.0,1.0,17,false_negative_50pct
476,certificate,3,42.0,1.0,0.96,1.25,0.5,0.0,1740,20,195,285,0.9886363636363636,0.8992248062015504,0.9418132611637349,0.7155555555555555,0.06557377049180328,0.002380952380952381,0.896551724137931,17,false_negative_50pct
477,certificate,3,42.0,1.0,0.96,1.25,0.5,0.0,1592,25,243,380,0.9845392702535559,0.867574931880109,0.9223638470451911,0.6377245508982036,0.06172839506172839,0.000856898029134533,0.9736842105263158,29,false_negative_50pct
478,certificate,3,42.0,1.0,0.96,1.25,0.5,0.0,1649,12,318,261,0.9927754364840458,0.8383324860193188,0.9090407938257993,0.5639614855570839,0.04395604395604396,0.0008064516129032258,0.9696969696969697,25,false_negative_50pct
479,certificate,3,42.0,1.0,0.96,1.25,0.5,0.0,1606,21,234,379,0.9870928088506453,0.8728260869565218,0.9264493798673205,0.6522388059701493,0.0525,0.0008547008547008547,1.0,18,false_negative_50pct
480,certificate,3,42.0,1.0,0.96,1.25,0.5,0.0,1916,6,211,107,0.9968782518210197,0.9007992477668078,0.9464065201284269,0.7315521628498728,0.05309734513274336,0.0,1.0,17,false_negative_50pct
481,certificate,3,42.0,1.0,0.96,1.25,0.0,0.1,1654,63,79,444,0.963308095515434,0.9544143104443162,0.9588405797101449,0.8769470404984424,0.1242603550295858,0.0,1.0,7,false_positive_10pct
482,certificate,3,42.0,1.0,0.96,1.25,0.0,0.1,1998,21,59,162,0.9895988112927192,0.9713174526008751,0.9803729146221787,0.9179415855354659,0.11475409836065574,0.0,1.0,3,false_positive_10pct
483,certificate,3,42.0,1.0,0.96,1.25,0.0,0.1,2003,26,155,56,0.9871858058156727,0.928174235403151,0.9567709577262957,0.7957839262187089,0.3170731707317073,0.0,1.0,2,false_positive_10pct
484,certificate,3,42.0,1.0,0.96,1.25,0.0,0.1,1736,87,154,263,0.9522764673614921,0.9185185185185185,0.935092916778885,0.7929155313351499,0.24857142857142858,0.0017301038062283738,1.0,6,false_positive_10pct
485,certificate,3,42.0,1.0,0.96,1.25,0.0,0.1,2095,11,43,91,0.9947768281101614,0.979887745556595,0.9872761545711592,0.9466327827191868,0.10784313725490197,0.0007401924500370096,1.0,1,false_positive_10pct
486,certificate,3,42.0,1.0,0.96,1.25,0.0,0.1,1862,81,45,252,0.9583118888317036,0.9764027267960147,0.9672727272727274,0.9334319526627219,0.24324324324324326,0.0,1.0,6,false_positive_10pct
487,certificate,3,42.0,1.0,0.96,1.25,0.0,0.1,1854,46,120,220,0.9757894736842105,0.939209726443769,0.9571502323180177,0.8367626886145405,0.17293233082706766,0.0008032128514056225,1.0,4,false_positive_10pct
488,certificate,3,42.0,1.0,0.96,1.25,0.0,0.1,1867,16,51,306,0.9915029208709506,0.9734098018769551,0.982373059721126,0.9322990126939351,0.049689440993788817,0.0024813895781637717,1.0,5,false_positive_10pct
489,certificate,3,42.0,1.0,0.96,1.25,0.0,0.1,1922,57,53,208,0.9711975745325923,0.9731645569620253,0.9721800708143652,0.922272047832586,0.21509433962264152,0.0007656967840735069,1.0,5,false_positive_10pct
490,certificate,3,42.0,1.0,0.96,1.25,0.0,0.1,2049,42,37,112,0.9799139167862266,0.9822627037392138,0.9810869044768974,0.9536423841059603,0.2727272727272727,0.0015026296018031556,1.0,2,false_positive_10pct
491,certificate,3,42.0,1.0,0.96,1.25,0.0,0.1,1900,61,64,215,0.9688934217236104,0.9674134419551935,0.9681528662420382,0.9057437407952872,0.2210144927536232,0.0,1.0,4,false_positive_10pct
492,certificate,3,42.0,1.0,0.96,1.25,0.0,0.1,1800,70,58,312,0.9625668449197861,0.9687836383207751,0.9656652360515022,0.9073482428115016,0.18324607329842932,0.0,1.0,5,false_positive_10pct
493,certificate,3,42.0,1.0,0.96,1.25,0.0,0.1,1925,27,42,246,0.9861680327868853,0.9786476868327402,0.9823934677213575,0.9405797101449276,0.0989010989010989,0.0007830853563038371,1.0,3,false_positive_10pct
494,certificate,3,42.0,1.0,0.96,1.25,0.0,0.1,1880,73,51,236,0.9626216077828981,0.9735888140859659,0.9680741503604532,0.9218500797448166,0.23624595469255663,0.0015337423312883436,1.0,5,false_positive_10pct
495,certificate,3,42.0,1.0,0.96,1.25,0.0,0.1,1889,44,113,194,0.9772374547335747,0.9435564435564435,0.9601016518424397,0.8403954802259888,0.18487394957983194,0.0,1.0,4,false_positive_10pct
496,certificate,3,42.0,1.0,0.96,1.25,0.0,0.1,1857,30,100,253,0.9841017488076311,0.9489013796627491,0.9661810613943809,0.8607242339832869,0.10600706713780919,0.0,1.0,5,false_positive_10pct
497,certificate,3,42.0,1.0,0.96,1.25,0.0,0.1,1820,48,146,226,0.974304068522484,0.9257375381485249,0.9494001043296818,0.79750346740638,0.17518248175182483,0.0,1.0,5,false_positive_10pct
498,certificate,3,42.0,1.0,0.96,1.25,0.0,0.1,1940,56,30,214,0.9719438877755511,0.9847715736040609,0.9783156833081191,0.9568452380952381,0.2074074074074074,0.0007704160246533128,1.0,6,false_positive_10pct
499,certificate,3,42.0,1.0,0.96,1.25,0.0,0.1,1851,69,41,279,0.9640625,0.9783298097251586,0.971143756558237,0.936,0.19827586206896552,0.0007892659826361484,1.0,5,false_positive_10pct
500,certificate,3,42.0,1.0,0.96,1.25,0.0,0.1,1552,107,138,443,0.9355033152501507,0.9183431952662722,0.9268438339802927,0.7716666666666666,0.19454545454545455,0.0009174311926605505,1.0,7,false_positive_10pct
501,certificate,3,42.0,1.0,0.96,1.25,0.0,0.1,1910,42,58,230,0.9784836065573771,0.9705284552845529,0.9744897959183675,0.9155555555555556,0.15441176470588236,0.0007733952049497294,1.0,3,false_positive_10pct
502,certificate,3,42.0,1.0,0.96,1.25,0.0,0.1,1999,42,38,161,0.979421852033317,0.9813451153657339,0.9803825404610103,0.9527458492975734,0.20689655172413793,0.0007974481658692185,1.0,4,false_positive_10pct
503,certificate,3,42.0,1.0,0.96,1.25,0.0,0.1,1851,33,98,258,0.982484076433121,0.9497178040020523,0.965823115053483,0.8563049853372434,0.1134020618556701,0.0,1.0,4,false_positive_10pct
504,certificate,3,42.0,1.0,0.96,1.25,0.0,0.1,2137,5,5,93,0.9976657329598506,0.9976657329598506,0.9976657329598506,0.9930167597765364,0.05102040816326531,0.0,1.0,1,false_positive_10pct
505,certificate,3,42.0,1.0,0.96,1.25,0.0,0.1,1730,43,55,412,0.975747320924986,0.969187675070028,0.9724564362001125,0.912,0.0945054945054945,0.0,1.0,6,false_positive_10pct
506,certificate,3,42.0,1.0,0.96,1.25,0.0,0.1,1797,30,44,369,0.9835796387520526,0.9760999456816948,0.979825517993457,0.9340329835082459,0.07518796992481203,0.0,1.0,6,false_positive_10pct
507,certificate,3,42.0,1.0,0.96,1.25,0.0,0.1,2010,22,0,208,0.9891732283464567,1.0,0.9945571499257794,1.0,0.09565217391304348,0.0,1.0,4,false_positive_10pct
508,certificate,3,42.0,1.0,0.96,1.25,0.0,0.1,1879,46,73,242,0.9761038961038961,0.9626024590163934,0.969306164560227,0.8935860058309038,0.1597222222222222,0.0,1.0,5,false_positive_10pct
509,certificate,3,42.0,1.0,0.96,1.25,0.0,0.1,1942,9,100,189,0.9953869810353665,0.951028403525955,0.9727022289005761,0.8545994065281899,0.045454545454545456,0.0014619883040935672,1.0,3,false_positive_10pct
510,certificate,3,42.0,1.0,0.96,1.25,0.0,0.1,2077,5,38,120,0.9975984630163305,0.9820330969267139,0.989754586609483,0.9493333333333334,0.04,0.0,1.0,2,false_positive_10pct
511,certificate,3,42.0,1.0,0.96,1.25,0.0,0.1,2054,6,67,113,0.9970873786407767,0.9684111268269684,0.9825400621860798,0.91625,0.05042016806722689,0.0,1.0,2,false_positive_10pct
512,certificate,3,42.0,1.0,0.96,1.25,0.0,0.1,1997,43,58,142,0.9789215686274509,0.9717761557177615,0.9753357753357752,0.9161849710982659,0.23243243243243245,0.0,1.0,4,false_positive_10pct
513,certificate,3,42.0,1.0,0.96,1.25,0.0,0.1,1757,76,36,371,0.9585379159847245,0.9799219185722253,0.9691119691119692,0.947289156626506,0.17002237136465326,0.0008857395925597874,1.0,6,false_positive_10pct
514,certificate,3,42.0,1.0,0.96,1.25,0.0,0.1,1937,79,114,110,0.9608134920634921,0.9444173573866407,0.9525448733710351,0.8505897771952818,0.41798941798941797,0.0,1.0,3,false_positive_10pct
515,certificate,3,42.0,1.0,0.96,1.25,0.0,0.1,1943,61,99,137,0.969560878243513,0.9515181194906954,0.9604547701433515,0.8709256844850065,0.30808080808080807,0.0,1.0,3,false_positive_10pct
516,certificate,3,42.0,1.0,0.96,1.25,0.0,0.1,2138,6,9,87,0.9972014925373134,0.9958081043316255,0.9965043113493358,0.9879679144385026,0.06451612903225806,0.0,1.0,2,false_positive_10pct
517,certificate,3,42.0,1.0,0.96,1.25,0.0,0.1,2047,30,37,126,0.9855560905151661,0.9822456813819578,0.9838981014179283,0.953307392996109,0.19230769230769232,0.0007616146230007616,1.0,3,false_positive_10pct
518,certificate,3,42.0,1.0,0.96,1.25,0.0,0.1,1924,31,86,199,0.9841432225063939,0.9572139303482587,0.9704918032786886,0.8820224719101124,0.13478260869565217,0.0015408320493066256,1.0,4,false_positive_10pct
519,certificate,3,42.0,1.0,0.96,1.25,0.0,0.1,1937,30,51,222,0.9847483477376716,0.9743460764587525,0.979519595448799,0.9322709163346613,0.11904761904761904,0.0,1.0,3,false_positive_10pct
520,certificate,3,42.0,1.0,0.96,1.25,0.0,0.1,1921,21,85,213,0.9891864057672503,0.9576271186440678,0.9731509625126646,0.8838174273858921,0.08974358974358974,0.000779423226812159,1.0,4,false_positive_10pct
521,certificate,3,42.0,1.0,0.96,1.25,0.0,0.1,1989,44,92,115,0.9783571077225774,0.9557904853435848,0.9669421487603305,0.8707865168539326,0.27672955974842767,0.0,1.0,3,false_positive_10pct
522,certificate,3,42.0,1.0,0.96,1.25,0.0,0.1,1631,71,44,494,0.9582843713278496,0.9737313432835821,0.9659461060112527,0.924187725631769,0.1256637168141593,0.001784121320249777,1.0,8,false_positive_10pct
523,certificate,3,42.0,1.0,0.96,1.25,0.0,0.1,1807,30,36,367,0.9836690255851932,0.9804666304937601,0.9820652173913044,0.9446153846153846,0.07556675062972293,0.0,1.0,6,false_positive_10pct
524,certificate,3,42.0,1.0,0.96,1.25,0.0,0.1,1961,14,79,186,0.9929113924050633,0.9612745098039216,0.9768368617683686,0.8961892247043364,0.07,0.0,1.0,3,false_positive_10pct
525,certificate,3,42.0,1.0,0.96,1.25,0.0,0.1,1895,32,33,280,0.9833938764919564,0.9828838174273858,0.9831387808041504,0.95,0.10256410256410256,0.0007763975155279503,1.0,4,false_positive_10pct
526,certificate,3,42.0,1.0,0.96,1.25,0.0,0.1,1752,77,42,369,0.9579004920721705,0.9765886287625418,0.9671542920231853,0.9321486268174475,0.1726457399103139,0.0,1.0,6,false_positive_10pct
527,certificate,3,42.0,1.0,0.96,1.25,0.0,0.1,1864,58,5,313,0.9698231009365245,0.9973247726056714,0.9833816934845686,0.9938556067588326,0.15633423180592992,0.0008210180623973727,1.0,5,false_positive_10pct
528,certificate,3,42.0,1.0,0.96,1.25,0.0,0.1,1912,16,64,248,0.991701244813278,0.9676113360323887,0.9795081967213114,0.9103641456582633,0.06060606060606061,0.0,1.0,4,false_positive_10pct
529,certificate,3,42.0,1.0,0.96,1.25,0.0,0.1,1743,55,74,368,0.9694104560622915,0.9592735277930655,0.9643153526970953,0.8823529411764706,0.13002364066193853,0.0,1.0,5,false_positive_10pct
530,certificate,3,42.0,1.0,0.96,1.25,0.0,0.1,1833,37,36,334,0.9802139037433155,0.9807383627608347,0.980476063118481,0.9468892261001517,0.09973045822102426,0.0008264462809917355,1.0,5,false_positive_10pct
531,certificate,3,42.0,1.0,0.96,1.25,0.0,0.1,1948,22,55,215,0.9888324873096447,0.9725411882176734,0.9806191794613642,0.9285714285714286,0.09282700421940929,0.0008019246190858059,1.0,4,false_positive_10pct
532,certificate,3,42.0,1.0,0.96,1.25,0.0,0.1,1995,19,59,167,0.9905660377358491,0.9712755598831548,0.9808259587020649,0.9220430107526881,0.10215053763440861,0.0007633587786259542,1.0,3,false_positive_10pct
533,certificate,3,42.0,1.0,0.96,1.25,0.0,0.1,1954,25,117,144,0.9873673572511369,0.9435055528730082,0.9649382716049383,0.842896174863388,0.14792899408284024,0.0014936519790888724,1.0,3,false_positive_10pct
534,certificate,3,42.0,1.0,0.96,1.25,0.0,0.1,1901,34,45,260,0.9824289405684754,0.9768756423432683,0.9796444215408401,0.936046511627907,0.11564625850340136,0.000794912559618442,1.0,4,false_positive_10pct
535,certificate,3,42.0,1.0,0.96,1.25,0.0,0.1,1672,39,58,471,0.9772063120981882,0.9664739884393063,0.9718105201976169,0.9115853658536586,0.07647058823529412,0.0,1.0,6,false_positive_10pct
536,certificate,3,42.0,1.0,0.96,1.25,0.0,0.1,1712,51,143,334,0.9710720363017583,0.922911051212938,0.9463792150359314,0.7903225806451613,0.13246753246753246,0.0,1.0,7,false_positive_10pct
537,certificate,3,42.0,1.0,0.96,1.25,0.0,0.1,1857,45,51,287,0.9763406940063092,0.9732704402515723,0.9748031496062992,0.9330708661417323,0.1355421686746988,0.0,1.0,5,false_positive_10pct
538,certificate,3,42.0,1.0,0.96,1.25,0.0,0.1,1956,16,42,226,0.9918864097363083,0.978978978978979,0.9853904282115867,0.9364599092284418,0.06611570247933884,0.0,1.0,3,false_positive_10pct
539,certificate,3,42.0,1.0,0.96,1.25,0.0,0.1,1851,45,63,281,0.9762658227848101,0.9670846394984326,0.9716535433070866,0.9090909090909091,0.13803680981595093,0.0,1.0,5,false_positive_10pct
540,certificate,3,42.0,1.0,0.96,1.25,0.0,0.1,1918,44,47,231,0.9775739041794088,0.9760814249363867,0.9768270944741533,0.9337175792507204,0.16,0.0007867820613690008,1.0,4,false_positive_10pct
541,certificate,3,42.0,1.0,0.96,1.25,0.0,0.1,2066,16,62,96,0.9923150816522575,0.9708646616541353,0.9814726840855108,0.9191655801825294,0.14285714285714285,0.0,1.0,2,false_positive_10pct
542,certificate,3,42.0,1.0,0.96,1.25,0.0,0.1,1923,32,45,240,0.9836317135549872,0.9771341463414634,0.9803721641600815,0.9401947148817803,0.11764705882352941,0.0016012810248198558,1.0,4,false_positive_10pct
543,certificate,3,42.0,1.0,0.96,1.25,0.0,0.1,2002,112,34,92,0.9470198675496688,0.9833005893909627,0.9648192771084336,0.9527777777777777,0.5490196078431373,0.0,1.0,4,false_positive_10pct
544,certificate,3,42.0,1.0,0.96,1.25,0.0,0.1,1964,45,58,173,0.9776007964161274,0.9713155291790306,0.9744480277846689,0.9236842105263158,0.20642201834862386,0.0,1.0,4,false_positive_10pct
545,certificate,3,42.0,1.0,0.96,1.25,0.0,0.1,1805,37,51,347,0.9799131378935939,0.9725215517241379,0.9762033531638723,0.9199372056514914,0.09635416666666667,0.0,1.0,6,false_positive_10pct
546,certificate,3,42.0,1.0,0.96,1.25,0.0,0.1,1619,87,29,505,0.9490035169988277,0.9824029126213593,0.9654144305307095,0.9504273504273504,0.14695945945945946,0.0,1.0,8,false_positive_10pct
547,certificate,3,42.0,1.0,0.96,1.25,0.0,0.1,1946,70,49,175,0.9652777777777778,0.9754385964912281,0.9703315881326353,0.9280469897209985,0.2857142857142857,0.0,1.0,4,false_positive_10pct
548,certificate,3,42.0,1.0,0.96,1.25,0.0,0.1,1726,24,121,369,0.9862857142857143,0.934488359501895,0.9596886294134002,0.8290598290598291,0.061068702290076333,0.0008733624454148472,1.0,5,false_positive_10pct
549,certificate,3,42.0,1.0,0.96,1.25,0.0,0.1,1762,75,49,354,0.9591725639629831,0.9729431253451132,0.9660087719298245,0.9242902208201893,0.17482517482517482,0.0008496176720475786,1.0,7,false_positive_10pct
550,certificate,3,42.0,1.0,0.96,1.25,0.0,0.1,1869,45,95,231,0.9764890282131662,0.9516293279022403,0.963898916967509,0.8675034867503487,0.16304347826086957,0.0,1.0,5,false_positive_10pct
551,certificate,3,42.0,1.0,0.96,1.25,0.0,0.1,1804,35,80,321,0.9809679173463839,0.9575371549893843,0.9691109320440505,0.8855507868383404,0.09831460674157304,0.0,1.0,5,false_positive_10pct
552,certificate,3,42.0,1.0,0.96,1.25,0.0,0.1,1444,98,191,507,0.9364461738002594,0.8831804281345565,0.9090336795719232,0.701095461658842,0.16198347107438016,0.0,1.0,8,false_positive_10pct
553,certificate,3,42.0,1.0,0.96,1.25,0.0,0.1,1848,31,71,290,0.9835018626929217,0.9630015633142261,0.9731437598736177,0.9008498583569405,0.09657320872274143,0.0008244023083264633,1.0,5,false_positive_10pct
554,certificate,3,42.0,1.0,0.96,1.25,0.0,0.1,1872,49,139,180,0.9744924518479958,0.9308801591248135,0.9521871820956256,0.8036723163841808,0.21397379912663755,0.0,1.0,4,false_positive_10pct
555,certificate,3,42.0,1.0,0.96,1.25,0.0,0.1,1850,58,111,221,0.9696016771488469,0.9433962264150944,0.9563194623933834,0.8433048433048433,0.2078853046594982,0.0007942811755361397,1.0,5,false_positive_10pct
556,certificate,3,42.0,1.0,0.96,1.25,0.0,0.1,1841,50,34,315,0.9735589635113696,0.9818666666666667,0.9776951672862453,0.9494470774091627,0.136986301369863,0.001610305958132045,1.0,5,false_positive_10pct
557,certificate,3,42.0,1.0,0.96,1.25,0.0,0.1,1869,21,31,319,0.9888888888888889,0.9836842105263158,0.9862796833773089,0.953662182361734,0.061764705882352944,0.0,1.0,5,false_positive_10pct
558,certificate,3,42.0,1.0,0.96,1.25,0.0,0.1,1957,24,75,184,0.9878849066128218,0.9630905511811023,0.9753301769249937,0.8983739837398373,0.11538461538461539,0.0,1.0,4,false_positive_10pct
559,certificate,3,42.0,1.0,0.96,1.25,0.0,0.1,1736,86,52,366,0.9527991218441273,0.970917225950783,0.9617728531855956,0.9203821656050956,0.1902654867256637,0.0017241379310344827,1.0,7,false_positive_10pct
560,certificate,3,42.0,1.0,0.96,1.25,0.0,0.1,1977,58,27,178,0.9714987714987715,0.9865269461077845,0.9789551869274573,0.9635135135135136,0.2457627118644068,0.0,1.0,5,false_positive_10pct
561,certificate,3,42.0,1.0,0.96,1.25,0.0,0.1,1869,20,41,310,0.9894123875066173,0.9785340314136126,0.9839431429323505,0.9416785206258891,0.06060606060606061,0.0,1.0,4,false_positive_10pct
562,certificate,3,42.0,1.0,0.96,1.25,0.0,0.1,1796,76,82,286,0.9594017094017094,0.9563365282215123,0.9578666666666668,0.8818443804034583,0.20994475138121546,0.0,1.0,6,false_positive_10pct
563,certificate,3,42.0,1.0,0.96,1.25,0.0,0.1,1821,83,64,272,0.9564075630252101,0.9660477453580902,0.9612034837688045,0.9046199701937406,0.23380281690140844,0.0,1.0,8,false_positive_10pct
564,certificate,3,42.0,1.0,0.96,1.25,0.0,0.1,1745,86,78,331,0.9530311305297652,0.9572133845309929,0.9551176792556103,0.8842105263157894,0.20623501199040767,0.0008635578583765112,1.0,7,false_positive_10pct
565,certificate,3,42.0,1.0,0.96,1.25,0.0,0.1,1987,20,23,210,0.9900348779272546,0.9885572139303482,0.9892954941498632,0.9691358024691358,0.08695652173913043,0.0022026431718061676,1.0,3,false_positive_10pct
566,certificate,3,42.0,1.0,0.96,1.25,0.0,0.1,2153,28,25,34,0.9871618523613022,0.9885215794306703,0.9878412479926589,0.9695121951219512,0.45161290322580644,0.0,1.0,1,false_positive_10pct
567,certificate,3,42.0,1.0,0.96,1.25,0.0,0.1,1981,23,50,186,0.9885229540918163,0.9753815854258986,0.9819083023543991,0.9312242090784044,0.11004784688995216,0.0,1.0,3,false_positive_10pct
568,certificate,3,42.0,1.0,0.96,1.25,0.0,0.1,2063,41,68,68,0.9805133079847909,0.9680900985452839,0.9742621015348287,0.9120734908136483,0.3761467889908257,0.0007304601899196494,1.0,2,false_positive_10pct
569,certificate,3,42.0,1.0,0.96,1.25,0.0,0.1,1740,74,133,293,0.9592061742006616,0.9289909236518954,0.9438567941415785,0.8065476190476191,0.2016348773841962,0.002497918401332223,1.0,6,false_positive_10pct
570,certificate,3,42.0,1.0,0.96,1.25,0.0,0.1,1853,65,41,281,0.9661105318039624,0.9783526927138332,0.972193074501574,0.9453333333333334,0.18786127167630057,0.0,1.0,8,false_positive_10pct
571,certificate,3,42.0,1.0,0.96,1.25,0.0,0.1,1827,66,90,257,0.96513470681458,0.9530516431924883,0.9590551181102362,0.8607198748043818,0.2043343653250774,0.000782472613458529,1.0,6,false_positive_10pct
572,certificate,3,42.0,1.0,0.96,1.25,0.0,0.1,1917,35,94,194,0.9820696721311475,0.9532570860268523,0.967448902346707,0.8698060941828255,0.15283842794759825,0.0,1.0,3,false_positive_10pct
573,certificate,3,42.0,1.0,0.96,1.25,0.0,0.1,2002,26,83,129,0.9871794871794872,0.9601918465227818,0.9734986627765622,0.8878378378378379,0.16774193548387098,0.0,1.0,3,false_positive_10pct
574,certificate,3,42.0,1.0,0.96,1.25,0.0,0.1,2055,56,46,83,0.9734722880151587,0.9781056639695384,0.9757834757834758,0.9340028694404591,0.4028776978417266,0.0,1.0,3,false_positive_10pct
575,certificate,3,42.0,1.0,0.96,1.25,0.0,0.1,1708,94,67,371,0.9478357380688124,0.9622535211267605,0.9549902152641878,0.8903654485049833,0.2021505376344086,0.0008525149190110827,1.0,8,false_positive_10pct
576,certificate,3,42.0,1.0,0.96,1.25,0.0,0.1,2048,17,46,129,0.9917675544794189,0.9780324737344794,0.9848521279153643,0.9379217273954116,0.11643835616438356,0.0,1.0,2,false_positive_10pct
577,certificate,3,42.0,1.0,0.96,1.25,0.0,0.1,2025,32,63,120,0.9844433641225085,0.9698275862068966,0.97708082026538,0.917900403768506,0.21052631578947367,0.001486988847583643,1.0,3,false_positive_10pct
578,certificate,3,42.0,1.0,0.96,1.25,0.0,0.1,1670,140,107,323,0.9226519337016574,0.939786156443444,0.9311402286032896,0.8158347676419966,0.3023758099352052,0.0,1.0,7,false_positive_10pct
579,certificate,3,42.0,1.0,0.96,1.25,0.0,0.1,1778,40,172,250,0.977997799779978,0.9117948717948718,0.9437367303609342,0.7634854771784232,0.13793103448275862,0.0008149959250203749,1.0,4,false_positive_10pct
580,certificate,3,42.0,1.0,0.96,1.25,0.0,0.1,1863,88,67,222,0.9548949256791389,0.9652849740932643,0.9600618397320279,0.8970814132104454,0.2838709677419355,0.0,1.0,5,false_positive_10pct
581,certificate,3,42.0,1.0,0.96,1.25,0.0,0.1,1851,71,62,256,0.9630593132154006,0.9675901725039205,0.9653194263363755,0.9118065433854907,0.21712538226299694,0.0,1.0,6,false_positive_10pct
582,certificate,3,42.0,1.0,0.96,1.25,0.0,0.1,1689,91,79,381,0.948876404494382,0.955316742081448,0.9520856820744081,0.8733552631578947,0.19279661016949154,0.0017241379310344827,1.0,6,false_positive_10pct
583,certificate,3,42.0,1.0,0.96,1.25,0.0,0.1,1969,37,37,197,0.981555333998006,0.981555333998006,0.981555333998006,0.9494535519125683,0.1581196581196581,0.0,1.0,5,false_positive_10pct
584,certificate,3,42.0,1.0,0.96,1.25,0.0,0.1,1878,12,50,300,0.9936507936507937,0.9740663900414938,0.9837611314824515,0.93033381712627,0.038461538461538464,0.0016142050040355124,1.0,4,false_positive_10pct
585,certificate,3,42.0,1.0,0.96,1.25,0.0,0.1,1948,72,60,160,0.9643564356435643,0.9701195219123506,0.9672293942403178,0.9197860962566845,0.3103448275862069,0.0,1.0,4,false_positive_10pct
586,certificate,3,42.0,1.0,0.96,1.25,0.0,0.1,1876,38,87,239,0.9801462904911181,0.9556800815078961,0.9677585762187257,0.8724035608308606,0.1371841155234657,0.0007757951900698216,1.0,5,false_positive_10pct
587,certificate,3,42.0,1.0,0.96,1.25,0.0,0.1,1856,119,77,188,0.9397468354430379,0.9601655457837558,0.9498464687819856,0.8872620790629575,0.38762214983713356,0.0,1.0,3,false_positive_10pct
588,certificate,3,42.0,1.0,0.96,1.25,0.0,0.1,1903,27,44,266,0.9860103626943005,0.9774011299435028,0.9816868712922363,0.9425901201602136,0.09215017064846416,0.0008347245409015025,1.0,4,false_positive_10pct
589,certificate,3,42.0,1.0,0.96,1.25,0.0,0.1,2002,69,45,124,0.9666827619507484,0.9780166096726918,0.9723166585721223,0.9365303244005642,0.35751295336787564,0.0,1.0,3,false_positive_10pct
590,certificate,3,42.0,1.0,0.96,1.25,0.0,0.1,1975,32,47,186,0.9840558046836074,0.97675568743818,0.9803921568627452,0.9336283185840708,0.14678899082568808,0.001488095238095238,1.0,3,false_positive_10pct
591,certificate,3,42.0,1.0,0.96,1.25,0.0,0.1,1978,53,60,149,0.9739044805514525,0.9705593719332679,0.9722290489063652,0.9181692094313454,0.2623762376237624,0.0007593014426727411,1.0,2,false_positive_10pct
592,certificate,3,42.0,1.0,0.96,1.25,0.0,0.1,1746,41,186,267,0.9770565193060996,0.9037267080745341,0.9389620865824146,0.7387005649717514,0.1331168831168831,0.0008169934640522876,1.0,6,false_positive_10pct
593,certificate,3,42.0,1.0,0.96,1.25,0.0,0.1,2116,10,45,69,0.9952963311382879,0.979176307265155,0.987170515512013,0.9426666666666667,0.12658227848101267,0.001417434443656981,1.0,1,false_positive_10pct
594,certificate,3,42.0,1.0,0.96,1.25,0.0,0.1,1820,55,98,267,0.9706666666666667,0.948905109489051,0.9596625362509886,0.8425324675324676,0.17080745341614906,0.0007680491551459293,1.0,5,false_positive_10pct
595,certificate,3,42.0,1.0,0.96,1.25,0.0,0.1,1947,43,37,213,0.978391959798995,0.9813508064516129,0.9798691494715652,0.9478138222849083,0.16796875,0.0,1.0,4,false_positive_10pct
596,certificate,3,42.0,1.0,0.96,1.25,0.0,0.1,1774,76,46,344,0.9589189189189189,0.9747252747252747,0.9667574931880109,0.9267515923566879,0.18095238095238095,0.0,1.0,7,false_positive_10pct
597,certificate,3,42.0,1.0,0.96,1.25,0.0,0.1,1941,43,32,224,0.9783266129032258,0.9837810440952863,0.981046247156937,0.9558173784977909,0.16104868913857678,0.0015455950540958269,1.0,3,false_positive_10pct
598,certificate,3,42.0,1.0,0.96,1.25,0.0,0.1,1878,118,65,179,0.9408817635270541,0.9665465774575399,0.9535415079969535,0.901386748844376,0.39730639730639733,0.0007727975270479134,1.0,5,false_positive_10pct
599,certificate,3,42.0,1.0,0.96,1.25,0.0,0.1,1856,65,35,284,0.9661634565330557,0.9814912744579588,0.9737670514165793,0.947129909365559,0.18624641833810887,0.0,1.0,6,false_positive_10pct
600,certificate,3,42.0,1.0,0.96,1.25,0.0,0.1,2018,61,40,121,0.9706589706589707,0.9805636540330418,0.9755861735557168,0.941944847605225,0.33516483516483514,0.0,1.0,3,false_positive_10pct
601,certificate,3,42.0,1.0,0.96,1.25,0.0,0.25,1660,121,56,403,0.9320606400898371,0.9673659673659674,0.949385187303403,0.9056603773584906,0.23091603053435114,0.00088261253309797,1.0,7,false_positive_25pct
602,certificate,3,42.0,1.0,0.96,1.25,0.0,0.25,1734,30,41,435,0.9829931972789115,0.9769014084507043,0.9799378355467647,0.9372128637059725,0.06451612903225806,0.0,1.0,6,false_positive_25pct
603,certificate,3,42.0,1.0,0.96,1.25,0.0,0.25,1981,97,53,109,0.953320500481232,0.9739429695181907,0.96352140077821,0.9324675324675324,0.470873786407767,0.0007911392405063291,1.0,5,false_positive_25pct
604,certificate,3,42.0,1.0,0.96,1.25,0.0,0.25,1809,51,50,330,0.9725806451612903,0.9731038192576654,0.9728421618714708,0.9244992295839753,0.13385826771653545,0.0008264462809917355,1.0,5,false_positive_25pct
605,certificate,3,42.0,1.0,0.96,1.25,0.0,0.25,1882,32,78,248,0.9832810867293625,0.960204081632653,0.9716055756324212,0.8849693251533742,0.11428571428571428,0.0022935779816513763,1.0,4,false_positive_25pct
606,certificate,3,42.0,1.0,0.96,1.25,0.0,0.25,1682,71,142,345,0.959498003422704,0.9221491228070176,0.9404528934861617,0.7851739788199698,0.17067307692307693,0.0,1.0,5,false_positive_25pct
607,certificate,3,42.0,1.0,0.96,1.25,0.0,0.25,2021,65,17,137,0.9688398849472675,0.9916584887144259,0.9801163918525703,0.9784537389100126,0.3217821782178218,0.0,1.0,4,false_positive_25pct
608,certificate,3,42.0,1.0,0.96,1.25,0.0,0.25,1871,68,78,223,0.9649303764827231,0.9599794766546947,0.9624485596707819,0.8896746817538896,0.23367697594501718,0.0,1.0,4,false_positive_25pct
609,certificate,3,42.0,1.0,0.96,1.25,0.0,0.25,2006,40,72,122,0.9804496578690127,0.9653512993262753,0.9728419010669253,0.9061277705345502,0.24691358024691357,0.0,1.0,2,false_positive_25pct
610,certificate,3,42.0,1.0,0.96,1.25,0.0,0.25,1915,79,79,167,0.9603811434302909,0.9603811434302909,0.9603811434302909,0.8901569186875892,0.32113821138211385,0.0015467904098994587,1.0,4,false_positive_25pct
611,certificate,3,42.0,1.0,0.96,1.25,0.0,0.25,1627,128,22,463,0.927065527065527,0.9866585809581565,0.9559341950646298,0.9658536585365853,0.21658206429780033,0.0009671179883945841,1.0,7,false_positive_25pct
612,certificate,3,42.0,1.0,0.96,1.25,0.0,0.25,1706,78,90,366,0.9562780269058296,0.9498886414253898,0.953072625698324,0.8613251155624037,0.17567567567567569,0.0,1.0,7,false_positive_25pct
613,certificate,3,42.0,1.0,0.96,1.25,0.0,0.25,1913,69,40,218,0.9651866801210898,0.9795186891961085,0.9722998729351969,0.9397590361445783,0.24041811846689895,0.0,1.0,4,false_positive_25pct
614,certificate,3,42.0,1.0,0.96,1.25,0.0,0.25,2035,41,46,118,0.9802504816955684,0.9778952426717924,0.9790714457541496,0.94140625,0.2578616352201258,0.0007616146230007616,1.0,2,false_positive_25pct
615,certificate,3,42.0,1.0,0.96,1.25,0.0,0.25,1818,109,32,281,0.9434353918007266,0.9827027027027027,0.9626687847498014,0.958273381294964,0.2794871794871795,0.0025974025974025974,1.0,5,false_positive_25pct
616,certificate,3,42.0,1.0,0.96,1.25,0.0,0.25,1834,88,135,183,0.9542143600416233,0.9314372778059928,0.9426882549473142,0.8119777158774373,0.3247232472324723,0.0,1.0,5,false_positive_25pct
617,certificate,3,42.0,1.0,0.96,1.25,0.0,0.25,2020,48,45,127,0.97678916827853,0.9782082324455206,0.9774981853375273,0.9388038942976356,0.2742857142857143,0.0007429420505200594,1.0,4,false_positive_25pct
618,certificate,3,42.0,1.0,0.96,1.25,0.0,0.25,1461,157,50,572,0.9029666254635352,0.9669093315684977,0.9338446788111218,0.904397705544933,0.21536351165980797,0.0,1.0,10,false_positive_25pct
619,certificate,3,42.0,1.0,0.96,1.25,0.0,0.25,1828,70,44,298,0.9631190727081138,0.9764957264957265,0.9697612732095491,0.933933933933934,0.19021739130434784,0.0,1.0,6,false_positive_25pct
620,certificate,3,42.0,1.0,0.96,1.25,0.0,0.25,1733,82,115,310,0.9548209366391185,0.9377705627705628,0.9462189462189462,0.8275340393343419,0.20918367346938777,0.0008424599831508003,1.0,6,false_positive_25pct
621,certificate,3,42.0,1.0,0.96,1.25,0.0,0.25,1993,46,62,139,0.9774399215301618,0.9698296836982968,0.97361993160723,0.912981455064194,0.24864864864864866,0.0007385524372230429,1.0,3,false_positive_25pct
622,certificate,3,42.0,1.0,0.96,1.25,0.0,0.25,1983,66,41,150,0.9677891654465594,0.9797430830039525,0.9737294377608642,0.9428571428571428,0.3055555555555556,0.0007552870090634441,1.0,3,false_positive_25pct
623,certificate,3,42.0,1.0,0.96,1.25,0.0,0.25,1902,23,44,271,0.9880519480519481,0.9773895169578622,0.9826918109015758,0.9421720733427362,0.0782312925170068,0.002425222312045271,1.0,4,false_positive_25pct
624,certificate,3,42.0,1.0,0.96,1.25,0.0,0.25,1902,41,75,222,0.9788986103962944,0.9620637329286799,0.9704081632653062,0.9029255319148937,0.155893536121673,0.0016326530612244899,1.0,3,false_positive_25pct
625,certificate,3,42.0,1.0,0.96,1.25,0.0,0.25,1892,98,47,203,0.9507537688442211,0.9757607013924704,0.9630949350979894,0.9332386363636364,0.32558139534883723,0.0,1.0,5,false_positive_25pct
626,certificate,3,42.0,1.0,0.96,1.25,0.0,0.25,1781,148,4,307,0.9232763089683774,0.9977591036414566,0.959073774905762,0.9951298701298701,0.3252747252747253,0.000855431993156544,1.0,6,false_positive_25pct
627,certificate,3,42.0,1.0,0.96,1.25,0.0,0.25,1845,22,23,350,0.9882163899303695,0.9876873661670236,0.9879518072289156,0.9674220963172805,0.05913978494623656,0.0,1.0,5,false_positive_25pct
628,certificate,3,42.0,1.0,0.96,1.25,0.0,0.25,1878,105,52,205,0.9470499243570348,0.9730569948186528,0.9598773319703553,0.9295977011494253,0.3387096774193548,0.0024311183144246355,1.0,5,false_positive_25pct
629,certificate,3,42.0,1.0,0.96,1.25,0.0,0.25,1779,79,50,332,0.957481162540366,0.9726626571897211,0.9650122050447517,0.9155405405405406,0.1922141119221411,0.0,1.0,6,false_positive_25pct
630,certificate,3,42.0,1.0,0.96,1.25,0.0,0.25,1962,54,108,116,0.9732142857142857,0.9478260869565217,0.960352422907489,0.8710462287104623,0.3176470588235294,0.0016025641025641025,1.0,3,false_positive_25pct
631,certificate,3,42.0,1.0,0.96,1.25,0.0,0.25,1994,15,65,166,0.9925335988053758,0.968431277319087,0.9803343166175025,0.9101123595505618,0.08287292817679558,0.0007423904974016332,1.0,3,false_positive_25pct
632,certificate,3,42.0,1.0,0.96,1.25,0.0,0.25,1887,91,15,247,0.9539939332659252,0.9921135646687698,0.9726804123711341,0.980309423347398,0.2692307692307692,0.0008396305625524769,1.0,6,false_positive_25pct
633,certificate,3,42.0,1.0,0.96,1.25,0.0,0.25,1962,47,53,178,0.9766052762568442,0.973697270471464,0.9751491053677933,0.9332477535301669,0.2088888888888889,0.0008090614886731392,1.0,4,false_positive_25pct
634,certificate,3,42.0,1.0,0.96,1.25,0.0,0.25,2044,34,26,136,0.983638113570741,0.9874396135265701,0.9855351976856317,0.9627507163323782,0.2,0.0,1.0,2,false_positive_25pct
635,certificate,3,42.0,1.0,0.96,1.25,0.0,0.25,1914,36,26,264,0.9815384615384616,0.98659793814433,0.9840616966580976,0.9656652360515021,0.12,0.0016116035455278,1.0,4,false_positive_25pct
636,certificate,3,42.0,1.0,0.96,1.25,0.0,0.25,2106,4,62,68,0.9981042654028436,0.9714022140221402,0.9845722300140253,0.918954248366013,0.05555555555555555,0.0,1.0,1,false_positive_25pct
637,certificate,3,42.0,1.0,0.96,1.25,0.0,0.25,1976,89,60,115,0.9569007263922518,0.9705304518664047,0.963667398195562,0.9153284671532846,0.4362745098039216,0.0014803849000740192,1.0,3,false_positive_25pct
638,certificate,3,42.0,1.0,0.96,1.25,0.0,0.25,1726,61,39,414,0.965864577504197,0.9779036827195468,0.9718468468468469,0.9383116883116883,0.12842105263157894,0.0008703220191470844,1.0,6,false_positive_25pct
639,certificate,3,42.0,1.0,0.96,1.25,0.0,0.25,1812,122,15,291,0.9369183040330921,0.9917898193760263,0.9635735176814677,0.9791666666666666,0.29539951573849876,0.0008658008658008658,1.0,6,false_positive_25pct
640,certificate,3,42.0,1.0,0.96,1.25,0.0,0.25,1743,54,70,373,0.9699499165275459,0.9613899613899614,0.9656509695290859,0.8974739970282318,0.12646370023419204,0.0008771929824561404,1.0,6,false_positive_25pct
641,certificate,3,42.0,1.0,0.96,1.25,0.0,0.25,2031,52,38,119,0.9750360057609218,0.9816336394393427,0.9783236994219653,0.9495225102319236,0.30409356725146197,0.0007485029940119761,1.0,3,false_positive_25pct
642,certificate,3,42.0,1.0,0.96,1.25,0.0,0.25,1881,70,42,247,0.9641209636084059,0.9781591263650546,0.9710893133711926,0.9392185238784371,0.22082018927444794,0.0,1.0,4,false_positive_25pct
643,certificate,3,42.0,1.0,0.96,1.25,0.0,0.25,1997,18,87,138,0.9910669975186104,0.958253358925144,0.974383996096609,0.885676741130092,0.11538461538461539,0.0,1.0,4,false_positive_25pct
644,certificate,3,42.0,1.0,0.96,1.25,0.0,0.25,1946,64,34,196,0.9681592039800995,0.9828282828282828,0.975438596491228,0.9512555391432792,0.24615384615384617,0.0007674597083653108,1.0,3,false_positive_25pct
645,certificate,3,42.0,1.0,0.96,1.25,0.0,0.25,1978,33,21,208,0.9835902536051716,0.9894947473736868,0.9865336658354115,0.972027972027972,0.13692946058091288,0.000778816199376947,1.0,3,false_positive_25pct
646,certificate,3,42.0,1.0,0.96,1.25,0.0,0.25,1631,60,60,489,0.9645180366646955,0.9645180366646955,0.9645180366646955,0.8993288590604027,0.1092896174863388,0.0,1.0,7,false_positive_25pct
647,certificate,3,42.0,1.0,0.96,1.25,0.0,0.25,1970,61,31,178,0.9699655342195963,0.9845077461269365,0.9771825396825397,0.956268221574344,0.25523012552301255,0.0007604562737642585,1.0,2,false_positive_25pct
648,certificate,3,42.0,1.0,0.96,1.25,0.0,0.25,1676,169,30,365,0.9084010840108401,0.9824150058616647,0.9439594480428048,0.949238578680203,0.31647940074906367,0.0,1.0,7,false_positive_25pct
649,certificate,3,42.0,1.0,0.96,1.25,0.0,0.25,1539,168,114,419,0.9015817223198594,0.9310344827586207,0.9160714285714285,0.8129139072847682,0.28620102214650767,0.0009532888465204957,1.0,8,false_positive_25pct
650,certificate,3,42.0,1.0,0.96,1.25,0.0,0.25,2041,31,0,168,0.98503861003861,1.0,0.9924629224410405,1.0,0.15577889447236182,0.0,1.0,4,false_positive_25pct
651,certificate,3,42.0,1.0,0.96,1.25,0.0,0.25,1864,56,62,258,0.9708333333333333,0.9678089304257529,0.9693187727509099,0.9081481481481481,0.17834394904458598,0.0,1.0,4,false_positive_25pct
652,certificate,3,42.0,1.0,0.96,1.25,0.0,0.25,1987,33,99,121,0.9836633663366336,0.9525407478427612,0.9678519240136385,0.8667563930013459,0.21428571428571427,0.0,1.0,3,false_positive_25pct
653,certificate,3,42.0,1.0,0.96,1.25,0.0,0.25,1802,107,72,259,0.9439497118910424,0.9615795090715048,0.9526830557758393,0.890937019969278,0.2923497267759563,0.0008176614881439084,1.0,6,false_positive_25pct
654,certificate,3,42.0,1.0,0.96,1.25,0.0,0.25,2037,16,125,62,0.9922065270336093,0.9421831637372803,0.9665480427046262,0.8462484624846248,0.20512820512820512,0.0,1.0,1,false_positive_25pct
655,certificate,3,42.0,1.0,0.96,1.25,0.0,0.25,1697,117,45,381,0.9355016538037486,0.9741676234213548,0.954443194600675,0.9308176100628931,0.23493975903614459,0.0009041591320072332,1.0,9,false_positive_25pct
656,certificate,3,42.0,1.0,0.96,1.25,0.0,0.25,1740,109,29,362,0.9410492157923201,0.9836065573770492,0.9618573797678275,0.9546875,0.23142250530785563,0.0,1.0,5,false_positive_25pct
657,certificate,3,42.0,1.0,0.96,1.25,0.0,0.25,2022,70,62,86,0.9665391969407265,0.9702495201535508,0.9683908045977011,0.9159779614325069,0.44871794871794873,0.0007363770250368188,1.0,2,false_positive_25pct
658,certificate,3,42.0,1.0,0.96,1.25,0.0,0.25,1705,135,181,219,0.9266304347826086,0.9040296924708378,0.9151905528717124,0.7316341829085458,0.3813559322033898,0.0016406890894175555,1.0,4,false_positive_25pct
659,certificate,3,42.0,1.0,0.96,1.25,0.0,0.25,1781,88,75,296,0.9529159978598181,0.9595905172413793,0.9562416107382552,0.8873873873873874,0.22916666666666666,0.0,1.0,6,false_positive_25pct
660,certificate,3,42.0,1.0,0.96,1.25,0.0,0.25,1820,76,107,237,0.959915611814346,0.9444732745199792,0.9521318336385037,0.8487874465049928,0.24281150159744408,0.0008156606851549756,1.0,4,false_positive_25pct
661,certificate,3,42.0,1.0,0.96,1.25,0.0,0.25,2099,31,52,58,0.9854460093896713,0.9758251975825197,0.9806120065405279,0.9265129682997119,0.34831460674157305,0.0006863417982155113,1.0,1,false_positive_25pct
662,certificate,3,42.0,1.0,0.96,1.25,0.0,0.25,1738,88,86,328,0.9518072289156626,0.9528508771929824,0.9523287671232877,0.8612040133779264,0.21153846153846154,0.0024469820554649264,1.0,6,false_positive_25pct
663,certificate,3,42.0,1.0,0.96,1.25,0.0,0.25,1687,177,55,321,0.9050429184549357,0.9684270952927669,0.9356627842484747,0.9098360655737705,0.35542168674698793,0.0,1.0,6,false_positive_25pct
664,certificate,3,42.0,1.0,0.96,1.25,0.0,0.25,1852,118,44,226,0.9401015228426396,0.9767932489451476,0.9580962234868081,0.9352409638554217,0.3430232558139535,0.0008116883116883117,1.0,5,false_positive_25pct
665,certificate,3,42.0,1.0,0.96,1.25,0.0,0.25,1908,61,75,196,0.9690198070086338,0.962178517397882,0.9655870445344129,0.8983286908077994,0.23735408560311283,0.0015810276679841897,1.0,5,false_positive_25pct
666,certificate,3,42.0,1.0,0.96,1.25,0.0,0.25,1923,22,111,184,0.9886889460154241,0.9454277286135693,0.9665745162101029,0.852,0.10679611650485436,0.0,1.0,3,false_positive_25pct
667,certificate,3,42.0,1.0,0.96,1.25,0.0,0.25,1714,92,102,332,0.9490586932447398,0.9438325991189427,0.9464384318056323,0.8430769230769231,0.2169811320754717,0.0,1.0,7,false_positive_25pct
668,certificate,3,42.0,1.0,0.96,1.25,0.0,0.25,1940,86,47,167,0.9575518262586377,0.9763462506290891,0.9668577124345875,0.9243156199677939,0.33992094861660077,0.0,1.0,4,false_positive_25pct
669,certificate,3,42.0,1.0,0.96,1.25,0.0,0.25,2150,25,34,31,0.9885057471264368,0.9844322344322345,0.9864647855012618,0.9574468085106383,0.44642857142857145,0.0013966480446927375,1.0,1,false_positive_25pct
670,certificate,3,42.0,1.0,0.96,1.25,0.0,0.25,1866,114,57,203,0.9424242424242424,0.9703588143525741,0.9561875480399692,0.9153046062407132,0.35962145110410093,0.0,1.0,4,false_positive_25pct
671,certificate,3,42.0,1.0,0.96,1.25,0.0,0.25,1983,69,12,176,0.966374269005848,0.9939849624060151,0.9799851742031135,0.9847645429362881,0.2816326530612245,0.0007855459544383347,1.0,4,false_positive_25pct
672,certificate,3,42.0,1.0,0.96,1.25,0.0,0.25,1933,60,6,241,0.9698946312092324,0.9969056214543579,0.9832146490335707,0.992816091954023,0.19933554817275748,0.0008045052292839903,1.0,4,false_positive_25pct
673,certificate,3,42.0,1.0,0.96,1.25,0.0,0.25,2006,51,78,105,0.9752066115702479,0.9625719769673704,0.9688481043226272,0.9006369426751593,0.3269230769230769,0.0,1.0,5,false_positive_25pct
674,certificate,3,42.0,1.0,0.96,1.25,0.0,0.25,1942,24,29,245,0.987792472024415,0.9852866565195332,0.9865379730759462,0.9590973201692524,0.08921933085501858,0.0,1.0,4,false_positive_25pct
675,certificate,3,42.0,1.0,0.96,1.25,0.0,0.25,1943,37,27,233,0.9813131313131314,0.9862944162436548,0.9837974683544303,0.9607558139534884,0.13703703703703704,0.0,1.0,4,false_positive_25pct
676,certificate,3,42.0,1.0,0.96,1.25,0.0,0.25,2032,30,24,154,0.98545101842871,0.9883268482490273,0.9868868382710054,0.9667128987517337,0.16304347826086957,0.0,1.0,3,false_positive_25pct
677,certificate,3,42.0,1.0,0.96,1.25,0.0,0.25,2009,53,79,99,0.9742967992240543,0.9621647509578544,0.9681927710843373,0.897196261682243,0.34868421052631576,0.0014936519790888724,1.0,3,false_positive_25pct
678,certificate,3,42.0,1.0,0.96,1.25,0.0,0.25,1972,39,55,174,0.9806066633515664,0.9728663048840651,0.9767211490837049,0.9305373525557011,0.18309859154929578,0.0015822784810126582,1.0,3,false_positive_25pct
679,certificate,3,42.0,1.0,0.96,1.25,0.0,0.25,1838,59,86,257,0.9688982604111755,0.9553014553014553,0.9620518188955771,0.8805555555555555,0.18670886075949367,0.0,1.0,4,false_positive_25pct
680,certificate,3,42.0,1.0,0.96,1.25,0.0,0.25,1938,28,116,158,0.9857578840284842,0.943524829600779,0.9641791044776119,0.8454301075268817,0.15053763440860216,0.0007633587786259542,1.0,2,false_positive_25pct
681,certificate,3,42.0,1.0,0.96,1.25,0.0,0.25,1791,106,77,266,0.9441222983658408,0.958779443254818,0.951394422310757,0.8880813953488372,0.2849462365591398,0.0,1.0,6,false_positive_25pct
682,certificate,3,42.0,1.0,0.96,1.25,0.0,0.25,2064,20,40,116,0.9904030710172744,0.9809885931558935,0.9856733524355301,0.9530864197530864,0.14705882352941177,0.0015455950540958269,1.0,2,false_positive_25pct
683,certificate,3,42.0,1.0,0.96,1.25,0.0,0.25,1780,101,78,281,0.9463051568314726,0.9580193756727664,0.9521262369617545,0.8779342723004695,0.2643979057591623,0.0,1.0,7,false_positive_25pct
684,certificate,3,42.0,1.0,0.96,1.25,0.0,0.25,1763,93,76,308,0.9498922413793104,0.958673191952148,0.9542625169147496,0.8841940532081377,0.23192019950124687,0.0016666666666666668,1.0,5,false_positive_25pct
685,certificate,3,42.0,1.0,0.96,1.25,0.0,0.25,1888,86,85,181,0.9564336372847011,0.9569183983781044,0.9566759564225994,0.8766328011611031,0.32209737827715357,0.0,1.0,5,false_positive_25pct
686,certificate,3,42.0,1.0,0.96,1.25,0.0,0.25,1823,131,26,260,0.9329580348004094,0.9859383450513791,0.958716802524323,0.9625187406296851,0.3350383631713555,0.0008460236886632825,1.0,6,false_positive_25pct
687,certificate,3,42.0,1.0,0.96,1.25,0.0,0.25,1939,66,66,169,0.9670822942643391,0.9670822942643391,0.9670822942643391,0.8970358814352574,0.28085106382978725,0.0,1.0,3,false_positive_25pct
688,certificate,3,42.0,1.0,0.96,1.25,0.0,0.25,1998,30,58,154,0.985207100591716,0.9717898832684825,0.9784524975514203,0.9156976744186046,0.16304347826086957,0.0,1.0,3,false_positive_25pct
689,certificate,3,42.0,1.0,0.96,1.25,0.0,0.25,1731,108,202,199,0.9412724306688418,0.8954992240041386,0.9178154825026511,0.7154929577464789,0.3517915309446254,0.0,1.0,4,false_positive_25pct
690,certificate,3,42.0,1.0,0.96,1.25,0.0,0.25,1971,37,56,176,0.9815737051792829,0.9723729649728663,0.9769516728624535,0.9232914923291492,0.17370892018779344,0.0007633587786259542,1.0,3,false_positive_25pct
691,certificate,3,42.0,1.0,0.96,1.25,0.0,0.25,1982,54,79,125,0.9734774066797642,0.9616690926734595,0.9675372223578228,0.9001297016861219,0.3016759776536313,0.0015503875968992248,1.0,3,false_positive_25pct
692,certificate,3,42.0,1.0,0.96,1.25,0.0,0.25,1774,58,38,370,0.9683406113537117,0.9790286975717439,0.9736553238199781,0.9429892141756548,0.13551401869158877,0.0008598452278589854,1.0,6,false_positive_25pct
693,certificate,3,42.0,1.0,0.96,1.25,0.0,0.25,1836,94,67,243,0.9512953367875647,0.9647924330005255,0.957996347508479,0.902046783625731,0.2789317507418398,0.0,1.0,4,false_positive_25pct
694,certificate,3,42.0,1.0,0.96,1.25,0.0,0.25,1743,64,69,364,0.9645821804095185,0.9619205298013245,0.9632495164410058,0.8868852459016393,0.14953271028037382,0.0,1.0,6,false_positive_25pct
695,certificate,3,42.0,1.0,0.96,1.25,0.0,0.25,1950,18,66,206,0.9908536585365854,0.9672619047619048,0.9789156626506024,0.9081920903954802,0.08035714285714286,0.0007645259938837921,1.0,4,false_positive_25pct
696,certificate,3,42.0,1.0,0.96,1.25,0.0,0.25,1909,28,67,236,0.9855446566855963,0.9660931174089069,0.9757219524661386,0.9043478260869565,0.10606060606060606,0.0007776049766718507,1.0,4,false_positive_25pct
697,certificate,3,42.0,1.0,0.96,1.25,0.0,0.25,1755,64,47,374,0.9648158328752061,0.9739178690344062,0.9693454846727424,0.9258675078864353,0.1461187214611872,0.0,1.0,7,false_positive_25pct
698,certificate,3,42.0,1.0,0.96,1.25,0.0,0.25,2018,63,35,124,0.9697260932244114,0.9829517778860205,0.9762941461054669,0.9529569892473119,0.33689839572192515,0.0,1.0,3,false_positive_25pct
699,certificate,3,42.0,1.0,0.96,1.25,0.0,0.25,2031,31,63,115,0.9849660523763336,0.9699140401146131,0.9773820981713186,0.9164420485175202,0.21232876712328766,0.0007396449704142012,1.0,2,false_positive_25pct
700,certificate,3,42.0,1.0,0.96,1.25,0.0,0.25,1907,37,29,267,0.9809670781893004,0.9850206611570248,0.9829896907216495,0.9610738255033557,0.12171052631578948,0.0,1.0,4,false_positive_25pct
701,certificate,3,42.0,1.0,0.96,1.25,0.0,0.25,1776,107,139,218,0.9431757833244823,0.9274151436031332,0.9352290679304898,0.7903469079939668,0.3292307692307692,0.0,1.0,6,false_positive_25pct
702,certificate,3,42.0,1.0,0.96,1.25,0.0,0.25,1743,87,54,356,0.9524590163934427,0.9699499165275459,0.9611248966087675,0.9179566563467493,0.1963882618510158,0.0008688097306689834,1.0,5,false_positive_25pct
703,certificate,3,42.0,1.0,0.96,1.25,0.0,0.25,2161,11,50,18,0.9949355432780848,0.9773857982813207,0.9860825918320785,0.9377431906614786,0.3793103448275862,0.001388888888888889,1.0,1,false_positive_25pct
704,certificate,3,42.0,1.0,0.96,1.25,0.0,0.25,1714,132,96,298,0.9284940411700975,0.9469613259668508,0.937636761487965,0.8361774744027304,0.30697674418604654,0.0,1.0,6,false_positive_25pct
705,certificate,3,42.0,1.0,0.96,1.25,0.0,0.25,1821,84,28,307,0.9559055118110236,0.9848566792861005,0.9701651571656899,0.9561128526645768,0.21483375959079284,0.0,1.0,7,false_positive_25pct
706,certificate,3,42.0,1.0,0.96,1.25,0.0,0.25,2050,79,42,69,0.9628933771723814,0.9799235181644359,0.9713338071547026,0.948019801980198,0.5337837837837838,0.0,1.0,3,false_positive_25pct
707,certificate,3,42.0,1.0,0.96,1.25,0.0,0.25,1992,42,49,157,0.9793510324483776,0.9759921607055365,0.9776687116564418,0.9310829817158931,0.21105527638190955,0.0,1.0,4,false_positive_25pct
708,certificate,3,42.0,1.0,0.96,1.25,0.0,0.25,1812,68,71,289,0.9638297872340426,0.9622942113648434,0.963061387191071,0.8929110105580694,0.19047619047619047,0.0,1.0,5,false_positive_25pct
709,certificate,3,42.0,1.0,0.96,1.25,0.0,0.25,2055,50,43,92,0.9762470308788599,0.9795042897998093,0.9778729478943612,0.9434724091520862,0.352112676056338,0.0007380073800738007,1.0,2,false_positive_25pct
710,certificate,3,42.0,1.0,0.96,1.25,0.0,0.25,2111,6,78,45,0.9971658006613132,0.9643672910004568,0.9804923362749652,0.8996088657105606,0.11764705882352941,0.0007032348804500703,1.0,1,false_positive_25pct
711,certificate,3,42.0,1.0,0.96,1.25,0.0,0.25,1596,142,39,463,0.9182968929804373,0.9761467889908257,0.9463385710050402,0.9307282415630551,0.23471074380165288,0.0,1.0,7,false_positive_25pct
712,certificate,3,42.0,1.0,0.96,1.25,0.0,0.25,2011,52,25,152,0.9747939893359185,0.987721021611002,0.9812149304708465,0.9680851063829787,0.2549019607843137,0.000778816199376947,1.0,4,false_positive_25pct
713,certificate,3,42.0,1.0,0.96,1.25,0.0,0.25,1809,84,105,242,0.9556259904912837,0.945141065830721,0.950354609929078,0.8491379310344828,0.25766871165644173,0.0,1.0,6,false_positive_25pct
714,certificate,3,42.0,1.0,0.96,1.25,0.0,0.25,1923,62,44,211,0.9687657430730479,0.9776309100152516,0.9731781376518218,0.9383954154727794,0.2271062271062271,0.0007880220646178094,1.0,4,false_positive_25pct
715,certificate,3,42.0,1.0,0.96,1.25,0.0,0.25,1862,88,67,223,0.9548717948717949,0.9652669777086573,0.960041247744264,0.902332361516035,0.2829581993569132,0.0,1.0,4,false_positive_25pct
716,certificate,3,42.0,1.0,0.96,1.25,0.0,0.25,2010,57,73,100,0.9724238026124818,0.9649543927028325,0.9686746987951806,0.8995873452544704,0.3630573248407643,0.0,1.0,3,false_positive_25pct
717,certificate,3,42.0,1.0,0.96,1.25,0.0,0.25,1956,74,32,178,0.9635467980295567,0.9839034205231388,0.9736187157789946,0.958217270194986,0.29365079365079366,0.0015748031496062992,1.0,5,false_positive_25pct
718,certificate,3,42.0,1.0,0.96,1.25,0.0,0.25,2045,14,31,150,0.9932005828071879,0.9850674373795761,0.989117291414752,0.958041958041958,0.08536585365853659,0.0007347538574577516,1.0,2,false_positive_25pct
719,certificate,3,42.0,1.0,0.96,1.25,0.0,0.25,2028,62,65,85,0.970334928229665,0.968944099378882,0.9696390150609612,0.9142091152815014,0.4217687074829932,0.0007423904974016332,1.0,4,false_positive_25pct
720,certificate,3,42.0,1.0,0.96,1.25,0.0,0.25,1656,63,28,493,0.9633507853403142,0.9833729216152018,0.9732588892153982,0.9556650246305419,0.11330935251798561,0.0009302325581395349,1.0,8,false_positive_25pct
721,certificate,3,42.0,1.0,0.96,1.25,0.0,0.5,1959,53,95,133,0.9736580516898609,0.9537487828627069,0.9636005902606984,0.8837209302325582,0.2849462365591398,0.0,1.0,3,false_positive_50pct
722,certificate,3,42.0,1.0,0.96,1.25,0.0,0.5,2142,59,35,4,0.9731940027260336,0.9839228295819936,0.9785290086797624,0.9528301886792453,0.9365079365079365,0.0,1.0,1,false_positive_50pct
723,certificate,3,42.0,1.0,0.96,1.25,0.0,0.5,1856,162,42,180,0.9197224975222993,0.9778714436248683,0.947906026557712,0.9410112359550562,0.47368421052631576,0.0,1.0,4,false_positive_50pct
724,certificate,3,42.0,1.0,0.96,1.25,0.0,0.5,1992,59,29,160,0.9712335446123842,0.9856506679861454,0.9783889980353635,0.9629629629629629,0.2694063926940639,0.0,1.0,2,false_positive_50pct
725,certificate,3,42.0,1.0,0.96,1.25,0.0,0.5,2043,113,37,47,0.9475881261595547,0.9822115384615384,0.9645892351274787,0.9507523939808481,0.70625,0.0007412898443291327,1.0,3,false_positive_50pct
726,certificate,3,42.0,1.0,0.96,1.25,0.0,0.5,1706,190,80,264,0.8997890295358649,0.9552071668533034,0.9266702878870179,0.8694942903752039,0.4185022026431718,0.0,1.0,4,false_positive_50pct
727,certificate,3,42.0,1.0,0.96,1.25,0.0,0.5,1952,176,18,94,0.9172932330827067,0.9908629441624366,0.9526598340653977,0.9743223965763196,0.6518518518518519,0.0,1.0,2,false_positive_50pct
728,certificate,3,42.0,1.0,0.96,1.25,0.0,0.5,1785,153,132,170,0.9210526315789473,0.9311424100156495,0.9260700389105059,0.8169209431345353,0.47368421052631576,0.0,1.0,3,false_positive_50pct
729,certificate,3,42.0,1.0,0.96,1.25,0.0,0.5,2034,105,59,42,0.9509116409537167,0.9718107978977544,0.9612476370510398,0.9188445667125172,0.7142857142857143,0.0,1.0,2,false_positive_50pct
730,certificate,3,42.0,1.0,0.96,1.25,0.0,0.5,1872,189,43,136,0.9082969432314411,0.9775456919060053,0.9416498993963782,0.9390934844192634,0.5815384615384616,0.0,1.0,5,false_positive_50pct
731,certificate,3,42.0,1.0,0.96,1.25,0.0,0.5,1980,77,81,102,0.9625668449197861,0.9606986899563319,0.9616318601262749,0.8858381502890174,0.4301675977653631,0.0014609203798392988,1.0,2,false_positive_50pct
732,certificate,3,42.0,1.0,0.96,1.25,0.0,0.5,1873,171,149,47,0.9163405088062623,0.9263105835806132,0.9212985735366453,0.7967257844474761,0.7844036697247706,0.0,1.0,2,false_positive_50pct
733,certificate,3,42.0,1.0,0.96,1.25,0.0,0.5,1782,222,140,96,0.8892215568862275,0.927159209157128,0.9077941925624045,0.8016997167138811,0.6981132075471698,0.0,1.0,3,false_positive_50pct
734,certificate,3,42.0,1.0,0.96,1.25,0.0,0.5,2073,36,43,88,0.9829302987197724,0.9796786389413988,0.9813017751479289,0.946360153256705,0.2903225806451613,0.0007501875468867217,1.0,2,false_positive_50pct
735,certificate,3,42.0,1.0,0.96,1.25,0.0,0.5,2146,0,94,0,1.0,0.9580357142857143,0.9785681714546284,0.8864734299516909,0.0,0.0,1.0,0,false_positive_50pct
736,certificate,3,42.0,1.0,0.96,1.25,0.0,0.5,1700,295,102,143,0.8521303258145363,0.9433962264150944,0.8954437713984724,0.8341543513957307,0.6735159817351598,0.0008382229673093043,1.0,5,false_positive_50pct
737,certificate,3,42.0,1.0,0.96,1.25,0.0,0.5,1860,107,106,167,0.945602440264362,0.9460834181078331,0.9458428680396644,0.86875,0.3905109489051095,0.0008576329331046312,1.0,2,false_positive_50pct
738,certificate,3,42.0,1.0,0.96,1.25,0.0,0.5,2140,7,41,52,0.9967396367023754,0.9812012838147639,0.9889094269870611,0.9467532467532468,0.11864406779661017,0.0,1.0,1,false_positive_50pct
739,certificate,3,42.0,1.0,0.96,1.25,0.0,0.5,1677,142,63,358,0.9219351291918637,0.9637931034482758,0.9423995504355156,0.9029275808936826,0.284,0.0,1.0,6,false_positive_50pct
740,certificate,3,42.0,1.0,0.96,1.25,0.0,0.5,1847,200,23,170,0.9022960429897411,0.9877005347593583,0.9430686750063825,0.9654135338345865,0.5405405405405406,0.0,1.0,3,false_positive_50pct
741,certificate,3,42.0,1.0,0.96,1.25,0.0,0.5,1853,172,72,143,0.9150617283950617,0.9625974025974026,0.9382278481012657,0.8938714499252616,0.546031746031746,0.0007961783439490446,1.0,4,false_positive_50pct
742,certificate,3,42.0,1.0,0.96,1.25,0.0,0.5,2043,38,74,85,0.9817395482940894,0.9650448748228625,0.973320628870891,0.8953488372093024,0.3089430894308943,0.0013995801259622112,1.0,3,false_positive_50pct
743,certificate,3,42.0,1.0,0.96,1.25,0.0,0.5,1919,115,52,154,0.9434611602753196,0.9736174530695079,0.9583021223470661,0.9214501510574018,0.4275092936802974,0.0,1.0,3,false_positive_50pct
744,certificate,3,42.0,1.0,0.96,1.25,0.0,0.5,1900,125,85,130,0.9382716049382716,0.9571788413098237,0.9476309226932669,0.877906976744186,0.49019607843137253,0.0007710100231303007,1.0,2,false_positive_50pct
745,certificate,3,42.0,1.0,0.96,1.25,0.0,0.5,1824,160,165,91,0.9193548387096774,0.9170437405731523,0.9181978353888748,0.7792732166890982,0.6374501992031872,0.0008025682182985554,1.0,2,false_positive_50pct
746,certificate,3,42.0,1.0,0.96,1.25,0.0,0.5,1678,279,21,262,0.85743484925907,0.9876397881106533,0.9179431072210066,0.9663865546218487,0.5157116451016636,0.0009057971014492754,1.0,6,false_positive_50pct
747,certificate,3,42.0,1.0,0.96,1.25,0.0,0.5,1844,100,124,172,0.948559670781893,0.9369918699186992,0.9427402862985684,0.8165413533834587,0.36764705882352944,0.0015349194167306216,1.0,5,false_positive_50pct
748,certificate,3,42.0,1.0,0.96,1.25,0.0,0.5,2160,34,24,22,0.9845031905195989,0.989010989010989,0.9867519415258109,0.9699738903394256,0.6071428571428571,0.0007052186177715092,1.0,1,false_positive_50pct
749,certificate,3,42.0,1.0,0.96,1.25,0.0,0.5,2134,48,58,0,0.9780018331805683,0.9735401459854015,0.9757658893461363,0.9269521410579346,1.0,0.0,1.0,0,false_positive_50pct
750,certificate,3,42.0,1.0,0.96,1.25,0.0,0.5,1685,203,77,275,0.892478813559322,0.9562996594778661,0.9232876712328767,0.8800623052959502,0.4246861924686193,0.0,1.0,5,false_positive_50pct
751,certificate,3,42.0,1.0,0.96,1.25,0.0,0.5,1857,168,148,67,0.917037037037037,0.9261845386533666,0.9215880893300248,0.795774647887324,0.7148936170212766,0.0023166023166023165,1.0,2,false_positive_50pct
752,certificate,3,42.0,1.0,0.96,1.25,0.0,0.5,1919,105,79,137,0.9481225296442688,0.9604604604604604,0.9542516161113873,0.8879432624113475,0.43388429752066116,0.0,1.0,2,false_positive_50pct
753,certificate,3,42.0,1.0,0.96,1.25,0.0,0.5,1913,95,30,202,0.9526892430278885,0.9845599588265569,0.9683624398886358,0.9567723342939481,0.31986531986531985,0.0,1.0,4,false_positive_50pct
754,certificate,3,42.0,1.0,0.96,1.25,0.0,0.5,1902,268,27,43,0.8764976958525346,0.9860031104199067,0.928031227128568,0.9602446483180428,0.8617363344051447,0.000784313725490196,1.0,1,false_positive_50pct
755,certificate,3,42.0,1.0,0.96,1.25,0.0,0.5,1969,117,21,133,0.9439117929050815,0.9894472361809046,0.9661432777232581,0.97165991902834,0.468,0.0,1.0,5,false_positive_50pct
756,certificate,3,42.0,1.0,0.96,1.25,0.0,0.5,1883,199,16,142,0.904418828049952,0.9915745129015271,0.9459934689776438,0.9755725190839695,0.5835777126099707,0.0,1.0,3,false_positive_50pct
757,certificate,3,42.0,1.0,0.96,1.25,0.0,0.5,2089,75,39,37,0.9653419593345656,0.9816729323308271,0.9734389561975769,0.9549878345498783,0.6696428571428571,0.0015313935681470138,1.0,2,false_positive_50pct
758,certificate,3,42.0,1.0,0.96,1.25,0.0,0.5,1875,207,81,77,0.9005763688760807,0.9585889570552147,0.9286775631500743,0.8837209302325582,0.7288732394366197,0.0007886435331230284,1.0,5,false_positive_50pct
759,certificate,3,42.0,1.0,0.96,1.25,0.0,0.5,1929,108,52,151,0.946980854197349,0.9737506309944473,0.960179193628671,0.9259259259259259,0.416988416988417,0.0,1.0,3,false_positive_50pct
760,certificate,3,42.0,1.0,0.96,1.25,0.0,0.5,2008,89,62,81,0.9575584167858846,0.970048309178744,0.9637628989680825,0.9207161125319693,0.5235294117647059,0.0,1.0,2,false_positive_50pct
761,certificate,3,42.0,1.0,0.96,1.25,0.0,0.5,1965,80,98,97,0.960880195599022,0.9524963645176927,0.9566699123661149,0.8625525946704067,0.4519774011299435,0.0,1.0,1,false_positive_50pct
762,certificate,3,42.0,1.0,0.96,1.25,0.0,0.5,1964,154,64,58,0.927289896128423,0.9684418145956607,0.9474191992281717,0.9169960474308301,0.7264150943396226,0.0007880220646178094,1.0,2,false_positive_50pct
763,certificate,3,42.0,1.0,0.96,1.25,0.0,0.5,1859,288,61,32,0.8658593386120168,0.9682291666666667,0.9141873616916646,0.9130434782608695,0.9,0.0008130081300813008,1.0,2,false_positive_50pct
764,certificate,3,42.0,1.0,0.96,1.25,0.0,0.5,1804,101,35,300,0.946981627296588,0.9809679173463839,0.9636752136752137,0.948905109489051,0.2518703241895262,0.0,1.0,6,false_positive_50pct
765,certificate,3,42.0,1.0,0.96,1.25,0.0,0.5,1948,126,84,82,0.9392478302796529,0.9586614173228346,0.9488553336580614,0.8882907133243607,0.6057692307692307,0.0007757951900698216,1.0,2,false_positive_50pct
766,certificate,3,42.0,1.0,0.96,1.25,0.0,0.5,1863,101,21,255,0.9485743380855397,0.9888535031847133,0.9682952182952183,0.967948717948718,0.28370786516853935,0.0007936507936507937,1.0,5,false_positive_50pct
767,certificate,3,42.0,1.0,0.96,1.25,0.0,0.5,1976,57,54,153,0.9719626168224299,0.9733990147783251,0.9726802855033228,0.9287598944591029,0.2714285714285714,0.0,1.0,3,false_positive_50pct
768,certificate,3,42.0,1.0,0.96,1.25,0.0,0.5,1969,103,93,75,0.9502895752895753,0.954898157129001,0.9525882922109338,0.8761776581426649,0.5786516853932584,0.000758150113722517,1.0,1,false_positive_50pct
769,certificate,3,42.0,1.0,0.96,1.25,0.0,0.5,1781,248,35,176,0.877772301626417,0.9807268722466961,0.9263979193758128,0.9497126436781609,0.5849056603773585,0.0,1.0,2,false_positive_50pct
770,certificate,3,42.0,1.0,0.96,1.25,0.0,0.5,2114,60,46,20,0.9724011039558418,0.9787037037037037,0.9755422242731888,0.9405684754521964,0.75,0.0,1.0,1,false_positive_50pct
771,certificate,3,42.0,1.0,0.96,1.25,0.0,0.5,1745,259,132,104,0.8707584830339321,0.9296750133191263,0.8992527699046637,0.7993874425727412,0.7134986225895317,0.0008169934640522876,1.0,4,false_positive_50pct
772,certificate,3,42.0,1.0,0.96,1.25,0.0,0.5,2001,71,47,121,0.9657335907335908,0.97705078125,0.9713592233009709,0.9434889434889435,0.3697916666666667,0.0008103727714748784,1.0,4,false_positive_50pct
773,certificate,3,42.0,1.0,0.96,1.25,0.0,0.5,1917,139,0,184,0.9323929961089494,1.0,0.9650138434432419,1.0,0.43034055727554177,0.0,1.0,3,false_positive_50pct
774,certificate,3,42.0,1.0,0.96,1.25,0.0,0.5,2015,66,71,88,0.9682844786160499,0.9659635666347076,0.9671226301895849,0.9086229086229086,0.42857142857142855,0.0,1.0,2,false_positive_50pct
775,certificate,3,42.0,1.0,0.96,1.25,0.0,0.5,1824,170,105,141,0.9147442326980942,0.9455676516329704,0.9299005862860056,0.8583106267029973,0.5466237942122186,0.0008368200836820083,1.0,6,false_positive_50pct
776,certificate,3,42.0,1.0,0.96,1.25,0.0,0.5,2068,83,47,42,0.9614132961413296,0.9777777777777777,0.9695264885138303,0.9401041666666666,0.664,0.0007423904974016332,1.0,1,false_positive_50pct
777,certificate,3,42.0,1.0,0.96,1.25,0.0,0.5,2061,97,36,46,0.9550509731232623,0.9828326180257511,0.9687426556991774,0.9518716577540107,0.6783216783216783,0.0,1.0,2,false_positive_50pct
778,certificate,3,42.0,1.0,0.96,1.25,0.0,0.5,1771,241,45,183,0.8802186878727635,0.9752202643171806,0.9252873563218391,0.9358974358974359,0.5683962264150944,0.0,1.0,4,false_positive_50pct
779,certificate,3,42.0,1.0,0.96,1.25,0.0,0.5,1984,116,77,63,0.9447619047619048,0.9626394953905871,0.9536169190098535,0.9029003783102144,0.6480446927374302,0.0,1.0,1,false_positive_50pct
780,certificate,3,42.0,1.0,0.96,1.25,0.0,0.5,1873,204,92,71,0.9017814155031295,0.9531806615776082,0.9267689262741217,0.8727524204702628,0.7418181818181818,0.0,1.0,3,false_positive_50pct
781,certificate,3,42.0,1.0,0.96,1.25,0.0,0.5,1963,110,59,108,0.9469368065605402,0.9708209693372898,0.9587301587301588,0.9143686502177069,0.5045871559633027,0.0,1.0,2,false_positive_50pct
782,certificate,3,42.0,1.0,0.96,1.25,0.0,0.5,2020,85,61,74,0.9596199524940617,0.9706871696299856,0.9651218346870521,0.9179415855354659,0.5345911949685535,0.0014684287812041115,1.0,1,false_positive_50pct
783,certificate,3,42.0,1.0,0.96,1.25,0.0,0.5,1844,131,50,215,0.9336708860759494,0.9736008447729673,0.953217885758594,0.9216300940438872,0.3786127167630058,0.0,1.0,5,false_positive_50pct
784,certificate,3,42.0,1.0,0.96,1.25,0.0,0.5,1891,145,80,124,0.9287819253438114,0.9594114662607813,0.9438482655353132,0.8965071151358344,0.5390334572490706,0.0,1.0,4,false_positive_50pct
785,certificate,3,42.0,1.0,0.96,1.25,0.0,0.5,1802,179,163,96,0.9096415951539626,0.9170483460559796,0.9133299543841865,0.7592319054652881,0.6509090909090909,0.0,1.0,1,false_positive_50pct
786,certificate,3,42.0,1.0,0.96,1.25,0.0,0.5,1736,268,53,183,0.8662674650698603,0.9703745108999441,0.9153704191932508,0.9170653907496013,0.5942350332594235,0.0008605851979345956,1.0,5,false_positive_50pct
787,certificate,3,42.0,1.0,0.96,1.25,0.0,0.5,2005,90,94,51,0.9570405727923628,0.955216769890424,0.9561278016213638,0.8796895213454075,0.6382978723404256,0.0007541478129713424,1.0,1,false_positive_50pct
788,certificate,3,42.0,1.0,0.96,1.25,0.0,0.5,1849,184,37,170,0.9094933595671422,0.9803817603393425,0.9436080632814494,0.9493844049247606,0.519774011299435,0.0,1.0,4,false_positive_50pct
789,certificate,3,42.0,1.0,0.96,1.25,0.0,0.5,1846,109,49,236,0.9442455242966752,0.9741424802110817,0.9589610389610388,0.9282442748091603,0.3159420289855073,0.0016129032258064516,1.0,6,false_positive_50pct
790,certificate,3,42.0,1.0,0.96,1.25,0.0,0.5,1983,129,78,50,0.9389204545454546,0.9621542940320232,0.9503953989935299,0.8880813953488372,0.7206703910614525,0.0007283321194464676,1.0,2,false_positive_50pct
791,certificate,3,42.0,1.0,0.96,1.25,0.0,0.5,1963,135,43,99,0.9356530028598665,0.9785643070787637,0.9566276803118909,0.9377713458755427,0.5769230769230769,0.0,1.0,2,false_positive_50pct
792,certificate,3,42.0,1.0,0.96,1.25,0.0,0.5,1953,116,32,139,0.943934267762204,0.9838790931989925,0.9634928465712876,0.9525222551928784,0.4549019607843137,0.0,1.0,3,false_positive_50pct
793,certificate,3,42.0,1.0,0.96,1.25,0.0,0.5,1982,30,28,200,0.9850894632206759,0.9860696517412936,0.9855793137742418,0.9598853868194842,0.13043478260869565,0.0,1.0,4,false_positive_50pct
794,certificate,3,42.0,1.0,0.96,1.25,0.0,0.5,1905,95,93,147,0.9525,0.9534534534534534,0.9529764882441221,0.8727770177838577,0.3925619834710744,0.0,1.0,4,false_positive_50pct
795,certificate,3,42.0,1.0,0.96,1.25,0.0,0.5,2011,113,33,83,0.946798493408663,0.9838551859099804,0.9649712092130518,0.9568627450980393,0.576530612244898,0.0,1.0,2,false_positive_50pct
796,certificate,3,42.0,1.0,0.96,1.25,0.0,0.5,1836,129,83,192,0.934351145038168,0.9567483064095883,0.945417095777549,0.8770370370370371,0.40186915887850466,0.0,1.0,3,false_positive_50pct
797,certificate,3,42.0,1.0,0.96,1.25,0.0,0.5,1897,175,29,139,0.9155405405405406,0.9849428868120457,0.9489744872436218,0.9550387596899225,0.5573248407643312,0.0,1.0,5,false_positive_50pct
798,certificate,3,42.0,1.0,0.96,1.25,0.0,0.5,2098,99,34,9,0.9549385525716887,0.9840525328330206,0.9692769692769693,0.9555555555555556,0.9166666666666666,0.0,1.0,1,false_positive_50pct
799,certificate,3,42.0,1.0,0.96,1.25,0.0,0.5,1942,76,42,180,0.9623389494549058,0.9788306451612904,0.9705147426286856,0.9413407821229051,0.296875,0.0,1.0,3,false_positive_50pct
800,certificate,3,42.0,1.0,0.96,1.25,0.0,0.5,1810,237,49,144,0.8842208109428432,0.9736417428725122,0.9267793138760881,0.9269406392694064,0.6220472440944882,0.0008319467554076539,1.0,4,false_positive_50pct
801,certificate,3,42.0,1.0,0.96,1.25,0.0,0.5,1840,167,34,199,0.916791230692576,0.9818569903948773,0.9482092244266941,0.9496296296296296,0.4562841530054645,0.0,1.0,4,false_positive_50pct
802,certificate,3,42.0,1.0,0.96,1.25,0.0,0.5,2046,91,32,71,0.9574169396350023,0.9846005774783445,0.9708185053380782,0.9535928143712575,0.5617283950617284,0.0007092198581560284,1.0,1,false_positive_50pct
803,certificate,3,42.0,1.0,0.96,1.25,0.0,0.5,1926,140,61,113,0.9322362052274927,0.9693004529441369,0.9504071058475203,0.9115942028985508,0.5533596837944664,0.0,1.0,3,false_positive_50pct
804,certificate,3,42.0,1.0,0.96,1.25,0.0,0.5,1744,304,71,121,0.8515625,0.9608815426997245,0.9029251876779705,0.9014285714285715,0.7152941176470589,0.0017937219730941704,1.0,4,false_positive_50pct
805,certificate,3,42.0,1.0,0.96,1.25,0.0,0.5,2015,47,110,68,0.9772065955383124,0.9482352941176471,0.9625029854310964,0.8505434782608695,0.40869565217391307,0.0,1.0,1,false_positive_50pct
806,certificate,3,42.0,1.0,0.96,1.25,0.0,0.5,1727,187,45,281,0.9022988505747126,0.9746049661399548,0.9370591427021161,0.9251247920133111,0.3995726495726496,0.0,1.0,5,false_positive_50pct
807,certificate,3,42.0,1.0,0.96,1.25,0.0,0.5,1740,275,24,201,0.8635235732009926,0.9863945578231292,0.9208785392961101,0.9614740368509213,0.5777310924369747,0.000856898029134533,1.0,7,false_positive_50pct
808,certificate,3,42.0,1.0,0.96,1.25,0.0,0.5,1956,113,48,123,0.9453842435959401,0.9760479041916168,0.9604713970046649,0.9321789321789322,0.4788135593220339,0.0007627765064836003,1.0,2,false_positive_50pct
809,certificate,3,42.0,1.0,0.96,1.25,0.0,0.5,1987,208,43,2,0.9052391799544419,0.9788177339901478,0.9405917159763313,0.9397759103641457,0.9904761904761905,0.0,1.0,1,false_positive_50pct
810,certificate,3,42.0,1.0,0.96,1.25,0.0,0.5,2067,59,97,17,0.9722483537158984,0.9551756007393716,0.9636363636363636,0.8846625766871166,0.7763157894736842,0.002223869532987398,1.0,1,false_positive_50pct
811,certificate,3,42.0,1.0,0.96,1.25,0.0,0.5,1920,60,90,170,0.9696969696969697,0.9552238805970149,0.9624060150375939,0.8782849239280774,0.2608695652173913,0.001554001554001554,1.0,3,false_positive_50pct
812,certificate,3,42.0,1.0,0.96,1.25,0.0,0.5,2098,45,65,32,0.9790013999066729,0.9699491447064262,0.974454249883883,0.9186785260482846,0.5844155844155844,0.0007267441860465116,1.0,1,false_positive_50pct
813,certificate,3,42.0,1.0,0.96,1.25,0.0,0.5,1826,197,110,107,0.9026198714780029,0.9431818181818182,0.9224551654458196,0.8396501457725948,0.6480263157894737,0.0,1.0,3,false_positive_50pct
814,certificate,3,42.0,1.0,0.96,1.25,0.0,0.5,1832,308,35,65,0.8560747663551402,0.9812533476164971,0.9143998003493885,0.9487951807228916,0.8257372654155496,0.0008312551953449709,1.0,2,false_positive_50pct
815,certificate,3,42.0,1.0,0.96,1.25,0.0,0.5,1940,141,107,52,0.9322441134070159,0.9477283829995115,0.9399224806201549,0.8569500674763832,0.7305699481865285,0.0007656967840735069,1.0,2,false_positive_50pct
816,certificate,3,42.0,1.0,0.96,1.25,0.0,0.5,1805,304,55,76,0.8558558558558559,0.9704301075268817,0.9095490047871001,0.9204712812960235,0.8,0.000846740050804403,1.0,2,false_positive_50pct
817,certificate,3,42.0,1.0,0.96,1.25,0.0,0.5,2061,9,136,34,0.9956521739130435,0.9380974055530269,0.9660182798218889,0.8335373317013464,0.20930232558139536,0.0,1.0,1,false_positive_50pct
818,certificate,3,42.0,1.0,0.96,1.25,0.0,0.5,1836,276,89,39,0.8693181818181818,0.9537662337662338,0.9095863264800595,0.8675595238095238,0.8761904761904762,0.0,1.0,1,false_positive_50pct
819,certificate,3,42.0,1.0,0.96,1.25,0.0,0.5,1935,114,72,119,0.9443631039531479,0.9641255605381166,0.9541420118343196,0.9015256588072122,0.4892703862660944,0.0007776049766718507,1.0,2,false_positive_50pct
820,certificate,3,42.0,1.0,0.96,1.25,0.0,0.5,1794,78,110,258,0.9583333333333334,0.9422268907563025,0.9502118644067797,0.8447293447293447,0.23214285714285715,0.0008319467554076539,1.0,4,false_positive_50pct
821,certificate,3,42.0,1.0,0.96,1.25,0.0,0.5,2018,110,37,75,0.9483082706766918,0.9819951338199513,0.9648577575902462,0.9455882352941176,0.5945945945945946,0.0,1.0,4,false_positive_50pct
822,certificate,3,42.0,1.0,0.96,1.25,0.0,0.5,2183,0,57,0,1.0,0.9745535714285715,0.9871128193533801,0.925974025974026,0.0,0.0,1.0,0,false_positive_50pct
823,certificate,3,42.0,1.0,0.96,1.25,0.0,0.5,1869,121,148,102,0.9391959798994974,0.9266236985622212,0.9328674819066634,0.8095238095238095,0.5426008968609866,0.0,1.0,3,false_positive_50pct
824,certificate,3,42.0,1.0,0.96,1.25,0.0,0.5,2038,36,54,112,0.982642237222758,0.9741873804971319,0.9783965434469516,0.9320754716981132,0.24324324324324326,0.0,1.0,3,false_positive_50pct
825,certificate,3,42.0,1.0,0.96,1.25,0.0,0.5,1632,419,43,146,0.7957094100438811,0.9743283582089552,0.8760064412238325,0.9263698630136986,0.7415929203539823,0.0,1.0,4,false_positive_50pct
826,certificate,3,42.0,1.0,0.96,1.25,0.0,0.5,1965,57,149,69,0.9718100890207715,0.9295175023651845,0.9501934235976789,0.8145363408521303,0.4523809523809524,0.0007598784194528875,1.0,1,false_positive_50pct
827,certificate,3,42.0,1.0,0.96,1.25,0.0,0.5,1977,144,21,98,0.9321074964639321,0.9894894894894894,0.9599417334304442,0.9715099715099715,0.5950413223140496,0.0007716049382716049,1.0,2,false_positive_50pct
828,certificate,3,42.0,1.0,0.96,1.25,0.0,0.5,1902,104,63,171,0.9481555333998006,0.9679389312977099,0.9579451019894233,0.9135285913528591,0.3781818181818182,0.0008012820512820513,1.0,3,false_positive_50pct
829,certificate,3,42.0,1.0,0.96,1.25,0.0,0.5,1953,101,40,146,0.950827653359299,0.9799297541394882,0.9651593773165308,0.9456521739130435,0.4089068825910931,0.0,1.0,4,false_positive_50pct
830,certificate,3,42.0,1.0,0.96,1.25,0.0,0.5,1688,236,90,226,0.8773388773388774,0.9493813273340832,0.9119394921663965,0.85,0.5108225108225108,0.0,1.0,4,false_positive_50pct
831,certificate,3,42.0,1.0,0.96,1.25,0.0,0.5,1990,184,16,50,0.9153633854645814,0.9920239282153539,0.9521531100478469,0.9786324786324786,0.7863247863247863,0.0007668711656441718,1.0,2,false_positive_50pct
832,certificate,3,42.0,1.0,0.96,1.25,0.0,0.5,2047,122,65,6,0.9437528815122176,0.9692234848484849,0.9563186171455268,0.9192938209331651,0.953125,0.000758150113722517,1.0,1,false_positive_50pct
833,certificate,3,42.0,1.0,0.96,1.25,0.0,0.5,1750,242,82,166,0.8785140562248996,0.9552401746724891,0.9152719665271968,0.8808139534883721,0.5931372549019608,0.0,1.0,3,false_positive_50pct
834,certificate,3,42.0,1.0,0.96,1.25,0.0,0.5,1948,226,63,3,0.8960441582336707,0.9686723023371457,0.9309438470728794,0.9135285913528591,0.9868995633187773,0.0007727975270479134,1.0,2,false_positive_50pct
835,certificate,3,42.0,1.0,0.96,1.25,0.0,0.5,1857,100,29,254,0.9489013796627491,0.9846235418875928,0.9664324746291959,0.955108359133127,0.2824858757062147,0.0,1.0,4,false_positive_50pct
836,certificate,3,42.0,1.0,0.96,1.25,0.0,0.5,1756,155,62,267,0.9188906331763474,0.9658965896589659,0.9418074550817913,0.9011164274322169,0.36729857819905215,0.0,1.0,6,false_positive_50pct
837,certificate,3,42.0,1.0,0.96,1.25,0.0,0.5,1978,132,67,63,0.9374407582938389,0.9672371638141809,0.9521058965102287,0.9183922046285018,0.676923076923077,0.0,1.0,2,false_positive_50pct
838,certificate,3,42.0,1.0,0.96,1.25,0.0,0.5,1855,190,43,152,0.9070904645476773,0.9773445732349842,0.9409079381181842,0.9384164222873901,0.5555555555555556,0.0008223684210526315,1.0,3,false_positive_50pct
839,certificate,3,42.0,1.0,0.96,1.25,0.0,0.5,1759,347,14,120,0.8352326685660019,0.9921037789058094,0.9069347770043826,0.9794303797468354,0.7430406852248393,0.0008764241893076249,1.0,5,false_positive_50pct
840,certificate,3,42.0,1.0,0.96,1.25,0.0,0.5,1999,181,60,0,0.9169724770642201,0.9708596406022341,0.9431469686246755,0.9191073919107392,1.0,0.0014903129657228018,1.0,0,false_positive_50pct
