episode,policy,ttl,width_deg,speed,detection_prob,certificate_noise,certificate_false_negative,certificate_false_positive,tp,fp,fn,tn,precision,recall,f1,occluded_keep_rate,stale_clear_absence_rate,clear_exists_missing_rate,occlusion_survival_rate,deletion_events
1,certificate,3,42.0,1.0,0.96,0.0,0.0,0.0,1832,44,88,276,0.976545842217484,0.9541666666666667,0.9652265542676502,0.8787878787878788,0.1375,0.0,1.0,5
2,certificate,3,42.0,1.0,0.96,0.0,0.0,0.0,1692,22,192,334,0.9871645274212368,0.8980891719745223,0.9405225125069483,0.7209302325581395,0.06179775280898876,0.0,1.0,6
3,certificate,3,42.0,1.0,0.96,0.0,0.0,0.0,1927,19,42,252,0.9902363823227133,0.97866937531742,0.984418901660281,0.9460188933873145,0.07011070110701106,0.0016286644951140066,1.0,5
4,certificate,3,42.0,1.0,0.96,0.0,0.0,0.0,1813,97,66,264,0.9492146596858638,0.9648749334752528,0.9569807337028239,0.8963317384370016,0.26869806094182824,0.0007987220447284345,1.0,7
5,certificate,3,42.0,1.0,0.96,0.0,0.0,0.0,1917,26,147,150,0.9866186309830159,0.9287790697674418,0.9568255552782631,0.8010825439783491,0.14772727272727273,0.0,1.0,4
6,certificate,3,42.0,1.0,0.96,0.0,0.0,0.0,2013,36,18,173,0.9824304538799414,0.9911373707533235,0.986764705882353,0.975609756097561,0.1722488038277512,0.0,1.0,3
7,certificate,3,42.0,1.0,0.96,0.0,0.0,0.0,2102,3,106,29,0.9985748218527316,0.9519927536231884,0.974727567818224,0.8675,0.09375,0.0,1.0,1
8,certificate,3,42.0,1.0,0.96,0.0,0.0,0.0,1877,42,37,284,0.9781136008337676,0.9806687565308255,0.9793895121314897,0.9467455621301775,0.12883435582822086,0.0008077544426494346,1.0,4
9,certificate,3,42.0,1.0,0.96,0.0,0.0,0.0,1933,30,74,203,0.9847172694854814,0.963129048330842,0.9738035264483628,0.8914956011730205,0.12875536480686695,0.0,1.0,5
10,certificate,3,42.0,1.0,0.96,0.0,0.0,0.0,1927,21,22,270,0.9892197125256673,0.9887121600820934,0.9889658711829613,0.9692737430167597,0.07216494845360824,0.0,1.0,4
11,certificate,3,42.0,1.0,0.96,0.0,0.0,0.0,1836,25,83,296,0.9865663621708759,0.9567483064095883,0.9714285714285713,0.8951406649616368,0.0778816199376947,0.0008795074758135445,1.0,6
12,certificate,3,42.0,1.0,0.96,0.0,0.0,0.0,1969,25,77,169,0.9874623871614845,0.9623655913978495,0.9747524752475247,0.8974700399467377,0.12886597938144329,0.0,1.0,3
13,certificate,3,42.0,1.0,0.96,0.0,0.0,0.0,2018,49,88,85,0.9762941461054668,0.9582146248812915,0.9671699017493409,0.8746397694524496,0.3656716417910448,0.000708215297450425,1.0,2
14,certificate,3,42.0,1.0,0.96,0.0,0.0,0.0,1818,58,86,278,0.9690831556503199,0.9548319327731093,0.961904761904762,0.8693009118541033,0.17261904761904762,0.0,1.0,5
15,certificate,3,42.0,1.0,0.96,0.0,0.0,0.0,1704,56,18,462,0.9681818181818181,0.9895470383275261,0.9787478460654796,0.973015873015873,0.10810810810810811,0.0009157509157509158,1.0,8
16,certificate,3,42.0,1.0,0.96,0.0,0.0,0.0,1829,74,86,251,0.9611140304781923,0.9550913838120104,0.9580932425353588,0.8787878787878788,0.2276923076923077,0.0016366612111292963,1.0,5
17,certificate,3,42.0,1.0,0.96,0.0,0.0,0.0,1699,71,66,404,0.9598870056497175,0.9626062322946176,0.9612446958981613,0.8926829268292683,0.14947368421052631,0.0,1.0,7
18,certificate,3,42.0,1.0,0.96,0.0,0.0,0.0,2056,37,48,99,0.9823220258002867,0.9771863117870723,0.9797474386466524,0.9349030470914127,0.27205882352941174,0.000723589001447178,1.0,2
19,certificate,3,42.0,1.0,0.96,0.0,0.0,0.0,1866,70,45,259,0.9638429752066116,0.9764521193092621,0.9701065765531582,0.9326347305389222,0.2127659574468085,0.0,1.0,6
20,certificate,3,42.0,1.0,0.96,0.0,0.0,0.0,2200,0,40,0,1.0,0.9821428571428571,0.9909909909909909,0.9489528795811518,0.0,0.0006775067750677507,1.0,0
21,certificate,3,42.0,1.0,0.96,0.0,0.0,0.0,1827,33,48,332,0.9822580645161291,0.9744,0.9783132530120482,0.9299552906110283,0.09041095890410959,0.0008305647840531562,1.0,4
22,certificate,3,42.0,1.0,0.96,0.0,0.0,0.0,1958,23,67,192,0.9883897021706209,0.9669135802469135,0.9775336994508238,0.9090909090909091,0.10697674418604651,0.0,1.0,3
23,certificate,3,42.0,1.0,0.96,0.0,0.0,0.0,1920,23,22,275,0.9881626351003603,0.9886714727085479,0.9884169884169884,0.9690576652601969,0.07718120805369127,0.0,1.0,5
24,certificate,3,42.0,1.0,0.96,0.0,0.0,0.0,1974,28,35,203,0.986013986013986,0.9825783972125436,0.9842931937172774,0.9554655870445344,0.12121212121212122,0.0015772870662460567,1.0,4
25,certificate,3,42.0,1.0,0.96,0.0,0.0,0.0,1746,26,68,400,0.9853273137697517,0.9625137816979051,0.973786949247072,0.9001468428781204,0.06103286384976526,0.0,1.0,7
26,certificate,3,42.0,1.0,0.96,0.0,0.0,0.0,2164,0,76,0,1.0,0.9660714285714286,0.9827429609445959,0.908433734939759,0.0,0.0,1.0,0
27,certificate,3,42.0,1.0,0.96,0.0,0.0,0.0,1930,9,55,246,0.9953584321815369,0.9722921914357683,0.9836901121304791,0.9190404797601199,0.03529411764705882,0.0007587253414264037,1.0,3
28,certificate,3,42.0,1.0,0.96,0.0,0.0,0.0,1764,38,82,356,0.978912319644839,0.9555796316359697,0.9671052631578948,0.8806404657933042,0.09644670050761421,0.0,1.0,6
29,certificate,3,42.0,1.0,0.96,0.0,0.0,0.0,1898,40,153,149,0.9793601651186791,0.9254022428083861,0.9516169466031585,0.8013071895424837,0.21164021164021163,0.0007776049766718507,1.0,3
30,certificate,3,42.0,1.0,0.96,0.0,0.0,0.0,1955,41,59,185,0.9794589178356713,0.9707050645481629,0.9750623441396509,0.914616497829233,0.18141592920353983,0.0,1.0,3
31,certificate,3,42.0,1.0,0.96,0.0,0.0,0.0,2048,11,35,146,0.9946576007770762,0.9831973115698511,0.9888942539835828,0.9566831683168316,0.07006369426751592,0.0,1.0,3
32,certificate,3,42.0,1.0,0.96,0.0,0.0,0.0,1828,87,23,302,0.9545691906005221,0.9875742841707186,0.9707912904938927,0.9636650868878357,0.2236503856041131,0.0,1.0,4
33,certificate,3,42.0,1.0,0.96,0.0,0.0,0.0,2129,6,43,62,0.9971896955503513,0.9802025782688766,0.988623171581147,0.9430122116689281,0.08823529411764706,0.0006968641114982578,1.0,2
34,certificate,3,42.0,1.0,0.96,0.0,0.0,0.0,1793,79,53,315,0.9577991452991453,0.9712892741061755,0.9644970414201184,0.9183359013867488,0.20050761421319796,0.0,1.0,5
35,certificate,3,42.0,1.0,0.96,0.0,0.0,0.0,1890,29,61,260,0.9848879624804586,0.9687339825730394,0.9767441860465116,0.912981455064194,0.10034602076124567,0.0,1.0,3
36,certificate,3,42.0,1.0,0.96,0.0,0.0,0.0,1928,40,110,162,0.9796747967479674,0.9460255152109912,0.9625561657513729,0.855072463768116,0.19801980198019803,0.0,1.0,4
37,certificate,3,42.0,1.0,0.96,0.0,0.0,0.0,1789,30,140,281,0.9835074216602528,0.9274235355106273,0.9546424759871932,0.8123324396782842,0.09646302250803858,0.0,1.0,5
38,certificate,3,42.0,1.0,0.96,0.0,0.0,0.0,1912,38,66,224,0.9805128205128205,0.9666329625884732,0.9735234215885947,0.899390243902439,0.1450381679389313,0.0,1.0,4
39,certificate,3,42.0,1.0,0.96,0.0,0.0,0.0,1833,47,37,323,0.975,0.9802139037433155,0.9776,0.9476744186046512,0.12702702702702703,0.0008460236886632825,1.0,6
40,certificate,3,42.0,1.0,0.96,0.0,0.0,0.0,1941,35,74,190,0.9822874493927125,0.9632754342431762,0.9726885492357805,0.8895522388059701,0.15555555555555556,0.0,1.0,3
41,certificate,3,42.0,1.0,0.96,0.0,0.0,0.0,2115,3,30,92,0.9985835694050992,0.986013986013986,0.992258972554539,0.9607577807848444,0.031578947368421054,0.0007112375533428165,1.0,1
42,certificate,3,42.0,1.0,0.96,0.0,0.0,0.0,2025,29,18,168,0.9858812074001947,0.9911894273127754,0.9885281913595314,0.9736842105263158,0.14720812182741116,0.0,1.0,3
43,certificate,3,42.0,1.0,0.96,0.0,0.0,0.0,1990,12,40,198,0.994005994005994,0.9802955665024631,0.9871031746031746,0.9456824512534819,0.05714285714285714,0.0007621951219512195,1.0,4
44,certificate,3,42.0,1.0,0.96,0.0,0.0,0.0,2014,42,54,130,0.9795719844357976,0.9738878143133463,0.976721629485936,0.9285714285714286,0.2441860465116279,0.0,1.0,3
45,certificate,3,42.0,1.0,0.96,0.0,0.0,0.0,1957,22,149,112,0.9888832743810005,0.9292497625830959,0.958139534883721,0.8013422818791947,0.16417910447761194,0.0007347538574577516,1.0,2
46,certificate,3,42.0,1.0,0.96,0.0,0.0,0.0,1665,75,103,397,0.9568965517241379,0.9417420814479638,0.9492588369441277,0.8303130148270181,0.15889830508474576,0.0,1.0,9
47,certificate,3,42.0,1.0,0.96,0.0,0.0,0.0,1953,45,55,187,0.9774774774774775,0.9726095617529881,0.9750374438342487,0.923943661971831,0.1939655172413793,0.0007704160246533128,1.0,4
48,certificate,3,42.0,1.0,0.96,0.0,0.0,0.0,2079,39,31,91,0.9815864022662889,0.9853080568720379,0.9834437086092715,0.958217270194986,0.3,0.0007183908045977011,1.0,3
49,certificate,3,42.0,1.0,0.96,0.0,0.0,0.0,2017,28,17,178,0.9863080684596577,0.9916420845624385,0.988967884285364,0.9754689754689755,0.13592233009708737,0.0,1.0,2
50,certificate,3,42.0,1.0,0.96,0.0,0.0,0.0,1857,41,30,312,0.9783983140147524,0.9841017488076311,0.9812417437252311,0.9579100145137881,0.11614730878186968,0.0008347245409015025,1.0,5
51,certificate,3,42.0,1.0,0.96,0.0,0.0,0.0,1743,119,16,362,0.9360902255639098,0.9909039226833428,0.9627174813587407,0.9746031746031746,0.24740124740124741,0.0,1.0,6
52,certificate,3,42.0,1.0,0.96,0.0,0.0,0.0,2072,6,45,117,0.9971126082771896,0.9787435049598489,0.9878426698450536,0.9465558194774347,0.04878048780487805,0.0,1.0,2
53,certificate,3,42.0,1.0,0.96,0.0,0.0,0.0,1815,28,58,339,0.9848073792729246,0.9690336358782702,0.9768568353067816,0.9153284671532846,0.07629427792915532,0.0,1.0,4
54,certificate,3,42.0,1.0,0.96,0.0,0.0,0.0,2019,9,100,112,0.9955621301775148,0.9528079282680509,0.9737159392331806,0.8563134978229318,0.0743801652892562,0.0006993006993006993,1.0,2
55,certificate,3,42.0,1.0,0.96,0.0,0.0,0.0,1860,34,54,292,0.9820485744456178,0.9717868338557993,0.9768907563025211,0.9230769230769231,0.10429447852760736,0.0008163265306122449,1.0,4
56,certificate,3,42.0,1.0,0.96,0.0,0.0,0.0,2045,19,66,110,0.9907945736434108,0.9687351965892942,0.9796407185628743,0.9148099606815203,0.14728682170542637,0.000741839762611276,1.0,3
57,certificate,3,42.0,1.0,0.96,0.0,0.0,0.0,2107,3,40,90,0.9985781990521327,0.9813693525850024,0.98989898989899,0.9496688741721855,0.03225806451612903,0.0014367816091954023,1.0,1
58,certificate,3,42.0,1.0,0.96,0.0,0.0,0.0,1807,72,95,266,0.9616817456093667,0.9500525762355415,0.9558317905316054,0.8702928870292888,0.21301775147928995,0.0016877637130801688,1.0,8
59,certificate,3,42.0,1.0,0.96,0.0,0.0,0.0,2000,32,54,154,0.984251968503937,0.9737098344693281,0.978952520802741,0.9278074866310161,0.17204301075268819,0.0,1.0,2
60,certificate,3,42.0,1.0,0.96,0.0,0.0,0.0,2077,23,65,75,0.9890476190476191,0.9696545284780579,0.9792550683639794,0.9143610013175231,0.23469387755102042,0.0,1.0,2
61,certificate,3,42.0,1.0,0.96,0.0,0.0,0.0,1830,50,72,288,0.973404255319149,0.9621451104100947,0.9677419354838709,0.893491124260355,0.14792899408284024,0.0,1.0,5
62,certificate,3,42.0,1.0,0.96,0.0,0.0,0.0,2020,10,43,167,0.9950738916256158,0.9791565681047019,0.9870510627901294,0.9451697127937336,0.05649717514124294,0.0007710100231303007,1.0,3
63,certificate,3,42.0,1.0,0.96,0.0,0.0,0.0,1809,29,107,295,0.984221980413493,0.9441544885177453,0.9637719765583377,0.853185595567867,0.08950617283950617,0.0008375209380234506,1.0,4
64,certificate,3,42.0,1.0,0.96,0.0,0.0,0.0,1768,41,111,320,0.9773355444997236,0.940926024481107,0.9587852494577006,0.8297213622291022,0.11357340720221606,0.0008110300081103001,1.0,6
65,certificate,3,42.0,1.0,0.96,0.0,0.0,0.0,1621,91,90,438,0.9468457943925234,0.9473991817650497,0.9471224072451067,0.8580441640378549,0.1720226843100189,0.0,1.0,8
66,certificate,3,42.0,1.0,0.96,0.0,0.0,0.0,1658,35,63,484,0.9793266391021854,0.9633933759442185,0.971294669009959,0.8956953642384106,0.0674373795761079,0.0,1.0,7
67,certificate,3,42.0,1.0,0.96,0.0,0.0,0.0,1786,55,38,361,0.9701249321021184,0.9791666666666666,0.9746248294679399,0.940625,0.13221153846153846,0.0,1.0,6
68,certificate,3,42.0,1.0,0.96,0.0,0.0,0.0,1843,53,96,248,0.9720464135021097,0.9504899432697267,0.9611473272490222,0.8604651162790697,0.1760797342192691,0.0,1.0,4
69,certificate,3,42.0,1.0,0.96,0.0,0.0,0.0,2091,16,20,113,0.992406264831514,0.9905258171482709,0.9914651493598862,0.9769975786924939,0.12403100775193798,0.0007782101167315176,1.0,2
70,certificate,3,42.0,1.0,0.96,0.0,0.0,0.0,1856,30,43,311,0.9840933191940615,0.9773565034228542,0.9807133421400265,0.9387755102040817,0.08797653958944282,0.0008244023083264633,1.0,5
71,certificate,3,42.0,1.0,0.96,0.0,0.0,0.0,1832,33,51,324,0.9823056300268097,0.9729155602761551,0.9775880469583778,0.9247787610619469,0.09243697478991597,0.0,1.0,4
72,certificate,3,42.0,1.0,0.96,0.0,0.0,0.0,2052,27,51,110,0.987012987012987,0.9757489300998573,0.9813486370157819,0.931129476584022,0.19708029197080293,0.0007262164124909223,1.0,2
73,certificate,3,42.0,1.0,0.96,0.0,0.0,0.0,1992,39,31,178,0.9807976366322009,0.9846762234305487,0.9827331031080414,0.9596231493943472,0.17972350230414746,0.00078125,1.0,3
74,certificate,3,42.0,1.0,0.96,0.0,0.0,0.0,1617,58,95,470,0.9653731343283583,0.9445093457943925,0.9548272807794508,0.8477564102564102,0.10984848484848485,0.0,1.0,8
75,certificate,3,42.0,1.0,0.96,0.0,0.0,0.0,1752,91,25,372,0.9506239826370049,0.9859313449634215,0.9679558011049724,0.9594155844155844,0.19654427645788336,0.0,1.0,8
76,certificate,3,42.0,1.0,0.96,0.0,0.0,0.0,1857,23,56,304,0.9877659574468085,0.970726607422896,0.9791721592407066,0.9176470588235294,0.07033639143730887,0.0,1.0,4
77,certificate,3,42.0,1.0,0.96,0.0,0.0,0.0,1874,59,51,256,0.9694774961200207,0.9735064935064935,0.9714878175220322,0.9217527386541471,0.1873015873015873,0.0007776049766718507,1.0,3
78,certificate,3,42.0,1.0,0.96,0.0,0.0,0.0,2043,23,98,76,0.9888673765730881,0.9542269967304998,0.9712384121701926,0.8762755102040817,0.23232323232323232,0.0007369196757553427,1.0,1
79,certificate,3,42.0,1.0,0.96,0.0,0.0,0.0,1517,184,175,364,0.8918283362727807,0.8965721040189125,0.8941939286766873,0.7090301003344481,0.3357664233576642,0.0009140767824497258,1.0,9
80,certificate,3,42.0,1.0,0.96,0.0,0.0,0.0,1546,92,39,563,0.9438339438339438,0.9753943217665615,0.9593546385355259,0.9378151260504202,0.14045801526717558,0.00202020202020202,1.0,8
81,certificate,3,42.0,1.0,0.96,0.0,0.0,0.0,1994,32,51,163,0.9842053307008884,0.9750611246943766,0.9796118889707689,0.9308943089430894,0.1641025641025641,0.0,1.0,4
82,certificate,3,42.0,1.0,0.96,0.0,0.0,0.0,1980,6,115,139,0.9969788519637462,0.9451073985680191,0.9703504043126684,0.8567870485678705,0.041379310344827586,0.0,1.0,2
83,certificate,3,42.0,1.0,0.96,0.0,0.0,0.0,1877,71,102,190,0.9635523613963038,0.9484588175846387,0.9559460147695441,0.8497023809523809,0.2720306513409962,0.0007651109410864575,1.0,5
84,certificate,3,42.0,1.0,0.96,0.0,0.0,0.0,1854,52,69,265,0.9727177334732424,0.9641185647425897,0.9683990598067381,0.8950617283950617,0.1640378548895899,0.000784313725490196,1.0,7
85,certificate,3,42.0,1.0,0.96,0.0,0.0,0.0,1729,49,55,407,0.9724409448818898,0.969170403587444,0.9708029197080292,0.9105691056910569,0.1074561403508772,0.0,1.0,6
86,certificate,3,42.0,1.0,0.96,0.0,0.0,0.0,1875,37,61,267,0.9806485355648535,0.96849173553719,0.9745322245322245,0.9042386185243328,0.12171052631578948,0.0,1.0,5
87,certificate,3,42.0,1.0,0.96,0.0,0.0,0.0,1960,29,80,171,0.9854198089492208,0.9607843137254902,0.9729461404815091,0.8936170212765957,0.145,0.0,1.0,3
88,certificate,3,42.0,1.0,0.96,0.0,0.0,0.0,1963,51,45,181,0.9746772591857001,0.977589641434263,0.9761312779711587,0.9312977099236641,0.21982758620689655,0.0,1.0,5
89,certificate,3,42.0,1.0,0.96,0.0,0.0,0.0,1927,46,0,267,0.9766852508869741,1.0,0.9882051282051282,1.0,0.14696485623003194,0.0,1.0,4
90,certificate,3,42.0,1.0,0.96,0.0,0.0,0.0,1913,39,58,230,0.9800204918032787,0.9705733130390665,0.9752740249808819,0.9177489177489178,0.1449814126394052,0.000782472613458529,1.0,5
91,certificate,3,42.0,1.0,0.96,0.0,0.0,0.0,1787,57,26,370,0.9690889370932755,0.9856591285162714,0.9773038009297238,0.9566724436741768,0.13348946135831383,0.0008090614886731392,1.0,6
92,certificate,3,42.0,1.0,0.96,0.0,0.0,0.0,1943,26,53,218,0.9867953275774505,0.9734468937875751,0.9800756620428752,0.9314888010540184,0.10655737704918032,0.0008084074373484236,1.0,3
93,certificate,3,42.0,1.0,0.96,0.0,0.0,0.0,1979,6,159,96,0.996977329974811,0.9256314312441534,0.9599805966529226,0.8014981273408239,0.058823529411764705,0.0,1.0,2
94,certificate,3,42.0,1.0,0.96,0.0,0.0,0.0,2053,38,15,134,0.9818268770923003,0.9927466150870407,0.9872565520557827,0.9796747967479674,0.22093023255813954,0.0,1.0,2
95,certificate,3,42.0,1.0,0.96,0.0,0.0,0.0,2119,3,50,68,0.9985862393967955,0.9769479022591055,0.9876485667676532,0.9350132625994695,0.04225352112676056,0.0007067137809187279,1.0,1
96,certificate,3,42.0,1.0,0.96,0.0,0.0,0.0,1818,41,22,359,0.9779451317912856,0.9880434782608696,0.9829683698296836,0.9666666666666667,0.1025,0.0,1.0,7
97,certificate,3,42.0,1.0,0.96,0.0,0.0,0.0,2030,26,39,145,0.9873540856031129,0.9811503141614306,0.9842424242424243,0.9472222222222222,0.15204678362573099,0.0007412898443291327,1.0,3
98,certificate,3,42.0,1.0,0.96,0.0,0.0,0.0,1799,64,122,255,0.9656468062265163,0.9364914107235814,0.9508456659619451,0.8268398268398268,0.2006269592476489,0.0016286644951140066,1.0,4
99,certificate,3,42.0,1.0,0.96,0.0,0.0,0.0,1846,40,16,338,0.9787910922587487,0.99140708915145,0.9850586979722519,0.9776223776223776,0.10582010582010581,0.0,1.0,5
100,certificate,3,42.0,1.0,0.96,0.0,0.0,0.0,1944,41,61,194,0.979345088161209,0.9695760598503741,0.9744360902255639,0.9135446685878963,0.17446808510638298,0.0007627765064836003,1.0,3
101,certificate,3,42.0,1.0,0.96,0.0,0.0,0.0,1874,73,24,269,0.9625064201335388,0.9873551106427819,0.9747724317295189,0.9647577092511013,0.2134502923976608,0.0,1.0,4
102,certificate,3,42.0,1.0,0.96,0.0,0.0,0.0,1956,19,101,164,0.990379746835443,0.9508993680116675,0.9702380952380952,0.861878453038674,0.10382513661202186,0.0007501875468867217,1.0,4
103,certificate,3,42.0,1.0,0.96,0.0,0.0,0.0,1890,15,136,199,0.9921259842519685,0.932872655478776,0.9615873823454593,0.8082975679542204,0.07009345794392523,0.0015071590052750565,1.0,4
104,certificate,3,42.0,1.0,0.96,0.0,0.0,0.0,1789,27,97,327,0.9851321585903083,0.9485683987274656,0.9665045921123717,0.8590308370044053,0.07627118644067797,0.0008298755186721991,1.0,5
105,certificate,3,42.0,1.0,0.96,0.0,0.0,0.0,2028,30,50,132,0.9854227405247813,0.9759384023099134,0.9806576402321082,0.9343832020997376,0.18518518518518517,0.0,1.0,3
106,certificate,3,42.0,1.0,0.96,0.0,0.0,0.0,1970,29,41,200,0.9854927463731866,0.9796121332670313,0.9825436408977557,0.9438990182328191,0.12663755458515283,0.0007704160246533128,1.0,3
107,certificate,3,42.0,1.0,0.96,0.0,0.0,0.0,1995,11,72,162,0.9945164506480558,0.965166908563135,0.9796219003191751,0.9069462647444299,0.06358381502890173,0.0007668711656441718,1.0,3
108,certificate,3,42.0,1.0,0.96,0.0,0.0,0.0,1877,42,36,285,0.9781136008337676,0.9811813904861474,0.9796450939457204,0.9461538461538461,0.12844036697247707,0.000791765637371338,1.0,5
109,certificate,3,42.0,1.0,0.96,0.0,0.0,0.0,1872,49,41,278,0.9744924518479958,0.9785676947203346,0.9765258215962441,0.9437412095639943,0.14984709480122324,0.0008319467554076539,1.0,7
110,certificate,3,42.0,1.0,0.96,0.0,0.0,0.0,2013,21,119,87,0.9896755162241888,0.9441838649155723,0.9663946231397024,0.8404825737265416,0.19444444444444445,0.0,1.0,3
111,certificate,3,42.0,1.0,0.96,0.0,0.0,0.0,1761,71,32,376,0.9612445414847162,0.9821528165086447,0.9715862068965517,0.9532428355957768,0.15883668903803133,0.0008849557522123894,1.0,5
112,certificate,3,42.0,1.0,0.96,0.0,0.0,0.0,1823,68,48,301,0.9640401903754627,0.9743452699091395,0.9691653375863902,0.921311475409836,0.1842818428184282,0.0,1.0,5
113,certificate,3,42.0,1.0,0.96,0.0,0.0,0.0,1828,71,65,276,0.9626119010005266,0.965662968832541,0.9641350210970464,0.9024390243902439,0.20461095100864554,0.0008084074373484236,1.0,6
114,certificate,3,42.0,1.0,0.96,0.0,0.0,0.0,1995,67,47,131,0.9675072744907857,0.9769833496571988,0.9722222222222222,0.9353023909985936,0.3383838383838384,0.0007513148009015778,1.0,2
115,certificate,3,42.0,1.0,0.96,0.0,0.0,0.0,1846,37,88,269,0.9803505045140732,0.954498448810755,0.9672517684045062,0.8796169630642955,0.12091503267973856,0.0,1.0,6
116,certificate,3,42.0,1.0,0.96,0.0,0.0,0.0,1917,46,53,224,0.9765664798777381,0.9730964467005077,0.9748283752860413,0.9287671232876712,0.17037037037037037,0.0008064516129032258,1.0,3
117,certificate,3,42.0,1.0,0.96,0.0,0.0,0.0,1882,40,55,263,0.9791883454734651,0.9716055756324212,0.9753822233739311,0.9205202312138728,0.132013201320132,0.0,1.0,5
118,certificate,3,42.0,1.0,0.96,0.0,0.0,0.0,1814,21,92,313,0.9885558583106268,0.9517313746065058,0.9697941726811014,0.8645066273932254,0.06287425149700598,0.0,1.0,5
119,certificate,3,42.0,1.0,0.96,0.0,0.0,0.0,2084,39,48,69,0.981629769194536,0.9774859287054409,0.9795534665099882,0.930835734870317,0.3611111111111111,0.0,1.0,3
120,certificate,3,42.0,1.0,0.96,0.0,0.0,0.0,1972,45,51,172,0.977689638076351,0.9747899159663865,0.9762376237623762,0.9319727891156463,0.2073732718894009,0.0007763975155279503,1.0,4
121,certificate,3,42.0,1.0,0.96,1.25,0.0,0.0,1855,59,28,298,0.9691745036572623,0.9851301115241635,0.9770871740848038,0.9616438356164384,0.16526610644257703,0.0,1.0,7
122,certificate,3,42.0,1.0,0.96,1.25,0.0,0.0,1851,14,69,306,0.9924932975871313,0.9640625,0.9780713342140026,0.8989751098096632,0.04375,0.0,1.0,5
123,certificate,3,42.0,1.0,0.96,1.25,0.0,0.0,2034,52,17,137,0.975071907957814,0.9917113603120429,0.9833212472806381,0.9749216300940439,0.2751322751322751,0.0007077140835102619,1.0,2
124,certificate,3,42.0,1.0,0.96,1.25,0.0,0.0,1775,72,53,340,0.961017866811045,0.9710065645514223,0.9659863945578232,0.9219219219219219,0.17475728155339806,0.0008605851979345956,1.0,6
125,certificate,3,42.0,1.0,0.96,1.25,0.0,0.0,1821,60,66,293,0.9681020733652312,0.9650238473767886,0.9665605095541401,0.9062049062049062,0.16997167138810199,0.0008375209380234506,1.0,5
126,certificate,3,42.0,1.0,0.96,1.25,0.0,0.0,1829,34,102,275,0.9817498658078369,0.9471776281719316,0.9641539272535582,0.8518518518518519,0.11003236245954692,0.0015923566878980893,1.0,5
127,certificate,3,42.0,1.0,0.96,1.25,0.0,0.0,1997,28,32,183,0.9861728395061728,0.984228684080828,0.9851998026640356,0.9608323133414932,0.13270142180094788,0.0,1.0,4
128,certificate,3,42.0,1.0,0.96,1.25,0.0,0.0,1947,44,64,185,0.9779005524861878,0.9681750372948782,0.9730134932533733,0.9108910891089109,0.19213973799126638,0.0007668711656441718,1.0,5
129,certificate,3,42.0,1.0,0.96,1.25,0.0,0.0,1938,15,109,178,0.9923195084485407,0.9467513434294089,0.969,0.8578878748370273,0.07772020725388601,0.0,1.0,5
130,certificate,3,42.0,1.0,0.96,1.25,0.0,0.0,1873,36,46,285,0.9811419591409115,0.976029181865555,0.9785788923719959,0.9347517730496454,0.11214953271028037,0.0,1.0,5
131,certificate,3,42.0,1.0,0.96,1.25,0.0,0.0,1790,18,99,333,0.9900442477876106,0.9475913181577554,0.9683527184203409,0.8480620155038759,0.05128205128205128,0.0008038585209003215,1.0,4
132,certificate,3,42.0,1.0,0.96,1.25,0.0,0.0,1869,44,35,292,0.9769994772608468,0.9816176470588235,0.9793031176316478,0.9508426966292135,0.13095238095238096,0.0,1.0,4
133,certificate,3,42.0,1.0,0.96,1.25,0.0,0.0,1958,19,38,225,0.9903894790085989,0.9809619238476954,0.9856531588220487,0.951058201058201,0.0778688524590164,0.0008064516129032258,1.0,4
134,certificate,3,42.0,1.0,0.96,1.25,0.0,0.0,1999,34,57,150,0.9832759468765372,0.9722762645914397,0.9777451699682075,0.9307304785894207,0.18478260869565216,0.001584786053882726,1.0,3
135,certificate,3,42.0,1.0,0.96,1.25,0.0,0.0,1881,28,119,212,0.9853326348873755,0.9405,0.9623944742900997,0.8429530201342282,0.11666666666666667,0.0015936254980079682,1.0,4
136,certificate,3,42.0,1.0,0.96,1.25,0.0,0.0,2036,14,102,88,0.9931707317073171,0.9522918615528532,0.9723018147086915,0.8678996036988111,0.13725490196078433,0.001448225923244026,1.0,3
137,certificate,3,42.0,1.0,0.96,1.25,0.0,0.0,1911,21,108,200,0.9891304347826086,0.9465081723625557,0.967350037965072,0.8526603001364257,0.09502262443438914,0.0,1.0,3
138,certificate,3,42.0,1.0,0.96,1.25,0.0,0.0,1703,90,53,394,0.9498047964305633,0.9698177676537585,0.9597069597069596,0.9174603174603174,0.1859504132231405,0.0008880994671403197,1.0,8
139,certificate,3,42.0,1.0,0.96,1.25,0.0,0.0,2071,24,34,111,0.98854415274463,0.9838479809976247,0.9861904761904762,0.9559834938101788,0.17777777777777778,0.001451378809869376,1.0,3
140,certificate,3,42.0,1.0,0.96,1.25,0.0,0.0,1912,32,52,244,0.9835390946502057,0.9735234215885947,0.9785056294779939,0.9277456647398844,0.11594202898550725,0.0015723270440251573,1.0,4
141,certificate,3,42.0,1.0,0.96,1.25,0.0,0.0,1841,47,35,317,0.9751059322033898,0.9813432835820896,0.9782146652497343,0.9517730496453901,0.12912087912087913,0.0008539709649871904,1.0,6
142,certificate,3,42.0,1.0,0.96,1.25,0.0,0.0,1940,46,69,185,0.9768378650553877,0.9656545545047287,0.9712140175219024,0.9010043041606887,0.19913419913419914,0.0,1.0,3
143,certificate,3,42.0,1.0,0.96,1.25,0.0,0.0,1874,99,35,232,0.9498226051697922,0.9816657936092195,0.9654817104585265,0.9453125,0.2990936555891239,0.0,1.0,5
144,certificate,3,42.0,1.0,0.96,1.25,0.0,0.0,2018,21,14,187,0.9897008337420304,0.9931102362204725,0.9914026037828544,0.9821428571428571,0.10096153846153846,0.0,1.0,5
145,certificate,3,42.0,1.0,0.96,1.25,0.0,0.0,1838,35,19,348,0.981313400961025,0.9897684437264405,0.9855227882037532,0.975886524822695,0.09138381201044386,0.001736111111111111,1.0,6
146,certificate,3,42.0,1.0,0.96,1.25,0.0,0.0,2089,3,87,61,0.998565965583174,0.9600183823529411,0.9789128397375819,0.8921319796954315,0.046875,0.001440922190201729,1.0,1
147,certificate,3,42.0,1.0,0.96,1.25,0.0,0.0,1976,56,60,148,0.9724409448818898,0.9705304518664047,0.9714847590953786,0.9109792284866469,0.27450980392156865,0.0,1.0,3
148,certificate,3,42.0,1.0,0.96,1.25,0.0,0.0,1979,8,132,121,0.995973829894313,0.9374703931785884,0.9658369936554417,0.84,0.06201550387596899,0.0,1.0,2
149,certificate,3,42.0,1.0,0.96,1.25,0.0,0.0,1683,64,40,453,0.9633657698912421,0.9767846778874056,0.9700288184438041,0.9405487804878049,0.12379110251450677,0.0009372071227741331,1.0,8
150,certificate,3,42.0,1.0,0.96,1.25,0.0,0.0,1842,102,72,224,0.9475308641975309,0.9623824451410659,0.9548989113530326,0.900976290097629,0.3128834355828221,0.000835421888053467,1.0,6
151,certificate,3,42.0,1.0,0.96,1.25,0.0,0.0,1982,47,41,170,0.9768358797437161,0.9797330696984676,0.9782823297137216,0.9409158050221565,0.21658986175115208,0.0007429420505200594,1.0,3
152,certificate,3,42.0,1.0,0.96,1.25,0.0,0.0,1946,12,80,202,0.9938712972420838,0.9605133267522211,0.9769076305220884,0.8888888888888888,0.056074766355140186,0.0007604562737642585,1.0,4
153,certificate,3,42.0,1.0,0.96,1.25,0.0,0.0,1942,23,51,224,0.988295165394402,0.9744104365278474,0.9813036887316826,0.9263005780346821,0.0931174089068826,0.0,1.0,4
154,certificate,3,42.0,1.0,0.96,1.25,0.0,0.0,1776,51,57,356,0.9720853858784894,0.9689034369885434,0.9704918032786887,0.9127105666156202,0.12530712530712532,0.0,1.0,5
155,certificate,3,42.0,1.0,0.96,1.25,0.0,0.0,1781,91,62,306,0.9513888888888888,0.9663591969614759,0.9588156123822342,0.9053435114503817,0.22921914357682618,0.0,1.0,7
156,certificate,3,42.0,1.0,0.96,1.25,0.0,0.0,1776,46,31,387,0.9747530186608123,0.9828444936358606,0.9787820336180767,0.9544117647058824,0.10623556581986143,0.0,1.0,6
157,certificate,3,42.0,1.0,0.96,1.25,0.0,0.0,1877,9,128,226,0.9952279957582184,0.9361596009975063,0.9647905422770496,0.8081570996978852,0.03829787234042553,0.0007446016381236039,1.0,3
158,certificate,3,42.0,1.0,0.96,1.25,0.0,0.0,1719,90,81,350,0.9502487562189055,0.955,0.9526184538653366,0.8734375,0.20454545454545456,0.0,1.0,6
159,certificate,3,42.0,1.0,0.96,1.25,0.0,0.0,1938,52,53,197,0.9738693467336683,0.9733802109492717,0.9736247174076865,0.92,0.20883534136546184,0.0007457121551081282,1.0,3
160,certificate,3,42.0,1.0,0.96,1.25,0.0,0.0,1819,65,71,285,0.9654989384288747,0.9624338624338624,0.9639639639639639,0.889751552795031,0.18571428571428572,0.0,1.0,5
161,certificate,3,42.0,1.0,0.96,1.25,0.0,0.0,1954,14,51,221,0.9928861788617886,0.9745635910224439,0.983639567077775,0.9328671328671329,0.059574468085106386,0.002325581395348837,1.0,5
162,certificate,3,42.0,1.0,0.96,1.25,0.0,0.0,2022,21,26,171,0.9897209985315712,0.9873046875,0.9885113664140797,0.9635343618513323,0.109375,0.0,1.0,3
163,certificate,3,42.0,1.0,0.96,1.25,0.0,0.0,1947,47,44,202,0.9764292878635907,0.9779005524861878,0.977164366373902,0.9349112426035503,0.18875502008032127,0.0,1.0,3
164,certificate,3,42.0,1.0,0.96,1.25,0.0,0.0,1875,24,62,279,0.9873617693522907,0.9679917398038204,0.9775808133472367,0.9096296296296297,0.07920792079207921,0.000792393026941363,1.0,5
165,certificate,3,42.0,1.0,0.96,1.25,0.0,0.0,1822,60,32,326,0.9681190223166843,0.982740021574973,0.9753747323340471,0.9504643962848297,0.15544041450777202,0.0,1.0,6
166,certificate,3,42.0,1.0,0.96,1.25,0.0,0.0,2030,37,32,141,0.9820996613449444,0.9844810863239574,0.9832889319447808,0.9551192145862553,0.20786516853932585,0.0,1.0,3
167,certificate,3,42.0,1.0,0.96,1.25,0.0,0.0,1963,22,17,238,0.9889168765743073,0.9914141414141414,0.9901639344262295,0.980106100795756,0.08461538461538462,0.0016313213703099511,1.0,3
168,certificate,3,42.0,1.0,0.96,1.25,0.0,0.0,1994,25,36,185,0.9876176324913324,0.9822660098522168,0.9849345517411706,0.9517426273458445,0.11904761904761904,0.0,1.0,3
169,certificate,3,42.0,1.0,0.96,1.25,0.0,0.0,1877,38,21,304,0.9801566579634464,0.9889357218124342,0.984526619459743,0.9684542586750788,0.1111111111111111,0.0007911392405063291,1.0,5
170,certificate,3,42.0,1.0,0.96,1.25,0.0,0.0,1847,38,36,319,0.979840848806366,0.9808815719596389,0.9803609341825902,0.947209653092006,0.10644257703081232,0.000819672131147541,1.0,5
171,certificate,3,42.0,1.0,0.96,1.25,0.0,0.0,1719,56,148,317,0.9684507042253521,0.920728441349759,0.9439868204283361,0.7847730600292826,0.15013404825737264,0.0008445945945945946,1.0,6
172,certificate,3,42.0,1.0,0.96,1.25,0.0,0.0,1853,51,65,271,0.9732142857142857,0.9661105318039624,0.9696493982208266,0.901689708141321,0.15838509316770186,0.0007892659826361484,1.0,5
173,certificate,3,42.0,1.0,0.96,1.25,0.0,0.0,1704,65,60,411,0.963256076879593,0.9659863945578231,0.9646193037078971,0.9106060606060606,0.13655462184873948,0.0009057971014492754,1.0,7
174,certificate,3,42.0,1.0,0.96,1.25,0.0,0.0,2109,9,45,77,0.9957507082152974,0.979108635097493,0.9873595505617977,0.9388038942976356,0.10465116279069768,0.0006968641114982578,1.0,3
175,certificate,3,42.0,1.0,0.96,1.25,0.0,0.0,1920,15,105,200,0.9922480620155039,0.9481481481481482,0.9696969696969696,0.8501440922190202,0.06976744186046512,0.0007513148009015778,1.0,3
176,certificate,3,42.0,1.0,0.96,1.25,0.0,0.0,1849,35,30,326,0.9814225053078556,0.9840340606705694,0.9827265479670475,0.9557926829268293,0.09695290858725762,0.0008176614881439084,1.0,5
177,certificate,3,42.0,1.0,0.96,1.25,0.0,0.0,1958,45,36,201,0.9775336994508238,0.9819458375125376,0.9797348011008258,0.9522546419098143,0.18292682926829268,0.0,1.0,5
178,certificate,3,42.0,1.0,0.96,1.25,0.0,0.0,1712,31,61,436,0.9822145725760184,0.9655950366610265,0.9738339021615472,0.9037854889589906,0.06638115631691649,0.0,1.0,6
179,certificate,3,42.0,1.0,0.96,1.25,0.0,0.0,1873,73,28,266,0.9624871531346352,0.9852709100473435,0.9737457759292956,0.9587020648967551,0.2153392330383481,0.0,1.0,6
180,certificate,3,42.0,1.0,0.96,1.25,0.0,0.0,1845,30,53,312,0.984,0.9720758693361433,0.9780015902464881,0.9190839694656489,0.08771929824561403,0.0,1.0,5
181,certificate,3,42.0,1.0,0.96,1.25,0.0,0.0,1887,94,54,205,0.9525492175668854,0.9721792890262752,0.9622641509433962,0.9235127478753541,0.31438127090301005,0.0,1.0,5
182,certificate,3,42.0,1.0,0.96,1.25,0.0,0.0,2030,31,44,135,0.984958757884522,0.9787849566055931,0.9818621523579202,0.9392265193370166,0.18674698795180722,0.0,1.0,3
183,certificate,3,42.0,1.0,0.96,1.25,0.0,0.0,1999,21,20,200,0.9896039603960396,0.9900941059930659,0.98984897251795,0.9716713881019831,0.09502262443438914,0.0,1.0,4
184,certificate,3,42.0,1.0,0.96,1.25,0.0,0.0,1968,64,91,117,0.968503937007874,0.9558037882467217,0.9621119530677096,0.8772169167803547,0.35359116022099446,0.0007541478129713424,1.0,3
185,certificate,3,42.0,1.0,0.96,1.25,0.0,0.0,2002,9,0,229,0.9955246146195923,1.0,0.9977572888113632,1.0,0.037815126050420166,0.0,1.0,3
186,certificate,3,42.0,1.0,0.96,1.25,0.0,0.0,1853,41,91,255,0.9783526927138332,0.9531893004115226,0.9656070870244918,0.8739495798319328,0.13851351351351351,0.0008130081300813008,1.0,4
187,certificate,3,42.0,1.0,0.96,1.25,0.0,0.0,2013,39,25,163,0.9809941520467836,0.9877330716388616,0.9843520782396088,0.970108695652174,0.19306930693069307,0.002304147465437788,1.0,4
188,certificate,3,42.0,1.0,0.96,1.25,0.0,0.0,1614,99,78,449,0.9422066549912435,0.9539007092198581,0.9480176211453746,0.8814352574102964,0.18065693430656934,0.0019029495718363464,1.0,7
189,certificate,3,42.0,1.0,0.96,1.25,0.0,0.0,1755,57,68,360,0.9685430463576159,0.9626988480526605,0.9656121045392021,0.908344733242134,0.1366906474820144,0.0009157509157509158,1.0,5
190,certificate,3,42.0,1.0,0.96,1.25,0.0,0.0,1825,29,45,341,0.9843581445523193,0.9759358288770054,0.9801288936627282,0.9320987654320988,0.07837837837837838,0.0008183306055646482,1.0,5
191,certificate,3,42.0,1.0,0.96,1.25,0.0,0.0,1815,41,129,255,0.9779094827586207,0.933641975308642,0.9552631578947369,0.823045267489712,0.13851351351351351,0.0,1.0,5
192,certificate,3,42.0,1.0,0.96,1.25,0.0,0.0,2034,29,31,146,0.9859428017450315,0.9849878934624697,0.9854651162790697,0.9571230982019364,0.1657142857142857,0.0,1.0,3
193,certificate,3,42.0,1.0,0.96,1.25,0.0,0.0,2112,54,52,22,0.9750692520775623,0.9759704251386322,0.9755196304849885,0.9286713286713286,0.7105263157894737,0.0006901311249137336,1.0,2
194,certificate,3,42.0,1.0,0.96,1.25,0.0,0.0,1621,32,160,427,0.9806412583182094,0.9101628298708591,0.9440885264997088,0.7542242703533026,0.06971677559912855,0.0,1.0,6
195,certificate,3,42.0,1.0,0.96,1.25,0.0,0.0,1798,72,91,279,0.9614973262032086,0.9518263631551085,0.9566374035647778,0.8681159420289855,0.20512820512820512,0.0,1.0,5
196,certificate,3,42.0,1.0,0.96,1.25,0.0,0.0,1925,12,53,250,0.9938048528652556,0.9732052578361982,0.9833971902937421,0.9207317073170732,0.04580152671755725,0.0007564296520423601,1.0,5
197,certificate,3,42.0,1.0,0.96,1.25,0.0,0.0,1903,56,34,247,0.9714139867279225,0.982447083118224,0.9768993839835729,0.9504373177842566,0.1848184818481848,0.0,1.0,4
198,certificate,3,42.0,1.0,0.96,1.25,0.0,0.0,1642,85,38,475,0.950781702374059,0.9773809523809524,0.9638978573525094,0.9326241134751773,0.15178571428571427,0.0,1.0,8
199,certificate,3,42.0,1.0,0.96,1.25,0.0,0.0,2054,45,38,103,0.9785612196283945,0.9818355640535373,0.9801956573610118,0.9453237410071943,0.30405405405405406,0.0,1.0,4
200,certificate,3,42.0,1.0,0.96,1.25,0.0,0.0,1616,102,56,466,0.940628637951106,0.9665071770334929,0.9533923303834809,0.9074380165289256,0.1795774647887324,0.0,1.0,8
201,certificate,3,42.0,1.0,0.96,1.25,0.0,0.0,1644,52,82,462,0.9693396226415094,0.9524913093858632,0.9608416130917593,0.8726708074534162,0.10116731517509728,0.0,1.0,7
202,certificate,3,42.0,1.0,0.96,1.25,0.0,0.0,2059,10,53,118,0.9951667472208796,0.974905303030303,0.9849318344893566,0.930171277997365,0.078125,0.0,1.0,2
203,certificate,3,42.0,1.0,0.96,1.25,0.0,0.0,1830,19,80,311,0.989724175229854,0.9581151832460733,0.9736632083000798,0.8827893175074184,0.05757575757575758,0.0008090614886731392,1.0,5
204,certificate,3,42.0,1.0,0.96,1.25,0.0,0.0,1834,101,24,281,0.9478036175710595,0.9870828848223897,0.9670445557606117,0.9660537482319661,0.2643979057591623,0.0,1.0,5
205,certificate,3,42.0,1.0,0.96,1.25,0.0,0.0,1910,39,85,206,0.9799897383273474,0.9573934837092731,0.9685598377281947,0.87627365356623,0.15918367346938775,0.0,1.0,5
206,certificate,3,42.0,1.0,0.96,1.25,0.0,0.0,2034,41,53,112,0.9802409638554217,0.9746046957355055,0.9774147044690052,0.9260312944523471,0.2679738562091503,0.000722543352601156,1.0,2
207,certificate,3,42.0,1.0,0.96,1.25,0.0,0.0,1965,26,45,204,0.9869412355600201,0.9776119402985075,0.9822544363909023,0.9358600583090378,0.11304347826086956,0.0007552870090634441,1.0,3
208,certificate,3,42.0,1.0,0.96,1.25,0.0,0.0,2025,26,2,187,0.9873232569478303,0.9990133201776024,0.9931338891613536,0.998567335243553,0.12206572769953052,0.0007524454477050414,1.0,4
209,certificate,3,42.0,1.0,0.96,1.25,0.0,0.0,1961,95,35,149,0.9537937743190662,0.9824649298597194,0.9679170779861798,0.9494949494949495,0.38934426229508196,0.0,1.0,4
210,certificate,3,42.0,1.0,0.96,1.25,0.0,0.0,1968,20,53,199,0.9899396378269618,0.9737753587333003,0.9817909703167872,0.9271978021978022,0.091324200913242,0.0,1.0,3
211,certificate,3,42.0,1.0,0.96,1.25,0.0,0.0,1908,12,57,263,0.99375,0.9709923664122138,0.9822393822393823,0.9243027888446215,0.04363636363636364,0.0,1.0,4
212,certificate,3,42.0,1.0,0.96,1.25,0.0,0.0,2143,21,76,0,0.9902957486136784,0.9657503379900856,0.9778690394706822,0.9040404040404041,1.0,0.0,1.0,0
213,certificate,3,42.0,1.0,0.96,1.25,0.0,0.0,1961,43,15,221,0.9785429141716567,0.9924089068825911,0.985427135678392,0.9800285306704708,0.16287878787878787,0.000784313725490196,1.0,3
214,certificate,3,42.0,1.0,0.96,1.25,0.0,0.0,1800,69,99,272,0.9630818619582665,0.9478672985781991,0.9554140127388535,0.8666666666666667,0.20234604105571846,0.000859106529209622,1.0,6
215,certificate,3,42.0,1.0,0.96,1.25,0.0,0.0,1715,92,130,303,0.9490868843386829,0.9295392953929539,0.9392113910186198,0.803030303030303,0.23291139240506328,0.0,1.0,7
216,certificate,3,42.0,1.0,0.96,1.25,0.0,0.0,1835,70,76,259,0.963254593175853,0.9602302459445317,0.9617400419287211,0.890961262553802,0.2127659574468085,0.0,1.0,5
217,certificate,3,42.0,1.0,0.96,1.25,0.0,0.0,1853,46,89,252,0.9757767245918905,0.9541709577754892,0.9648529028898725,0.8730385164051355,0.15436241610738255,0.0,1.0,4
218,certificate,3,42.0,1.0,0.96,1.25,0.0,0.0,2119,3,57,61,0.9985862393967955,0.9738051470588235,0.9860400186133084,0.9232839838492598,0.046875,0.0,1.0,1
219,certificate,3,42.0,1.0,0.96,1.25,0.0,0.0,2020,11,33,176,0.9945839487936977,0.9839259620068193,0.98922624877571,0.9579500657030223,0.058823529411764705,0.0007739938080495357,1.0,4
220,certificate,3,42.0,1.0,0.96,1.25,0.0,0.0,1889,50,39,262,0.9742135121196493,0.9797717842323651,0.9769847426945953,0.9493333333333334,0.16025641025641027,0.0008488964346349745,1.0,5
221,certificate,3,42.0,1.0,0.96,1.25,0.0,0.0,1986,32,130,92,0.9841427155599604,0.9385633270321361,0.9608127721335269,0.8415233415233415,0.25806451612903225,0.0007680491551459293,1.0,2
222,certificate,3,42.0,1.0,0.96,1.25,0.0,0.0,1935,40,20,245,0.979746835443038,0.989769820971867,0.9847328244274809,0.9745989304812834,0.14035087719298245,0.0008285004142502071,1.0,5
223,certificate,3,42.0,1.0,0.96,1.25,0.0,0.0,2006,30,31,173,0.9852652259332023,0.9847815414825725,0.98502332433096,0.9550724637681159,0.1477832512315271,0.0,1.0,4
224,certificate,3,42.0,1.0,0.96,1.25,0.0,0.0,1583,34,136,487,0.9789734075448361,0.9208842350203607,0.9490407673860911,0.7766830870279147,0.06525911708253358,0.0,1.0,6
225,certificate,3,42.0,1.0,0.96,1.25,0.0,0.0,1858,111,49,222,0.9436262061960387,0.9743051914001049,0.9587203302373581,0.9267563527653214,0.3333333333333333,0.0,1.0,5
226,certificate,3,42.0,1.0,0.96,1.25,0.0,0.0,1921,24,56,239,0.9876606683804627,0.9716742539200809,0.979602243753187,0.9259776536312849,0.09125475285171103,0.0023790642347343376,1.0,5
227,certificate,3,42.0,1.0,0.96,1.25,0.0,0.0,1861,38,28,313,0.9799894681411269,0.9851773425092641,0.9825765575501584,0.9522184300341296,0.10826210826210826,0.0,1.0,7
228,certificate,3,42.0,1.0,0.96,1.25,0.0,0.0,1822,26,100,292,0.9859307359307359,0.9479708636836629,0.9665782493368701,0.8550512445095169,0.08176100628930817,0.0008071025020177562,1.0,5
229,certificate,3,42.0,1.0,0.96,1.25,0.0,0.0,1802,76,28,334,0.9595314164004259,0.9846994535519126,0.9719525350593311,0.9567233384853169,0.18536585365853658,0.0,1.0,7
230,certificate,3,42.0,1.0,0.96,1.25,0.0,0.0,1801,22,50,367,0.9879319802523313,0.9729875742841707,0.9804028307022318,0.9237947122861586,0.056555269922879174,0.0008278145695364238,1.0,7
231,certificate,3,42.0,1.0,0.96,1.25,0.0,0.0,2015,23,37,165,0.9887144259077527,0.9819688109161794,0.9853300733496332,0.95,0.12234042553191489,0.0,1.0,4
232,certificate,3,42.0,1.0,0.96,1.25,0.0,0.0,2079,34,19,108,0.983909133932797,0.9909437559580553,0.9874139159344574,0.9744680851063829,0.23943661971830985,0.0007178750897343862,1.0,2
233,certificate,3,42.0,1.0,0.96,1.25,0.0,0.0,1961,47,79,153,0.976593625498008,0.9612745098039216,0.9688735177865613,0.8923512747875354,0.235,0.0022488755622188904,1.0,3
234,certificate,3,42.0,1.0,0.96,1.25,0.0,0.0,1953,29,63,195,0.9853683148335015,0.96875,0.9769884942471235,0.9155495978552279,0.12946428571428573,0.0,1.0,4
235,certificate,3,42.0,1.0,0.96,1.25,0.0,0.0,1801,41,81,317,0.9777415852334419,0.9569606801275239,0.9672395273899033,0.8748043818466353,0.11452513966480447,0.0008045052292839903,1.0,5
236,certificate,3,42.0,1.0,0.96,1.25,0.0,0.0,2181,7,1,51,0.996800731261426,0.9995417048579285,0.9981693363844394,1.0,0.1206896551724138,0.0007163323782234957,1.0,1
237,certificate,3,42.0,1.0,0.96,1.25,0.0,0.0,1506,87,41,606,0.9453860640301318,0.97349709114415,0.9592356687898088,0.9236499068901304,0.12554112554112554,0.0,1.0,9
238,certificate,3,42.0,1.0,0.96,1.25,0.0,0.0,1795,42,94,309,0.9771366358192706,0.9502382212811011,0.9634997316156737,0.8717241379310345,0.11965811965811966,0.000859106529209622,1.0,5
239,certificate,3,42.0,1.0,0.96,1.25,0.0,0.0,1886,119,6,229,0.9406483790523691,0.9968287526427061,0.9679240441365153,0.9911894273127754,0.34195402298850575,0.0,1.0,6
240,certificate,3,42.0,1.0,0.96,1.25,0.0,0.0,1892,25,19,304,0.9869587897756912,0.9900575614861329,0.9885057471264368,0.9719350073855244,0.07598784194528875,0.0,1.0,4
241,certificate,3,42.0,1.0,0.96,3.0,0.0,0.0,1926,28,54,232,0.9856704196519959,0.9727272727272728,0.9791560752414844,0.9284750337381916,0.1076923076923077,0.0008071025020177562,1.0,4
242,certificate,3,42.0,1.0,0.96,3.0,0.0,0.0,1841,26,25,348,0.986073915372255,0.9866023579849946,0.986338065898741,0.9627976190476191,0.06951871657754011,0.0,1.0,6
243,certificate,3,42.0,1.0,0.96,3.0,0.0,0.0,1699,35,58,448,0.9798154555940023,0.9669891861126921,0.9733600687482097,0.9135802469135802,0.07246376811594203,0.0018034265103697023,1.0,7
244,certificate,3,42.0,1.0,0.96,3.0,0.0,0.0,1786,98,54,302,0.9479830148619958,0.9706521739130435,0.9591836734693877,0.9150641025641025,0.245,0.0008223684210526315,1.0,7
245,certificate,3,42.0,1.0,0.96,3.0,0.0,0.0,1761,15,88,376,0.9915540540540541,0.9524067063277447,0.9715862068965517,0.8735632183908046,0.03836317135549872,0.0,1.0,5
246,certificate,3,42.0,1.0,0.96,3.0,0.0,0.0,1993,34,54,159,0.9832264430192402,0.97361993160723,0.9783996072655866,0.9243937232524965,0.17616580310880828,0.0007429420505200594,1.0,3
247,certificate,3,42.0,1.0,0.96,3.0,0.0,0.0,2013,45,2,180,0.978134110787172,0.9990074441687344,0.9884605941566412,0.9971014492753624,0.2,0.0,1.0,4
248,certificate,3,42.0,1.0,0.96,3.0,0.0,0.0,1776,50,123,291,0.9726177437020811,0.9352290679304898,0.9535570469798658,0.8161434977578476,0.1466275659824047,0.0,1.0,6
249,certificate,3,42.0,1.0,0.96,3.0,0.0,0.0,2128,17,36,59,0.992074592074592,0.9833641404805915,0.9877001624506845,0.9524456521739131,0.2236842105263158,0.0007002801120448179,1.0,2
250,certificate,3,42.0,1.0,0.96,3.0,0.0,0.0,1943,54,33,210,0.9729594391587381,0.9832995951417004,0.9781021897810219,0.9533898305084746,0.20454545454545456,0.0,1.0,5
251,certificate,3,42.0,1.0,0.96,3.0,0.0,0.0,1604,145,36,455,0.917095483133219,0.9780487804878049,0.9465919150191797,0.935064935064935,0.24166666666666667,0.0009082652134423251,1.0,8
252,certificate,3,42.0,1.0,0.96,3.0,0.0,0.0,1942,57,50,191,0.9714857428714357,0.9748995983935743,0.9731896767727387,0.9318497913769124,0.22983870967741934,0.0007855459544383347,1.0,5
253,certificate,3,42.0,1.0,0.96,3.0,0.0,0.0,2094,17,17,112,0.9919469445760303,0.9919469445760303,0.9919469445760303,0.9789864029666254,0.13178294573643412,0.0,1.0,2
254,certificate,3,42.0,1.0,0.96,3.0,0.0,0.0,1782,83,82,293,0.9554959785522789,0.9560085836909872,0.9557522123893806,0.8845598845598845,0.22074468085106383,0.0017079419299743809,1.0,8
255,certificate,3,42.0,1.0,0.96,3.0,0.0,0.0,1943,30,64,203,0.984794728839331,0.9681116093672147,0.9763819095477386,0.9207547169811321,0.12875536480686695,0.0008250825082508251,1.0,5
256,certificate,3,42.0,1.0,0.96,3.0,0.0,0.0,1918,22,68,232,0.988659793814433,0.9657603222557906,0.9770759042282222,0.900887573964497,0.08661417322834646,0.0007633587786259542,1.0,4
257,certificate,3,42.0,1.0,0.96,3.0,0.0,0.0,1828,19,35,358,0.989713048186248,0.9812130971551262,0.98544474393531,0.9470499243570348,0.050397877984084884,0.0,1.0,5
258,certificate,3,42.0,1.0,0.96,3.0,0.0,0.0,1955,12,94,179,0.9938993390950687,0.954123962908736,0.973605577689243,0.8836633663366337,0.06282722513089005,0.0,1.0,4
259,certificate,3,42.0,1.0,0.96,3.0,0.0,0.0,1933,28,35,244,0.985721570627231,0.9822154471544715,0.9839653855942988,0.9500713266761769,0.10294117647058823,0.0,1.0,5
260,certificate,3,42.0,1.0,0.96,3.0,0.0,0.0,1910,16,112,202,0.9916926272066459,0.9446092977250248,0.9675785207700102,0.838150289017341,0.07339449541284404,0.0,1.0,3
261,certificate,3,42.0,1.0,0.96,3.0,0.0,0.0,2051,21,26,142,0.9898648648648649,0.9874819451131439,0.9886719691491925,0.9705882352941176,0.12883435582822086,0.0015860428231562252,1.0,3
262,certificate,3,42.0,1.0,0.96,3.0,0.0,0.0,2002,41,40,157,0.9799314733235438,0.980411361410382,0.980171358629131,0.9429386590584878,0.20707070707070707,0.0,1.0,4
263,certificate,3,42.0,1.0,0.96,3.0,0.0,0.0,1799,41,40,360,0.9777173913043479,0.9782490483958673,0.9779831475944551,0.9400921658986175,0.10224438902743142,0.0008417508417508417,1.0,6
264,certificate,3,42.0,1.0,0.96,3.0,0.0,0.0,1961,41,52,186,0.9795204795204795,0.9741679085941382,0.9768368617683686,0.928374655647383,0.18061674008810572,0.0,1.0,4
265,certificate,3,42.0,1.0,0.96,3.0,0.0,0.0,1874,12,94,260,0.9936373276776246,0.9522357723577236,0.9724961079398028,0.8710562414266118,0.04411764705882353,0.0,1.0,4
266,certificate,3,42.0,1.0,0.96,3.0,0.0,0.0,1886,71,58,225,0.9637199795605519,0.970164609053498,0.9669315560112792,0.9129129129129129,0.23986486486486486,0.0,1.0,4
267,certificate,3,42.0,1.0,0.96,3.0,0.0,0.0,2042,52,14,132,0.9751671442215855,0.9931906614785992,0.9840963855421687,0.981675392670157,0.2826086956521739,0.0,1.0,2
268,certificate,3,42.0,1.0,0.96,3.0,0.0,0.0,1911,31,48,250,0.9840370751802265,0.9754977029096478,0.9797487823634964,0.9356164383561644,0.1103202846975089,0.0008136696501220504,1.0,5
269,certificate,3,42.0,1.0,0.96,3.0,0.0,0.0,1981,58,42,159,0.971554683668465,0.9792387543252595,0.9753815854258987,0.9437412095639943,0.2672811059907834,0.001524390243902439,1.0,3
270,certificate,3,42.0,1.0,0.96,3.0,0.0,0.0,1901,57,40,242,0.9708886618998979,0.979392065945389,0.9751218261092587,0.9412650602409639,0.19063545150501673,0.0007830853563038371,1.0,5
271,certificate,3,42.0,1.0,0.96,3.0,0.0,0.0,1911,32,156,141,0.9835306227483274,0.9245283018867925,0.9531172069825437,0.7968337730870713,0.18497109826589594,0.0015278838808250573,1.0,4
272,certificate,3,42.0,1.0,0.96,3.0,0.0,0.0,2068,3,73,96,0.9985514244326412,0.9659037832788416,0.9819563152896487,0.9014844804318488,0.030303030303030304,0.0,1.0,1
273,certificate,3,42.0,1.0,0.96,3.0,0.0,0.0,1729,23,144,344,0.9868721461187214,0.9231179925253604,0.9539310344827586,0.8064516129032258,0.06267029972752043,0.0,1.0,7
274,certificate,3,42.0,1.0,0.96,3.0,0.0,0.0,2041,62,74,63,0.9705183071802187,0.9650118203309692,0.9677572309151257,0.9047619047619048,0.496,0.0,1.0,2
275,certificate,3,42.0,1.0,0.96,3.0,0.0,0.0,1756,74,44,366,0.9595628415300547,0.9755555555555555,0.9674931129476583,0.9308176100628931,0.16818181818181818,0.0,1.0,6
276,certificate,3,42.0,1.0,0.96,3.0,0.0,0.0,1992,9,56,183,0.9955022488755623,0.97265625,0.98394665349469,0.9220055710306406,0.046875,0.0,1.0,3
277,certificate,3,42.0,1.0,0.96,3.0,0.0,0.0,1994,21,118,107,0.9895781637717121,0.9441287878787878,0.9663193603101526,0.8267254038179148,0.1640625,0.0,1.0,3
278,certificate,3,42.0,1.0,0.96,3.0,0.0,0.0,1828,12,125,275,0.9934782608695653,0.9359959037378393,0.9638808331136304,0.8355437665782494,0.041811846689895474,0.0008340283569641367,1.0,4
279,certificate,3,42.0,1.0,0.96,3.0,0.0,0.0,1967,21,27,225,0.9894366197183099,0.9864593781344032,0.9879457559015571,0.9632152588555858,0.08536585365853659,0.0,1.0,3
280,certificate,3,42.0,1.0,0.96,3.0,0.0,0.0,1699,29,48,464,0.9832175925925926,0.9725243274184316,0.9778417266187049,0.9276018099547512,0.058823529411764705,0.0,1.0,8
281,certificate,3,42.0,1.0,0.96,3.0,0.0,0.0,1829,68,55,288,0.9641539272535582,0.9708067940552016,0.9674689235651944,0.9145962732919255,0.19101123595505617,0.0,1.0,7
282,certificate,3,42.0,1.0,0.96,3.0,0.0,0.0,1885,17,22,316,0.991062039957939,0.9884635553224961,0.9897610921501707,0.9689265536723164,0.05105105105105105,0.0,1.0,4
283,certificate,3,42.0,1.0,0.96,3.0,0.0,0.0,1852,52,45,291,0.9726890756302521,0.9762783342119136,0.9744803998947645,0.9380165289256198,0.15160349854227406,0.0,1.0,7
284,certificate,3,42.0,1.0,0.96,3.0,0.0,0.0,1742,18,34,446,0.9897727272727272,0.9808558558558559,0.9852941176470588,0.9487951807228916,0.03879310344827586,0.0,1.0,6
285,certificate,3,42.0,1.0,0.96,3.0,0.0,0.0,1818,18,66,338,0.9901960784313726,0.964968152866242,0.9774193548387097,0.9037900874635568,0.05056179775280899,0.0,1.0,6
286,certificate,3,42.0,1.0,0.96,3.0,0.0,0.0,1767,28,21,424,0.9844011142061281,0.988255033557047,0.9863243092380686,0.967391304347826,0.061946902654867256,0.0,1.0,6
287,certificate,3,42.0,1.0,0.96,3.0,0.0,0.0,1704,52,43,441,0.9703872437357631,0.9753863766456783,0.9728803882386526,0.9317460317460318,0.10547667342799188,0.0,1.0,7
288,certificate,3,42.0,1.0,0.96,3.0,0.0,0.0,2042,6,19,173,0.9970703125,0.9907811741872877,0.9939157945972255,0.9746666666666667,0.0335195530726257,0.0,1.0,2
289,certificate,3,42.0,1.0,0.96,3.0,0.0,0.0,1867,36,22,315,0.9810825013137152,0.988353626257279,0.984704641350211,0.964573268921095,0.10256410256410256,0.0,1.0,5
290,certificate,3,42.0,1.0,0.96,3.0,0.0,0.0,2129,3,34,74,0.9985928705440901,0.9842810910772076,0.9913853317811407,0.9534246575342465,0.03896103896103896,0.0,1.0,1
291,certificate,3,42.0,1.0,0.96,3.0,0.0,0.0,1976,43,62,159,0.9787023278850916,0.9695780176643768,0.9741188070002464,0.9183673469387755,0.21287128712871287,0.0015349194167306216,1.0,4
292,certificate,3,42.0,1.0,0.96,3.0,0.0,0.0,1922,29,38,251,0.9851358277806254,0.9806122448979592,0.982868831500895,0.9444444444444444,0.10357142857142858,0.0,1.0,4
293,certificate,3,42.0,1.0,0.96,3.0,0.0,0.0,1689,35,88,428,0.9796983758700696,0.9504783342712436,0.9648671808054841,0.8698224852071006,0.0755939524838013,0.0,1.0,5
294,certificate,3,42.0,1.0,0.96,3.0,0.0,0.0,1831,24,49,336,0.9870619946091644,0.9739361702127659,0.9804551539491299,0.9254658385093167,0.06666666666666667,0.0008090614886731392,1.0,4
295,certificate,3,42.0,1.0,0.96,3.0,0.0,0.0,1944,51,50,195,0.9744360902255639,0.9749247743229689,0.9746803710203059,0.9291907514450867,0.2073170731707317,0.0007680491551459293,1.0,4
296,certificate,3,42.0,1.0,0.96,3.0,0.0,0.0,1970,11,80,179,0.99444724886421,0.9609756097560975,0.9774249565864549,0.896640826873385,0.05789473684210526,0.0,1.0,3
297,certificate,3,42.0,1.0,0.96,3.0,0.0,0.0,1771,32,32,405,0.9822518025513034,0.9822518025513034,0.9822518025513034,0.9520865533230294,0.07322654462242563,0.0008650519031141869,1.0,6
298,certificate,3,42.0,1.0,0.96,3.0,0.0,0.0,2091,34,10,105,0.984,0.9952403617325083,0.9895882631329863,0.9870967741935484,0.2446043165467626,0.0,1.0,2
299,certificate,3,42.0,1.0,0.96,3.0,0.0,0.0,2127,38,27,48,0.9824480369515012,0.9874651810584958,0.9849502199583237,0.9664516129032258,0.4418604651162791,0.0007251631617113851,1.0,2
300,certificate,3,42.0,1.0,0.96,3.0,0.0,0.0,1775,82,27,356,0.9558427571351642,0.9850166481687015,0.9702104400109319,0.9563812600969306,0.1872146118721461,0.0,1.0,7
301,certificate,3,42.0,1.0,0.96,3.0,0.0,0.0,1908,15,69,248,0.9921996879875195,0.9650986342943855,0.9784615384615384,0.9116883116883117,0.057034220532319393,0.0008285004142502071,1.0,5
302,certificate,3,42.0,1.0,0.96,3.0,0.0,0.0,1813,122,51,254,0.9369509043927648,0.9726394849785408,0.9544617004474862,0.9229583975346687,0.324468085106383,0.0008230452674897119,1.0,6
303,certificate,3,42.0,1.0,0.96,3.0,0.0,0.0,1821,57,83,279,0.9696485623003195,0.9564075630252101,0.9629825489159175,0.8850415512465374,0.16964285714285715,0.0,1.0,6
304,certificate,3,42.0,1.0,0.96,3.0,0.0,0.0,1929,36,86,189,0.981679389312977,0.9573200992555831,0.9693467336683417,0.8821917808219178,0.16,0.0,1.0,4
305,certificate,3,42.0,1.0,0.96,3.0,0.0,0.0,1807,61,86,286,0.9673447537473233,0.9545694664553619,0.9609146503589471,0.8664596273291926,0.17579250720461095,0.0,1.0,5
306,certificate,3,42.0,1.0,0.96,3.0,0.0,0.0,1839,40,94,267,0.9787120808940926,0.9513709260217279,0.9648478488982161,0.8673323823109843,0.13029315960912052,0.0008116883116883117,1.0,6
307,certificate,3,42.0,1.0,0.96,3.0,0.0,0.0,1819,49,34,338,0.9737687366167024,0.981651376146789,0.9776941682343456,0.9489164086687306,0.12661498708010335,0.0008285004142502071,1.0,6
308,certificate,3,42.0,1.0,0.96,3.0,0.0,0.0,1767,44,77,352,0.9757040309221424,0.9582429501084598,0.9668946648426813,0.8858858858858859,0.1111111111111111,0.0008488964346349745,1.0,5
309,certificate,3,42.0,1.0,0.96,3.0,0.0,0.0,1636,94,30,480,0.945664739884393,0.9819927971188476,0.9634864546525325,0.9546165884194053,0.16376306620209058,0.0009737098344693282,1.0,8
310,certificate,3,42.0,1.0,0.96,3.0,0.0,0.0,1946,27,94,173,0.9863152559553978,0.953921568627451,0.9698479940194369,0.8708333333333333,0.135,0.0007575757575757576,1.0,4
311,certificate,3,42.0,1.0,0.96,3.0,0.0,0.0,2008,42,54,136,0.9795121951219512,0.973811833171678,0.9766536964980544,0.9311688311688312,0.23595505617977527,0.0007739938080495357,1.0,3
312,certificate,3,42.0,1.0,0.96,3.0,0.0,0.0,1903,21,49,267,0.989085239085239,0.9748975409836066,0.9819401444788443,0.9347536617842876,0.07291666666666667,0.0,1.0,4
313,certificate,3,42.0,1.0,0.96,3.0,0.0,0.0,1769,62,20,389,0.9661387220098306,0.9888205701509223,0.9773480662983425,0.967266775777414,0.13747228381374724,0.0,1.0,5
314,certificate,3,42.0,1.0,0.96,3.0,0.0,0.0,1873,52,131,184,0.972987012987013,0.9346307385229541,0.9534232629167727,0.8252032520325203,0.22033898305084745,0.001579778830963665,1.0,3
315,certificate,3,42.0,1.0,0.96,3.0,0.0,0.0,1988,8,141,103,0.9959919839679359,0.9337717238139972,0.9638787878787879,0.8112449799196787,0.07207207207207207,0.0,1.0,2
316,certificate,3,42.0,1.0,0.96,3.0,0.0,0.0,1952,34,25,229,0.9828801611278952,0.9873545776428932,0.9851122886701992,0.9687943262411347,0.12927756653992395,0.0023584905660377358,1.0,4
317,certificate,3,42.0,1.0,0.96,3.0,0.0,0.0,1816,80,70,274,0.9578059071729957,0.9628844114528102,0.9603384452670545,0.9004267425320057,0.22598870056497175,0.0,1.0,6
318,certificate,3,42.0,1.0,0.96,3.0,0.0,0.0,1817,47,84,292,0.9747854077253219,0.9558127301420305,0.9652058432934926,0.877906976744186,0.13864306784660768,0.0,1.0,6
319,certificate,3,42.0,1.0,0.96,3.0,0.0,0.0,1942,9,129,160,0.9953869810353665,0.9377112506035732,0.9656887120835405,0.832901554404145,0.05325443786982249,0.0,1.0,3
320,certificate,3,42.0,1.0,0.96,3.0,0.0,0.0,1909,39,57,235,0.9799794661190965,0.9710071210579858,0.9754726622381195,0.918722786647315,0.14233576642335766,0.0007830853563038371,1.0,4
321,certificate,3,42.0,1.0,0.96,3.0,0.0,0.0,1734,63,40,403,0.9649415692821369,0.9774520856820744,0.9711565387846542,0.9361344537815126,0.1351931330472103,0.0016963528413910093,1.0,7
322,certificate,3,42.0,1.0,0.96,3.0,0.0,0.0,1918,9,59,254,0.9953295277633627,0.9701568032372281,0.9825819672131147,0.9143686502177069,0.034220532319391636,0.0,1.0,3
323,certificate,3,42.0,1.0,0.96,3.0,0.0,0.0,1908,18,47,267,0.9906542056074766,0.9759590792838875,0.9832517392424633,0.9363143631436315,0.06315789473684211,0.0,1.0,4
324,certificate,3,42.0,1.0,0.96,3.0,0.0,0.0,1791,34,40,375,0.9813698630136987,0.9781540141998908,0.9797592997811817,0.9420505200594353,0.08312958435207823,0.0008635578583765112,1.0,6
325,certificate,3,42.0,1.0,0.96,3.0,0.0,0.0,2066,12,64,98,0.9942252165543792,0.9699530516431925,0.9819391634980988,0.9139784946236559,0.10909090909090909,0.0,1.0,3
326,certificate,3,42.0,1.0,0.96,3.0,0.0,0.0,1920,22,98,200,0.9886714727085479,0.9514370664023786,0.9696969696969697,0.8626609442060086,0.0990990990990991,0.001516300227445034,1.0,4
327,certificate,3,42.0,1.0,0.96,3.0,0.0,0.0,1640,103,74,423,0.9409064830751578,0.9568261376896149,0.9487995371709574,0.8785357737104825,0.1958174904942966,0.0008984725965858042,1.0,7
328,certificate,3,42.0,1.0,0.96,3.0,0.0,0.0,1947,40,51,202,0.9798691494715652,0.9744744744744744,0.9771643663739021,0.9271428571428572,0.1652892561983471,0.0,1.0,3
329,certificate,3,42.0,1.0,0.96,3.0,0.0,0.0,2024,8,54,154,0.9960629921259843,0.9740134744947064,0.9849148418491485,0.9279038718291055,0.04938271604938271,0.0,1.0,3
330,certificate,3,42.0,1.0,0.96,3.0,0.0,0.0,1780,46,65,349,0.9748083242059146,0.964769647696477,0.9697630073549441,0.9125168236877523,0.11645569620253164,0.0,1.0,7
331,certificate,3,42.0,1.0,0.96,3.0,0.0,0.0,2169,3,46,22,0.9986187845303868,0.9792325056433409,0.9888306359699112,0.9404915912031048,0.12,0.0,1.0,1
332,certificate,3,42.0,1.0,0.96,3.0,0.0,0.0,1815,30,44,351,0.983739837398374,0.9763313609467456,0.9800215982721383,0.9311424100156495,0.07874015748031496,0.0,1.0,6
333,certificate,3,42.0,1.0,0.96,3.0,0.0,0.0,1821,74,60,285,0.9609498680738786,0.9681020733652312,0.9645127118644067,0.9063492063492063,0.20612813370473537,0.0007993605115907274,1.0,5
334,certificate,3,42.0,1.0,0.96,3.0,0.0,0.0,2071,5,43,121,0.9975915221579962,0.9796594134342479,0.98854415274463,0.9401114206128134,0.03968253968253968,0.0,1.0,2
335,certificate,3,42.0,1.0,0.96,3.0,0.0,0.0,1776,22,31,411,0.9877641824249166,0.9828444936358606,0.9852981969486825,0.9562043795620438,0.050808314087759814,0.00089126559714795,1.0,5
336,certificate,3,42.0,1.0,0.96,3.0,0.0,0.0,2131,27,53,29,0.9874884151992586,0.9757326007326007,0.9815753109166283,0.9362745098039216,0.48214285714285715,0.0007309941520467836,1.0,1
337,certificate,3,42.0,1.0,0.96,3.0,0.0,0.0,1845,58,56,281,0.9695218076720967,0.970541820094687,0.970031545741325,0.9155145929339478,0.1710914454277286,0.0008,1.0,5
338,certificate,3,42.0,1.0,0.96,3.0,0.0,0.0,1738,78,55,369,0.9570484581497798,0.9693251533742331,0.9631476863397064,0.9160186625194401,0.174496644295302,0.0008695652173913044,1.0,6
339,certificate,3,42.0,1.0,0.96,3.0,0.0,0.0,1796,35,97,312,0.9808847624249044,0.9487585842577919,0.9645542427497314,0.8596237337192475,0.10086455331412104,0.0,1.0,5
340,certificate,3,42.0,1.0,0.96,3.0,0.0,0.0,1954,26,126,134,0.9868686868686869,0.9394230769230769,0.9625615763546799,0.8425,0.1625,0.0,1.0,4
341,certificate,3,42.0,1.0,0.96,3.0,0.0,0.0,1974,32,111,123,0.9840478564307079,0.9467625899280575,0.9650452212173063,0.8360655737704918,0.2064516129032258,0.0007072135785007072,1.0,2
342,certificate,3,42.0,1.0,0.96,3.0,0.0,0.0,1892,27,64,257,0.9859301719645649,0.967280163599182,0.976516129032258,0.9036144578313253,0.09507042253521127,0.0,1.0,4
343,certificate,3,42.0,1.0,0.96,3.0,0.0,0.0,1797,61,27,355,0.9671689989235738,0.9851973684210527,0.9760999456816948,0.9611360239162929,0.1466346153846154,0.0008658008658008658,1.0,6
344,certificate,3,42.0,1.0,0.96,3.0,0.0,0.0,1828,68,103,241,0.9641350210970464,0.9466597617814604,0.9553174810556572,0.851528384279476,0.22006472491909385,0.0008038585209003215,1.0,6
345,certificate,3,42.0,1.0,0.96,3.0,0.0,0.0,1928,50,58,204,0.974721941354904,0.9707955689828801,0.9727547931382442,0.9242636746143057,0.1968503937007874,0.003142183817753339,1.0,4
346,certificate,3,42.0,1.0,0.96,3.0,0.0,0.0,1939,62,75,164,0.9690154922538731,0.9627606752730884,0.9658779576587797,0.9028871391076115,0.2743362831858407,0.0007987220447284345,1.0,5
347,certificate,3,42.0,1.0,0.96,3.0,0.0,0.0,1886,44,53,257,0.9772020725388602,0.9726663228468283,0.9749289222021195,0.9250720461095101,0.1461794019933555,0.0008032128514056225,1.0,5
348,certificate,3,42.0,1.0,0.96,3.0,0.0,0.0,1925,31,158,126,0.9841513292433538,0.9241478636581854,0.953206239168111,0.7958387516254877,0.19745222929936307,0.00076103500761035,1.0,3
349,certificate,3,42.0,1.0,0.96,3.0,0.0,0.0,1738,42,61,399,0.9764044943820225,0.9660922734852696,0.9712210114557138,0.9038142620232172,0.09523809523809523,0.002508361204013378,1.0,6
350,certificate,3,42.0,1.0,0.96,3.0,0.0,0.0,1722,89,86,343,0.950855880728879,0.952433628318584,0.9516441005802708,0.8647798742138365,0.20601851851851852,0.0,1.0,7
351,certificate,3,42.0,1.0,0.96,3.0,0.0,0.0,1845,35,57,303,0.9813829787234043,0.9700315457413249,0.9756742464304601,0.9188405797101449,0.10355029585798817,0.0008250825082508251,1.0,5
352,certificate,3,42.0,1.0,0.96,3.0,0.0,0.0,1912,48,75,205,0.9755102040816327,0.9622546552591847,0.9688370914618698,0.8927038626609443,0.18972332015810275,0.0,1.0,4
353,certificate,3,42.0,1.0,0.96,3.0,0.0,0.0,2095,12,26,107,0.9943046986236355,0.9877416313059877,0.9910122989593187,0.9629101283880172,0.10084033613445378,0.0,1.0,2
354,certificate,3,42.0,1.0,0.96,3.0,0.0,0.0,1840,28,70,302,0.9850107066381156,0.9633507853403142,0.9740603493912123,0.8955223880597015,0.08484848484848485,0.0,1.0,6
355,certificate,3,42.0,1.0,0.96,3.0,0.0,0.0,1712,52,33,443,0.9705215419501134,0.9810888252148997,0.975776574522656,0.9502262443438914,0.10505050505050505,0.0,1.0,5
356,certificate,3,42.0,1.0,0.96,3.0,0.0,0.0,1864,39,44,293,0.9795060430898581,0.9769392033542977,0.978220939385988,0.9387464387464387,0.11746987951807229,0.0008291873963515755,1.0,5
357,certificate,3,42.0,1.0,0.96,3.0,0.0,0.0,1862,47,15,316,0.9753797799895233,0.9920085242408098,0.9836238774432118,0.9764150943396226,0.12947658402203857,0.0,1.0,5
358,certificate,3,42.0,1.0,0.96,3.0,0.0,0.0,2057,27,15,141,0.9870441458733206,0.9927606177606177,0.9898941289701636,0.9795640326975477,0.16071428571428573,0.0,1.0,3
359,certificate,3,42.0,1.0,0.96,3.0,0.0,0.0,1857,40,62,281,0.9789140748550342,0.9676915059927045,0.9732704402515723,0.8991869918699187,0.12461059190031153,0.0,1.0,5
360,certificate,3,42.0,1.0,0.96,3.0,0.0,0.0,1762,24,93,361,0.986562150055991,0.9498652291105121,0.9678659708871188,0.8631578947368421,0.06233766233766234,0.0016806722689075631,1.0,5
361,certificate,3,42.0,1.0,0.96,6.0,0.0,0.0,1868,44,36,292,0.9769874476987448,0.9810924369747899,0.9790356394129979,0.9444444444444444,0.13095238095238096,0.0,1.0,6
362,certificate,3,42.0,1.0,0.96,6.0,0.0,0.0,1711,57,106,366,0.9677601809954751,0.941662080352229,0.9545327754532776,0.8364485981308412,0.1347517730496454,0.000851063829787234,1.0,6
363,certificate,3,42.0,1.0,0.96,6.0,0.0,0.0,1885,11,62,282,0.994198312236287,0.9681561376476631,0.9810044236273744,0.908955223880597,0.03754266211604096,0.0007830853563038371,1.0,4
364,certificate,3,42.0,1.0,0.96,6.0,0.0,0.0,1960,53,49,178,0.9736711376055638,0.975609756097561,0.974639482844356,0.9311334289813487,0.22943722943722944,0.0007621951219512195,1.0,4
365,certificate,3,42.0,1.0,0.96,6.0,0.0,0.0,1966,65,36,173,0.9679960610536681,0.9820179820179821,0.9749566079841309,0.9535809018567639,0.27310924369747897,0.0008012820512820513,1.0,5
366,certificate,3,42.0,1.0,0.96,6.0,0.0,0.0,1826,40,42,332,0.9785637727759914,0.9775160599571735,0.9780396357793251,0.933649289099526,0.10752688172043011,0.0,1.0,5
367,certificate,3,42.0,1.0,0.96,6.0,0.0,0.0,2030,56,23,131,0.9731543624161074,0.9887968826108134,0.9809132640734476,0.9671428571428572,0.2994652406417112,0.0,1.0,3
368,certificate,3,42.0,1.0,0.96,6.0,0.0,0.0,1866,92,61,221,0.9530132788559755,0.9683445770627919,0.9606177606177606,0.9105571847507331,0.2939297124600639,0.0,1.0,5
369,certificate,3,42.0,1.0,0.96,6.0,0.0,0.0,1670,90,59,421,0.9488636363636364,0.9658762290341237,0.9572943536830036,0.8968531468531469,0.1761252446183953,0.0,1.0,7
370,certificate,3,42.0,1.0,0.96,6.0,0.0,0.0,1996,50,77,117,0.9755620723362659,0.9628557645923782,0.9691672736100997,0.8974700399467377,0.2994011976047904,0.0,1.0,4
371,certificate,3,42.0,1.0,0.96,6.0,0.0,0.0,1763,54,93,330,0.9702806824435883,0.9498922413793104,0.9599782194391506,0.8558139534883721,0.140625,0.0,1.0,7
372,certificate,3,42.0,1.0,0.96,6.0,0.0,0.0,2052,15,52,121,0.9927431059506531,0.9752851711026616,0.983936705825941,0.9275766016713092,0.11029411764705882,0.0,1.0,2
373,certificate,3,42.0,1.0,0.96,6.0,0.0,0.0,2030,13,73,124,0.9936368086147822,0.9652876842605801,0.9792571152918476,0.9061696658097687,0.0948905109489051,0.0,1.0,2
374,certificate,3,42.0,1.0,0.96,6.0,0.0,0.0,2074,33,24,109,0.9843379212149976,0.988560533841754,0.9864447086801427,0.9685452162516383,0.2323943661971831,0.0,1.0,2
375,certificate,3,42.0,1.0,0.96,6.0,0.0,0.0,1737,41,84,378,0.9769403824521935,0.9538714991762768,0.9652681300361211,0.87518573551263,0.09785202863961814,0.0,1.0,6
376,certificate,3,42.0,1.0,0.96,6.0,0.0,0.0,1920,86,69,165,0.9571286141575274,0.9653092006033183,0.9612015018773467,0.9015691868758916,0.3426294820717131,0.0,1.0,4
377,certificate,3,42.0,1.0,0.96,6.0,0.0,0.0,2013,13,42,172,0.993583415597236,0.9795620437956204,0.9865229110512129,0.9431345353675451,0.07027027027027027,0.0007496251874062968,1.0,3
378,certificate,3,42.0,1.0,0.96,6.0,0.0,0.0,1934,12,27,267,0.9938335046248715,0.9862315145334013,0.9900179165600205,0.9622377622377623,0.043010752688172046,0.0,1.0,4
379,certificate,3,42.0,1.0,0.96,6.0,0.0,0.0,1642,70,69,459,0.9591121495327103,0.9596727060198714,0.9593923458954134,0.8908227848101266,0.1323251417769376,0.0,1.0,7
380,certificate,3,42.0,1.0,0.96,6.0,0.0,0.0,1924,40,20,256,0.9796334012219959,0.9897119341563786,0.9846468781985671,0.972463768115942,0.13513513513513514,0.0007974481658692185,1.0,4
381,certificate,3,42.0,1.0,0.96,6.0,0.0,0.0,1906,53,67,214,0.9729453802960695,0.9660415610745058,0.9694811800610377,0.8987915407854985,0.19850187265917604,0.0,1.0,5
382,certificate,3,42.0,1.0,0.96,6.0,0.0,0.0,1926,16,27,271,0.9917610710607621,0.9861751152073732,0.9889602053915275,0.9640179910044977,0.05574912891986063,0.0023328149300155523,0.9722222222222222,5
383,certificate,3,42.0,1.0,0.96,6.0,0.0,0.0,1890,79,41,230,0.9598781107160995,0.9787674779906784,0.9692307692307692,0.942008486562942,0.255663430420712,0.0,1.0,6
384,certificate,3,42.0,1.0,0.96,6.0,0.0,0.0,1913,49,39,239,0.9750254841997962,0.9800204918032787,0.9775166070516096,0.9446022727272727,0.1701388888888889,0.0,1.0,4
385,certificate,3,42.0,1.0,0.96,6.0,0.0,0.0,1787,83,61,309,0.955614973262032,0.966991341991342,0.9612694997310381,0.9077155824508321,0.21173469387755103,0.0,1.0,5
386,certificate,3,42.0,1.0,0.96,6.0,0.0,0.0,2216,0,24,0,1.0,0.9892857142857143,0.9946140035906643,0.9694656488549618,0.0,0.0,1.0,0
387,certificate,3,42.0,1.0,0.96,6.0,0.0,0.0,1940,43,24,233,0.978315683308119,0.9877800407331976,0.9830250823410186,0.9664804469273743,0.15579710144927536,0.0,1.0,4
388,certificate,3,42.0,1.0,0.96,6.0,0.0,0.0,2039,38,52,111,0.9817043813192105,0.9751315160210425,0.9784069097888675,0.9260312944523471,0.2550335570469799,0.0,1.0,3
389,certificate,3,42.0,1.0,0.96,6.0,0.0,0.0,1873,33,25,309,0.9826862539349422,0.9868282402528978,0.9847528916929547,0.9645892351274787,0.09649122807017543,0.0,1.0,5
390,certificate,3,42.0,1.0,0.96,6.0,0.0,0.0,2042,16,18,164,0.9922254616132167,0.9912621359223301,0.9917435648372996,0.9769959404600812,0.08888888888888889,0.000757002271006813,1.0,3
391,certificate,3,42.0,1.0,0.96,6.0,0.0,0.0,1964,24,74,178,0.9879275653923542,0.9636898920510304,0.9756582215598609,0.8995929443690638,0.1188118811881188,0.0,1.0,3
392,certificate,3,42.0,1.0,0.96,6.0,0.0,0.0,1842,34,85,279,0.9818763326226013,0.9558899844317592,0.9687089140152512,0.8789173789173789,0.10862619808306709,0.0,1.0,4
393,certificate,3,42.0,1.0,0.96,6.0,0.0,0.0,1808,28,2,402,0.9847494553376906,0.9988950276243094,0.9917718047174986,0.998468606431853,0.06511627906976744,0.000864304235090752,1.0,6
394,certificate,3,42.0,1.0,0.96,6.0,0.0,0.0,2075,21,55,89,0.9899809160305344,0.9741784037558685,0.9820160908660671,0.935251798561151,0.19090909090909092,0.0007716049382716049,1.0,2
395,certificate,3,42.0,1.0,0.96,6.0,0.0,0.0,1869,55,53,263,0.9714137214137214,0.9724245577523413,0.9719188767550702,0.9203125,0.17295597484276728,0.0015600624024961,1.0,5
396,certificate,3,42.0,1.0,0.96,6.0,0.0,0.0,1877,65,74,224,0.966529351184346,0.9620707329574577,0.9642948882609813,0.8893871449925261,0.22491349480968859,0.0,1.0,4
397,certificate,3,42.0,1.0,0.96,6.0,0.0,0.0,1872,58,86,224,0.9699481865284975,0.9560776302349336,0.9629629629629629,0.8748180494905385,0.20567375886524822,0.0,1.0,4
398,certificate,3,42.0,1.0,0.96,6.0,0.0,0.0,1902,40,106,192,0.9794026776519053,0.9472111553784861,0.9630379746835444,0.8504936530324401,0.1724137931034483,0.0,1.0,3
399,certificate,3,42.0,1.0,0.96,6.0,0.0,0.0,1944,30,43,223,0.9848024316109423,0.9783593356819326,0.9815703105276444,0.9400278940027894,0.11857707509881422,0.0,1.0,5
400,certificate,3,42.0,1.0,0.96,6.0,0.0,0.0,1882,15,59,284,0.9920927780706379,0.9696032972694487,0.9807191245440334,0.9136163982430454,0.05016722408026756,0.0,1.0,5
401,certificate,3,42.0,1.0,0.96,6.0,0.0,0.0,1874,76,44,246,0.961025641025641,0.9770594369134515,0.9689762150982419,0.9389736477115118,0.2360248447204969,0.0,1.0,5
402,certificate,3,42.0,1.0,0.96,6.0,0.0,0.0,1907,18,17,298,0.9906493506493507,0.9911642411642412,0.9909067290205249,0.9749631811487481,0.056962025316455694,0.0,1.0,6
403,certificate,3,42.0,1.0,0.96,6.0,0.0,0.0,2030,5,117,88,0.9975429975429976,0.9455053563111319,0.970827355332377,0.8526448362720404,0.053763440860215055,0.0,1.0,2
404,certificate,3,42.0,1.0,0.96,6.0,0.0,0.0,1933,50,57,200,0.9747856782652546,0.971356783919598,0.9730682104203373,0.9197183098591549,0.2,0.0,1.0,4
405,certificate,3,42.0,1.0,0.96,6.0,0.0,0.0,1819,15,46,360,0.9918211559432933,0.9753351206434316,0.9835090565017572,0.9294478527607362,0.04,0.0,1.0,5
406,certificate,3,42.0,1.0,0.96,6.0,0.0,0.0,1915,12,67,246,0.9937727036844837,0.9661957618567104,0.9797902276797136,0.9110225763612217,0.046511627906976744,0.0,1.0,4
407,certificate,3,42.0,1.0,0.96,6.0,0.0,0.0,1739,64,85,352,0.9645036051026068,0.9533991228070176,0.9589192169837332,0.8703125,0.15384615384615385,0.0016891891891891893,1.0,5
408,certificate,3,42.0,1.0,0.96,6.0,0.0,0.0,1908,65,96,171,0.9670552458185504,0.9520958083832335,0.9595172240382198,0.8709677419354839,0.2754237288135593,0.0,1.0,5
409,certificate,3,42.0,1.0,0.96,6.0,0.0,0.0,1768,48,74,350,0.973568281938326,0.9598262757871878,0.9666484417714598,0.8895522388059701,0.12060301507537688,0.0,1.0,6
410,certificate,3,42.0,1.0,0.96,6.0,0.0,0.0,1621,36,20,563,0.9782739891369946,0.987812309567337,0.9830200121285627,0.9649446494464945,0.06010016694490818,0.0009099181073703367,1.0,7
411,certificate,3,42.0,1.0,0.96,6.0,0.0,0.0,2086,18,39,97,0.9914448669201521,0.9816470588235294,0.9865216363206432,0.9496124031007752,0.1565217391304348,0.0,1.0,2
412,certificate,3,42.0,1.0,0.96,6.0,0.0,0.0,2006,24,76,134,0.9881773399014778,0.9634966378482228,0.9756809338521399,0.8974008207934336,0.1518987341772152,0.0007401924500370096,1.0,3
413,certificate,3,42.0,1.0,0.96,6.0,0.0,0.0,1676,107,19,438,0.9399887829500841,0.9887905604719764,0.9637722829212192,0.9682274247491639,0.1963302752293578,0.0,1.0,9
414,certificate,3,42.0,1.0,0.96,6.0,0.0,0.0,2077,3,56,104,0.9985576923076923,0.9737458977965308,0.9859957275100879,0.9262187088274044,0.028037383177570093,0.0,1.0,2
415,certificate,3,42.0,1.0,0.96,6.0,0.0,0.0,1986,37,44,173,0.9817103311913,0.9783251231527094,0.9800148038490006,0.9338345864661655,0.1761904761904762,0.0,1.0,4
416,certificate,3,42.0,1.0,0.96,6.0,0.0,0.0,1873,22,26,319,0.9883905013192612,0.9863085834649815,0.9873484449130205,0.9579967689822294,0.06451612903225806,0.0,1.0,5
417,certificate,3,42.0,1.0,0.96,6.0,0.0,0.0,2058,24,51,107,0.9884726224783862,0.9758179231863442,0.9821045096635648,0.93296853625171,0.183206106870229,0.001451378809869376,1.0,3
418,certificate,3,42.0,1.0,0.96,6.0,0.0,0.0,1963,25,27,225,0.9874245472837022,0.9864321608040201,0.9869281045751633,0.9631205673758865,0.1,0.0007782101167315176,1.0,5
419,certificate,3,42.0,1.0,0.96,6.0,0.0,0.0,1857,39,65,279,0.9794303797468354,0.9661810613943809,0.9727606076479831,0.8988941548183255,0.12264150943396226,0.0007757951900698216,1.0,5
420,certificate,3,42.0,1.0,0.96,6.0,0.0,0.0,1881,86,32,241,0.9562785968479919,0.9832723470987977,0.9695876288659794,0.957004160887656,0.26299694189602446,0.0008389261744966443,1.0,6
421,certificate,3,42.0,1.0,0.96,6.0,0.0,0.0,1937,55,83,165,0.9723895582329317,0.9589108910891089,0.9656031904287138,0.8867403314917127,0.25,0.0007716049382716049,1.0,3
422,certificate,3,42.0,1.0,0.96,6.0,0.0,0.0,1983,15,61,181,0.9924924924924925,0.9701565557729941,0.9811974270163285,0.9174560216508796,0.07653061224489796,0.0,1.0,3
423,certificate,3,42.0,1.0,0.96,6.0,0.0,0.0,1796,30,44,370,0.9835706462212487,0.9760869565217392,0.9798145117294054,0.9352941176470588,0.075,0.0,1.0,7
424,certificate,3,42.0,1.0,0.96,6.0,0.0,0.0,2045,21,50,124,0.989835430784124,0.9761336515513126,0.9829367940398942,0.9364864864864865,0.14482758620689656,0.002214022140221402,1.0,2
425,certificate,3,42.0,1.0,0.96,6.0,0.0,0.0,1949,50,30,211,0.9749874937468734,0.9848408287013644,0.9798893916540976,0.9598930481283422,0.19157088122605365,0.0,1.0,6
426,certificate,3,42.0,1.0,0.96,6.0,0.0,0.0,2011,61,75,93,0.9705598455598455,0.964046021093001,0.9672919672919673,0.9041994750656168,0.3961038961038961,0.0015105740181268882,1.0,3
427,certificate,3,42.0,1.0,0.96,6.0,0.0,0.0,1965,44,82,149,0.978098556495769,0.9599413776257938,0.9689349112426036,0.890520694259012,0.22797927461139897,0.0,1.0,2
428,certificate,3,42.0,1.0,0.96,6.0,0.0,0.0,1865,63,46,266,0.9673236514522822,0.9759288330716902,0.9716071893722324,0.9318181818181818,0.19148936170212766,0.0007993605115907274,1.0,7
429,certificate,3,42.0,1.0,0.96,6.0,0.0,0.0,2035,36,78,91,0.9826170931916949,0.9630856601987695,0.972753346080306,0.9052890528905289,0.28346456692913385,0.0007692307692307692,1.0,5
430,certificate,3,42.0,1.0,0.96,6.0,0.0,0.0,1899,12,56,273,0.9937205651491365,0.9713554987212276,0.9824107604759441,0.9203413940256046,0.042105263157894736,0.0,1.0,3
431,certificate,3,42.0,1.0,0.96,6.0,0.0,0.0,1838,45,143,214,0.9761019649495486,0.92781423523473,0.9513457556935818,0.7939481268011528,0.17374517374517376,0.0,1.0,4
432,certificate,3,42.0,1.0,0.96,6.0,0.0,0.0,1842,100,45,253,0.9485066941297632,0.9761526232114467,0.9621311047270827,0.9308176100628931,0.28328611898017,0.0007993605115907274,1.0,5
433,certificate,3,42.0,1.0,0.96,6.0,0.0,0.0,1998,48,23,171,0.9765395894428153,0.9886194952993568,0.982542414556184,0.970013037809648,0.2191780821917808,0.0,1.0,3
434,certificate,3,42.0,1.0,0.96,6.0,0.0,0.0,1995,27,51,167,0.9866468842729971,0.9750733137829912,0.9808259587020649,0.9299719887955182,0.13917525773195877,0.0007507507507507507,1.0,4
435,certificate,3,42.0,1.0,0.96,6.0,0.0,0.0,1803,41,103,293,0.9777657266811279,0.9459601259181531,0.9616,0.8661417322834646,0.12275449101796407,0.0008741258741258741,1.0,6
436,certificate,3,42.0,1.0,0.96,6.0,0.0,0.0,1723,49,39,429,0.9723476297968398,0.9778660612939841,0.9750990379173742,0.9389671361502347,0.10251046025104603,0.0,1.0,6
437,certificate,3,42.0,1.0,0.96,6.0,0.0,0.0,1963,59,61,157,0.9708209693372898,0.9698616600790514,0.9703410776075136,0.9142053445850914,0.27314814814814814,0.0,1.0,3
438,certificate,3,42.0,1.0,0.96,6.0,0.0,0.0,2133,3,54,50,0.9985955056179775,0.9753086419753086,0.9868147120055517,0.9313850063532402,0.05660377358490566,0.0,1.0,1
439,certificate,3,42.0,1.0,0.96,6.0,0.0,0.0,1743,76,49,372,0.9582188015393073,0.97265625,0.9653835502630849,0.9274447949526814,0.16964285714285715,0.0025906735751295338,1.0,8
440,certificate,3,42.0,1.0,0.96,6.0,0.0,0.0,1789,25,35,391,0.9862183020948181,0.9808114035087719,0.983507421660253,0.9487554904831625,0.06009615384615385,0.0,1.0,6
441,certificate,3,42.0,1.0,0.96,6.0,0.0,0.0,1976,17,44,203,0.9914701455092825,0.9782178217821782,0.984799401943683,0.9370529327610873,0.07727272727272727,0.0,1.0,4
442,certificate,3,42.0,1.0,0.96,6.0,0.0,0.0,1802,72,87,279,0.9615795090715048,0.9539438856537851,0.9577464788732394,0.8813793103448276,0.20512820512820512,0.000859106529209622,1.0,6
443,certificate,3,42.0,1.0,0.96,6.0,0.0,0.0,1883,60,38,259,0.9691199176531138,0.9802186361270172,0.9746376811594203,0.9443631039531479,0.18808777429467086,0.0,1.0,4
444,certificate,3,42.0,1.0,0.96,6.0,0.0,0.0,2000,26,99,115,0.9871668311944719,0.9528346831824679,0.9696969696969698,0.8843861740166865,0.18439716312056736,0.0015873015873015873,1.0,3
445,certificate,3,42.0,1.0,0.96,6.0,0.0,0.0,1890,28,19,303,0.9854014598540146,0.9900471451021478,0.9877188398223151,0.9728958630527818,0.08459214501510574,0.0,1.0,6
446,certificate,3,42.0,1.0,0.96,6.0,0.0,0.0,1920,20,32,268,0.9896907216494846,0.9836065573770492,0.986639260020555,0.9566395663956639,0.06944444444444445,0.0,1.0,4
447,certificate,3,42.0,1.0,0.96,6.0,0.0,0.0,1682,40,152,366,0.9767711962833914,0.9171210468920392,0.9460067491563554,0.7802037845705968,0.09852216748768473,0.0008718395815170009,1.0,6
448,certificate,3,42.0,1.0,0.96,6.0,0.0,0.0,2062,4,47,127,0.9980638915779284,0.9777145566619251,0.9877844311377246,0.9398976982097187,0.030534351145038167,0.0,1.0,2
449,certificate,3,42.0,1.0,0.96,6.0,0.0,0.0,1721,77,31,411,0.957174638487208,0.9823059360730594,0.9695774647887324,0.9511041009463722,0.15778688524590165,0.0,1.0,7
450,certificate,3,42.0,1.0,0.96,6.0,0.0,0.0,1596,99,59,486,0.9415929203539823,0.9643504531722055,0.9528358208955224,0.8987783595113438,0.16923076923076924,0.0009242144177449168,1.0,9
451,certificate,3,42.0,1.0,0.96,6.0,0.0,0.0,1999,10,24,207,0.9950223992035838,0.9881364310430054,0.9915674603174602,0.9669421487603306,0.04608294930875576,0.0,1.0,4
452,certificate,3,42.0,1.0,0.96,6.0,0.0,0.0,1989,48,116,87,0.9764359351988218,0.9448931116389548,0.9604056011588604,0.852437417654809,0.35555555555555557,0.0029717682020802376,1.0,4
453,certificate,3,42.0,1.0,0.96,6.0,0.0,0.0,1923,79,33,205,0.9605394605394605,0.9831288343558282,0.9717028802425467,0.9511111111111111,0.27816901408450706,0.0,1.0,4
454,certificate,3,42.0,1.0,0.96,6.0,0.0,0.0,1571,54,28,587,0.9667692307692307,0.9824890556597874,0.9745657568238213,0.953125,0.0842433697347894,0.0009775171065493646,1.0,9
455,certificate,3,42.0,1.0,0.96,6.0,0.0,0.0,1644,141,169,286,0.9210084033613445,0.906784335355764,0.9138410227904391,0.7557803468208093,0.33021077283372363,0.0,1.0,6
456,certificate,3,42.0,1.0,0.96,6.0,0.0,0.0,1782,62,94,302,0.9663774403470716,0.9498933901918977,0.9580645161290323,0.8522012578616353,0.17032967032967034,0.0,1.0,6
457,certificate,3,42.0,1.0,0.96,6.0,0.0,0.0,1558,96,124,462,0.9419588875453446,0.9262782401902497,0.9340527577937651,0.7878260869565218,0.17204301075268819,0.0018066847335140017,1.0,8
458,certificate,3,42.0,1.0,0.96,6.0,0.0,0.0,1555,91,47,547,0.9447144592952612,0.970661672908864,0.9575123152709359,0.9221854304635762,0.1426332288401254,0.0,1.0,10
459,certificate,3,42.0,1.0,0.96,6.0,0.0,0.0,1768,38,152,282,0.9789590254706534,0.9208333333333333,0.9490069779924852,0.7890295358649789,0.11875,0.0016542597187758478,1.0,7
460,certificate,3,42.0,1.0,0.96,6.0,0.0,0.0,1840,72,56,272,0.9623430962343096,0.9704641350210971,0.9663865546218486,0.9228650137741047,0.20930232558139536,0.0,1.0,5
461,certificate,3,42.0,1.0,0.96,6.0,0.0,0.0,1692,69,14,465,0.9608177172061328,0.9917936694021102,0.9760599942313238,0.9791666666666666,0.12921348314606743,0.0,1.0,7
462,certificate,3,42.0,1.0,0.96,6.0,0.0,0.0,2075,27,33,105,0.9871550903901046,0.9843453510436433,0.9857482185273159,0.9539106145251397,0.20454545454545456,0.0,1.0,3
463,certificate,3,42.0,1.0,0.96,6.0,0.0,0.0,1946,62,40,192,0.9691235059760956,0.9798590130916415,0.9744616925388082,0.945983379501385,0.2440944881889764,0.0007911392405063291,1.0,4
464,certificate,3,42.0,1.0,0.96,6.0,0.0,0.0,1740,123,70,307,0.9339774557165862,0.9613259668508287,0.9474543969507214,0.903271692745377,0.28604651162790695,0.0018066847335140017,1.0,7
465,certificate,3,42.0,1.0,0.96,6.0,0.0,0.0,1904,37,45,254,0.9809376609994848,0.9769112365315546,0.9789203084832905,0.9351585014409222,0.12714776632302405,0.0,1.0,5
466,certificate,3,42.0,1.0,0.96,6.0,0.0,0.0,2059,16,32,133,0.9922891566265061,0.9846963175514108,0.9884781565050409,0.9582772543741588,0.10738255033557047,0.000741839762611276,1.0,4
467,certificate,3,42.0,1.0,0.96,6.0,0.0,0.0,1901,85,90,164,0.9572004028197382,0.9547965846308388,0.9559969826502388,0.8810810810810811,0.3413654618473896,0.0015987210231814548,1.0,3
468,certificate,3,42.0,1.0,0.96,6.0,0.0,0.0,1685,84,44,427,0.9525155455059355,0.9745517640254482,0.9634076615208691,0.9296235679214403,0.1643835616438356,0.0008944543828264759,1.0,7
469,certificate,3,42.0,1.0,0.96,6.0,0.0,0.0,1632,68,149,391,0.96,0.9163391353172375,0.9376615914966964,0.7631160572337043,0.14814814814814814,0.0,1.0,7
470,certificate,3,42.0,1.0,0.96,6.0,0.0,0.0,1994,22,59,165,0.9890873015873016,0.9712615684364345,0.9800933890390761,0.9173789173789174,0.11764705882352941,0.0007401924500370096,1.0,2
471,certificate,3,42.0,1.0,0.96,6.0,0.0,0.0,1928,84,50,178,0.9582504970178927,0.974721941354904,0.9664160401002506,0.924357034795764,0.32061068702290074,0.0,1.0,6
472,certificate,3,42.0,1.0,0.96,6.0,0.0,0.0,2057,3,89,91,0.9985436893203884,0.9585274930102516,0.9781264859724204,0.8876117496807152,0.031914893617021274,0.0007336757153338225,0.9696969696969697,2
473,certificate,3,42.0,1.0,0.96,6.0,0.0,0.0,1927,6,148,159,0.9968960165545784,0.9286746987951807,0.9615768463073854,0.7989130434782609,0.03636363636363636,0.0,1.0,2
474,certificate,3,42.0,1.0,0.96,6.0,0.0,0.0,1924,107,48,161,0.947316592811423,0.9756592292089249,0.9612790407194605,0.9373333333333334,0.39925373134328357,0.0008183306055646482,1.0,5
475,certificate,3,42.0,1.0,0.96,6.0,0.0,0.0,1783,29,40,388,0.9839955849889624,0.9780581459133296,0.9810178817056395,0.9427753934191703,0.06954436450839328,0.0,1.0,6
476,certificate,3,42.0,1.0,0.96,6.0,0.0,0.0,1969,23,56,192,0.9884538152610441,0.9723456790123457,0.9803335822753297,0.920114122681883,0.10697674418604651,0.0,1.0,3
477,certificate,3,42.0,1.0,0.96,6.0,0.0,0.0,1873,40,30,297,0.9790904338734971,0.9842354177614293,0.9816561844863733,0.9578651685393258,0.11869436201780416,0.0,1.0,5
478,certificate,3,42.0,1.0,0.96,6.0,0.0,0.0,1973,20,55,192,0.9899648770697441,0.972879684418146,0.9813479234021388,0.922077922077922,0.09433962264150944,0.000749063670411985,1.0,3
479,certificate,3,42.0,1.0,0.96,6.0,0.0,0.0,2090,22,9,119,0.9895833333333334,0.9957122439256789,0.9926383281880788,0.9899569583931134,0.15602836879432624,0.0014265335235378032,1.0,2
480,certificate,3,42.0,1.0,0.96,6.0,0.0,0.0,2024,23,72,121,0.9887640449438202,0.9656488549618321,0.9770697562153029,0.9050131926121372,0.1597222222222222,0.0,1.0,3
481,certificate,3,42.0,1.0,0.96,10.0,0.0,0.0,1928,47,100,165,0.9762025316455696,0.9506903353057199,0.9632775418436172,0.85997171145686,0.22169811320754718,0.000757002271006813,1.0,6
482,certificate,3,42.0,1.0,0.96,10.0,0.0,0.0,2038,10,116,76,0.9951171875,0.9461467038068709,0.9700142789148024,0.8566131025957973,0.11627906976744186,0.0,1.0,3
483,certificate,3,42.0,1.0,0.96,10.0,0.0,0.0,1832,38,81,289,0.9796791443850268,0.9576581285938317,0.9685434840074016,0.8763358778625954,0.1162079510703364,0.0,1.0,6
484,certificate,3,42.0,1.0,0.96,10.0,0.0,0.0,1770,55,151,264,0.9698630136986301,0.9213951067152525,0.9450080085424454,0.7899860917941586,0.1724137931034483,0.0,1.0,4
485,certificate,3,42.0,1.0,0.96,10.0,0.0,0.0,1809,81,88,262,0.9571428571428572,0.9536109646810754,0.9553736466860312,0.8744588744588745,0.23615160349854228,0.0008305647840531562,1.0,6
486,certificate,3,42.0,1.0,0.96,10.0,0.0,0.0,1879,12,76,273,0.9936541512427287,0.9611253196930947,0.9771190847633905,0.8874074074074074,0.042105263157894736,0.0,1.0,5
487,certificate,3,42.0,1.0,0.96,10.0,0.0,0.0,1689,127,70,354,0.9300660792951542,0.9602046617396248,0.9448951048951049,0.8869143780290791,0.26403326403326405,0.0,1.0,7
488,certificate,3,42.0,1.0,0.96,10.0,0.0,0.0,1915,60,73,192,0.9696202531645569,0.9632796780684104,0.9664395659853646,0.9044414535666218,0.23809523809523808,0.001606425702811245,1.0,6
489,certificate,3,42.0,1.0,0.96,10.0,0.0,0.0,1861,17,88,274,0.9909478168264111,0.9548486403283736,0.9725633655604913,0.8815612382234186,0.058419243986254296,0.0,1.0,4
490,certificate,3,42.0,1.0,0.96,10.0,0.0,0.0,1826,45,18,351,0.9759486905398183,0.9902386117136659,0.9830417227456258,0.9721792890262752,0.11363636363636363,0.0,1.0,6
491,certificate,3,42.0,1.0,0.96,10.0,0.0,0.0,1674,93,48,425,0.9473684210526315,0.9721254355400697,0.9595872742906276,0.9223300970873787,0.17953667953667954,0.0,1.0,7
492,certificate,3,42.0,1.0,0.96,10.0,0.0,0.0,1918,54,54,214,0.9726166328600405,0.9726166328600405,0.9726166328600405,0.9212481426448736,0.20149253731343283,0.0007698229407236335,1.0,7
493,certificate,3,42.0,1.0,0.96,10.0,0.0,0.0,2014,17,20,189,0.9916297390448056,0.9901671583087512,0.9908979089790898,0.968944099378882,0.0825242718446602,0.0,1.0,3
494,certificate,3,42.0,1.0,0.96,10.0,0.0,0.0,1920,19,2,299,0.9902011346054668,0.9989594172736732,0.9945609945609946,0.9985250737463127,0.059748427672955975,0.0008038585209003215,1.0,6
495,certificate,3,42.0,1.0,0.96,10.0,0.0,0.0,1499,56,191,494,0.9639871382636656,0.8869822485207101,0.9238828967642526,0.7014218009478673,0.10181818181818182,0.001892147587511826,1.0,10
496,certificate,3,42.0,1.0,0.96,10.0,0.0,0.0,1527,82,40,591,0.9490366687383468,0.9744735162731334,0.9615869017632241,0.934453781512605,0.12184249628528974,0.00102880658436214,1.0,10
497,certificate,3,42.0,1.0,0.96,10.0,0.0,0.0,2027,33,41,139,0.9839805825242719,0.980174081237911,0.9820736434108527,0.9407514450867052,0.19186046511627908,0.0,1.0,6
498,certificate,3,42.0,1.0,0.96,10.0,0.0,0.0,1804,39,81,316,0.9788388497015735,0.9570291777188329,0.9678111587982833,0.8793893129770992,0.10985915492957747,0.0016260162601626016,0.9666666666666667,6
499,certificate,3,42.0,1.0,0.96,10.0,0.0,0.0,1958,46,52,184,0.9770459081836327,0.9741293532338309,0.9755854509217737,0.9284731774415406,0.2,0.0,1.0,3
500,certificate,3,42.0,1.0,0.96,10.0,0.0,0.0,2050,6,78,106,0.9970817120622568,0.9633458646616542,0.979923518164436,0.8906030855539971,0.05357142857142857,0.0,1.0,3
501,certificate,3,42.0,1.0,0.96,10.0,0.0,0.0,1761,34,91,354,0.981058495821727,0.9508639308855291,0.9657252536331231,0.8637724550898204,0.08762886597938144,0.0,1.0,7
502,certificate,3,42.0,1.0,0.96,10.0,0.0,0.0,1657,101,125,357,0.9425483503981797,0.9298540965207632,0.9361581920903955,0.81089258698941,0.2205240174672489,0.0,1.0,8
503,certificate,3,42.0,1.0,0.96,10.0,0.0,0.0,1645,71,42,482,0.9586247086247086,0.975103734439834,0.9667940052894505,0.9357798165137615,0.12839059674502712,0.0,1.0,7
504,certificate,3,42.0,1.0,0.96,10.0,0.0,0.0,1775,74,75,316,0.9599783666846944,0.9594594594594594,0.9597188429305217,0.8936170212765957,0.18974358974358974,0.0,1.0,7
505,certificate,3,42.0,1.0,0.96,10.0,0.0,0.0,1893,15,56,276,0.9921383647798742,0.9712673165726013,0.9815919108115115,0.9211678832116789,0.05154639175257732,0.0015822784810126582,1.0,5
506,certificate,3,42.0,1.0,0.96,10.0,0.0,0.0,1978,21,42,199,0.9894947473736868,0.9792079207920792,0.9843244588206022,0.9391691394658753,0.09545454545454546,0.0007429420505200594,1.0,4
507,certificate,3,42.0,1.0,0.96,10.0,0.0,0.0,1900,70,49,221,0.9644670050761421,0.9748589020010262,0.9696351109977036,0.9251170046801872,0.24054982817869416,0.0007645259938837921,1.0,5
508,certificate,3,42.0,1.0,0.96,10.0,0.0,0.0,2026,39,55,120,0.9811138014527845,0.9735703988467083,0.9773275446213217,0.9257142857142857,0.24528301886792453,0.002172338884866039,1.0,3
509,certificate,3,42.0,1.0,0.96,10.0,0.0,0.0,1874,43,34,289,0.9775691184141888,0.9821802935010482,0.9798692810457516,0.9503649635036496,0.12951807228915663,0.0,1.0,5
510,certificate,3,42.0,1.0,0.96,10.0,0.0,0.0,1776,72,113,279,0.961038961038961,0.9401799894123875,0.9504950495049506,0.8410689170182841,0.20512820512820512,0.0,1.0,5
511,certificate,3,42.0,1.0,0.96,10.0,0.0,0.0,1712,68,240,220,0.9617977528089887,0.8770491803278688,0.9174705251875669,0.6671289875173371,0.2361111111111111,0.0,1.0,5
512,certificate,3,42.0,1.0,0.96,10.0,0.0,0.0,1974,42,32,192,0.9791666666666666,0.9840478564307079,0.9816011934361014,0.9560283687943263,0.1794871794871795,0.0007686395080707148,1.0,6
513,certificate,3,42.0,1.0,0.96,10.0,0.0,0.0,1976,45,72,147,0.9777337951509154,0.96484375,0.9712460063897763,0.8992907801418439,0.234375,0.0007446016381236039,1.0,3
514,certificate,3,42.0,1.0,0.96,10.0,0.0,0.0,1952,29,121,138,0.9853609288238263,0.9416304872165943,0.9629995066600888,0.8408488063660478,0.17365269461077845,0.000758150113722517,1.0,3
515,certificate,3,42.0,1.0,0.96,10.0,0.0,0.0,1712,105,88,335,0.9422124380847551,0.9511111111111111,0.9466408625933094,0.861244019138756,0.23863636363636365,0.0008525149190110827,1.0,6
516,certificate,3,42.0,1.0,0.96,10.0,0.0,0.0,1887,69,38,246,0.9647239263803681,0.9802597402597403,0.9724297861375933,0.9432835820895522,0.21904761904761905,0.0,1.0,4
517,certificate,3,42.0,1.0,0.96,10.0,0.0,0.0,1985,26,35,194,0.9870711089010442,0.9826732673267327,0.9848672785909204,0.9502133712660028,0.11818181818181818,0.0,1.0,3
518,certificate,3,42.0,1.0,0.96,10.0,0.0,0.0,1625,98,50,467,0.943122460824144,0.9701492537313433,0.9564449676280167,0.9159663865546218,0.17345132743362832,0.0,1.0,7
519,certificate,3,42.0,1.0,0.96,10.0,0.0,0.0,1734,54,67,385,0.9697986577181208,0.9627984453081622,0.9662858735023684,0.896875,0.12300683371298406,0.0008613264427217916,1.0,6
520,certificate,3,42.0,1.0,0.96,10.0,0.0,0.0,2028,6,46,160,0.9970501474926253,0.9778206364513018,0.9873417721518987,0.9391891891891891,0.03614457831325301,0.0007496251874062968,1.0,3
521,certificate,3,42.0,1.0,0.96,10.0,0.0,0.0,1768,98,90,284,0.947481243301179,0.9515608180839612,0.949516648764769,0.8686131386861314,0.25654450261780104,0.0,1.0,6
522,certificate,3,42.0,1.0,0.96,10.0,0.0,0.0,2120,3,38,79,0.9985869053226566,0.9823911028730306,0.990422798411586,0.9506666666666667,0.036585365853658534,0.0007102272727272727,1.0,1
523,certificate,3,42.0,1.0,0.96,10.0,0.0,0.0,1900,32,46,262,0.9834368530020704,0.9763617677286742,0.9798865394533264,0.9381868131868132,0.10884353741496598,0.0008210180623973727,1.0,5
524,certificate,3,42.0,1.0,0.96,10.0,0.0,0.0,1718,133,31,358,0.9281469475958941,0.982275586049171,0.9544444444444444,0.9490131578947368,0.2708757637474542,0.0,1.0,6
525,certificate,3,42.0,1.0,0.96,10.0,0.0,0.0,1850,46,19,325,0.9757383966244726,0.9898341359015517,0.9827357237715804,0.9718543046357616,0.12398921832884097,0.0015810276679841897,1.0,7
526,certificate,3,42.0,1.0,0.96,10.0,0.0,0.0,1927,24,69,220,0.9876986160943106,0.9654308617234469,0.9764378008614137,0.9053497942386831,0.09836065573770492,0.0,1.0,4
527,certificate,3,42.0,1.0,0.96,10.0,0.0,0.0,1885,85,29,241,0.9568527918781726,0.9848484848484849,0.970648815653965,0.9613733905579399,0.2607361963190184,0.0016460905349794238,1.0,6
528,certificate,3,42.0,1.0,0.96,10.0,0.0,0.0,1882,66,206,86,0.9661190965092402,0.9013409961685823,0.9326065411298314,0.7412060301507538,0.4342105263157895,0.0,1.0,4
529,certificate,3,42.0,1.0,0.96,10.0,0.0,0.0,2086,3,103,48,0.9985639061752034,0.9529465509365007,0.9752220663861618,0.8664072632944229,0.058823529411764705,0.0,1.0,1
530,certificate,3,42.0,1.0,0.96,10.0,0.0,0.0,1849,82,65,244,0.9575349559813569,0.9660397074190178,0.9617685305591679,0.9072753209700428,0.25153374233128833,0.0,1.0,7
531,certificate,3,42.0,1.0,0.96,10.0,0.0,0.0,1886,54,60,240,0.9721649484536082,0.9691675231243576,0.970663921770458,0.9162011173184358,0.1836734693877551,0.0,1.0,5
532,certificate,3,42.0,1.0,0.96,10.0,0.0,0.0,2000,31,76,133,0.9847365829640571,0.9633911368015414,0.9739469198928657,0.8980446927374302,0.18902439024390244,0.0022058823529411764,1.0,3
533,certificate,3,42.0,1.0,0.96,10.0,0.0,0.0,1768,108,63,301,0.9424307036247335,0.965592572364828,0.9538710547612624,0.9053435114503817,0.26405867970660146,0.0008503401360544217,0.9696969696969697,10
534,certificate,3,42.0,1.0,0.96,10.0,0.0,0.0,1984,16,134,106,0.992,0.9367327667610954,0.9635745507527926,0.8286445012787724,0.13114754098360656,0.0,1.0,3
535,certificate,3,42.0,1.0,0.96,10.0,0.0,0.0,1723,54,88,375,0.9696117051209905,0.951408061844285,0.9604236343366778,0.8735119047619048,0.1258741258741259,0.0026338893766461808,0.9705882352941176,7
536,certificate,3,42.0,1.0,0.96,10.0,0.0,0.0,1831,77,44,288,0.959643605870021,0.9765333333333334,0.9680148030663495,0.933649289099526,0.21095890410958903,0.001610305958132045,0.9583333333333334,8
537,certificate,3,42.0,1.0,0.96,10.0,0.0,0.0,2138,32,32,38,0.9852534562211982,0.9852534562211982,0.9852534562211982,0.9595300261096605,0.45714285714285713,0.0007122507122507123,1.0,1
538,certificate,3,42.0,1.0,0.96,10.0,0.0,0.0,1926,15,46,253,0.9922720247295209,0.9766734279918864,0.9844109378993101,0.940026075619296,0.055970149253731345,0.0,1.0,5
539,certificate,3,42.0,1.0,0.96,10.0,0.0,0.0,1603,151,130,356,0.9139110604332953,0.9249855741488748,0.9194149698881561,0.8115942028985508,0.2978303747534517,0.0,1.0,6
540,certificate,3,42.0,1.0,0.96,10.0,0.0,0.0,1849,48,73,270,0.9746968898260411,0.9620187304890739,0.9683163131709871,0.8914373088685015,0.1509433962264151,0.0015772870662460567,1.0,5
541,certificate,3,42.0,1.0,0.96,10.0,0.0,0.0,2070,6,26,138,0.9971098265895953,0.9875954198473282,0.9923298178331734,0.9620991253644315,0.041666666666666664,0.0,1.0,2
542,certificate,3,42.0,1.0,0.96,10.0,0.0,0.0,2126,6,57,51,0.9971857410881801,0.9738891433806688,0.9853997682502896,0.93125,0.10526315789473684,0.0014461315979754157,1.0,2
543,certificate,3,42.0,1.0,0.96,10.0,0.0,0.0,1700,58,119,363,0.9670079635949943,0.9345794392523364,0.9505171931786414,0.8167701863354038,0.1377672209026128,0.000851063829787234,1.0,5
544,certificate,3,42.0,1.0,0.96,10.0,0.0,0.0,1918,34,50,238,0.9825819672131147,0.9745934959349594,0.9785714285714285,0.9298737727910238,0.125,0.0,1.0,6
545,certificate,3,42.0,1.0,0.96,10.0,0.0,0.0,2103,6,58,73,0.9971550497866287,0.973160573808422,0.9850117096018736,0.9309927360774818,0.0759493670886076,0.000749063670411985,1.0,3
546,certificate,3,42.0,1.0,0.96,10.0,0.0,0.0,1909,72,25,234,0.9636547198384654,0.9870734229576008,0.9752234993614303,0.9634502923976608,0.23529411764705882,0.0,1.0,4
547,certificate,3,42.0,1.0,0.96,10.0,0.0,0.0,1825,93,53,269,0.9515119916579771,0.9717784877529286,0.9615384615384615,0.9216867469879518,0.2569060773480663,0.0008237232289950577,1.0,6
548,certificate,3,42.0,1.0,0.96,10.0,0.0,0.0,1922,65,78,175,0.9672873678912934,0.961,0.964133433659393,0.8945945945945946,0.2708333333333333,0.0,1.0,3
549,certificate,3,42.0,1.0,0.96,10.0,0.0,0.0,1863,53,40,284,0.9723382045929019,0.9789805570152391,0.9756480754124116,0.943884892086331,0.1572700296735905,0.0008278145695364238,1.0,5
550,certificate,3,42.0,1.0,0.96,10.0,0.0,0.0,1964,41,53,182,0.9795511221945137,0.9737233515121467,0.976628543013426,0.930327868852459,0.18385650224215247,0.0015564202334630351,1.0,6
551,certificate,3,42.0,1.0,0.96,10.0,0.0,0.0,1865,93,24,258,0.9525025536261491,0.9872948650079407,0.9695866909279959,0.9634146341463414,0.26495726495726496,0.0,1.0,5
552,certificate,3,42.0,1.0,0.96,10.0,0.0,0.0,1821,58,61,300,0.9691325172964342,0.9675876726886291,0.9683594788620047,0.9075757575757576,0.16201117318435754,0.0,1.0,5
553,certificate,3,42.0,1.0,0.96,10.0,0.0,0.0,2069,11,60,100,0.9947115384615385,0.9718177548144669,0.9831313851271086,0.9230769230769231,0.0990990990990991,0.0,1.0,4
554,certificate,3,42.0,1.0,0.96,10.0,0.0,0.0,1833,37,33,337,0.9802139037433155,0.9823151125401929,0.9812633832976445,0.9518072289156626,0.09893048128342247,0.0008319467554076539,1.0,8
555,certificate,3,42.0,1.0,0.96,10.0,0.0,0.0,1929,84,73,154,0.9582712369597616,0.9635364635364635,0.9608966376089664,0.8894009216589862,0.35294117647058826,0.0007401924500370096,1.0,3
556,certificate,3,42.0,1.0,0.96,10.0,0.0,0.0,1868,14,89,269,0.9925611052072264,0.9545222278998468,0.9731700963792654,0.8703976435935199,0.04946996466431095,0.000782472613458529,0.96875,6
557,certificate,3,42.0,1.0,0.96,10.0,0.0,0.0,1799,54,89,298,0.9708580679978414,0.9528601694915254,0.9617749264902432,0.8741159830268741,0.1534090909090909,0.0,1.0,5
558,certificate,3,42.0,1.0,0.96,10.0,0.0,0.0,1832,96,118,194,0.950207468879668,0.9394871794871795,0.9448169159360496,0.8397260273972603,0.3310344827586207,0.000819672131147541,1.0,7
559,certificate,3,42.0,1.0,0.96,10.0,0.0,0.0,1919,30,56,235,0.9846074910210364,0.9716455696202532,0.9780835881753313,0.9220963172804533,0.11320754716981132,0.0007880220646178094,1.0,5
560,certificate,3,42.0,1.0,0.96,10.0,0.0,0.0,1793,80,106,261,0.9572877736252002,0.9441811479726172,0.9506892895015906,0.8384146341463414,0.23460410557184752,0.0,1.0,6
561,certificate,3,42.0,1.0,0.96,10.0,0.0,0.0,1942,42,40,216,0.9788306451612904,0.9798183652875883,0.9793242561775088,0.946524064171123,0.16279069767441862,0.0,1.0,5
562,certificate,3,42.0,1.0,0.96,10.0,0.0,0.0,1725,31,72,412,0.9823462414578588,0.9599332220367279,0.9710104137348718,0.8961038961038961,0.06997742663656885,0.0,1.0,7
563,certificate,3,42.0,1.0,0.96,10.0,0.0,0.0,2014,9,43,174,0.995551161641127,0.9790957705396208,0.9872549019607842,0.9398280802292264,0.04918032786885246,0.0007358351729212656,1.0,4
564,certificate,3,42.0,1.0,0.96,10.0,0.0,0.0,1981,21,70,168,0.9895104895104895,0.9658703071672355,0.9775474956822107,0.9090909090909091,0.1111111111111111,0.0007739938080495357,1.0,3
565,certificate,3,42.0,1.0,0.96,10.0,0.0,0.0,1702,70,74,394,0.9604966139954854,0.9583333333333334,0.959413754227734,0.8956521739130435,0.15086206896551724,0.001841620626151013,1.0,7
566,certificate,3,42.0,1.0,0.96,10.0,0.0,0.0,1922,13,63,242,0.99328165374677,0.9682619647355164,0.9806122448979592,0.9089595375722543,0.050980392156862744,0.0,1.0,5
567,certificate,3,42.0,1.0,0.96,10.0,0.0,0.0,1942,74,60,164,0.9632936507936508,0.97002997002997,0.966650074664012,0.918732782369146,0.31092436974789917,0.0007836990595611285,1.0,4
568,certificate,3,42.0,1.0,0.96,10.0,0.0,0.0,2085,6,21,128,0.9971305595408895,0.99002849002849,0.9935668334524661,0.9703389830508474,0.04477611940298507,0.0,1.0,2
569,certificate,3,42.0,1.0,0.96,10.0,0.0,0.0,1980,50,15,195,0.9753694581280788,0.9924812030075187,0.9838509316770185,0.9787535410764873,0.20408163265306123,0.0,1.0,4
570,certificate,3,42.0,1.0,0.96,10.0,0.0,0.0,1889,35,63,253,0.9818087318087318,0.9677254098360656,0.9747162022703818,0.9194805194805195,0.12152777777777778,0.0008460236886632825,1.0,4
571,certificate,3,42.0,1.0,0.96,10.0,0.0,0.0,1614,89,17,520,0.9477392836171462,0.9895769466584917,0.9682063587282543,0.9679245283018868,0.14614121510673234,0.0,1.0,8
572,certificate,3,42.0,1.0,0.96,10.0,0.0,0.0,1964,88,46,142,0.9571150097465887,0.9771144278606965,0.967011324470704,0.9362606232294618,0.3826086956521739,0.0007668711656441718,1.0,5
573,certificate,3,42.0,1.0,0.96,10.0,0.0,0.0,1959,74,45,162,0.9636005902606984,0.9775449101796407,0.9705226653455536,0.928,0.3135593220338983,0.0,1.0,3
574,certificate,3,42.0,1.0,0.96,10.0,0.0,0.0,1497,104,80,559,0.9350405996252342,0.9492707672796449,0.9421019509125235,0.863013698630137,0.1568627450980392,0.0,1.0,11
575,certificate,3,42.0,1.0,0.96,10.0,0.0,0.0,1645,112,68,415,0.9362549800796812,0.9603035610040864,0.9481268011527377,0.8838028169014085,0.2125237191650854,0.0017467248908296944,1.0,8
576,certificate,3,42.0,1.0,0.96,10.0,0.0,0.0,1897,44,39,260,0.9773312725399279,0.9798553719008265,0.978591694609234,0.9449152542372882,0.14473684210526316,0.0,1.0,5
577,certificate,3,42.0,1.0,0.96,10.0,0.0,0.0,1905,95,46,194,0.9525,0.9764223475140953,0.9643128321943811,0.935251798561151,0.328719723183391,0.0007961783439490446,1.0,4
578,certificate,3,42.0,1.0,0.96,10.0,0.0,0.0,1901,52,94,193,0.9733742959549411,0.9528822055137844,0.9630192502532927,0.8613569321533924,0.21224489795918366,0.0,1.0,3
579,certificate,3,42.0,1.0,0.96,10.0,0.0,0.0,1716,33,59,432,0.9811320754716981,0.9667605633802817,0.9738933030646992,0.9090909090909091,0.07096774193548387,0.0017421602787456446,0.9615384615384616,7
580,certificate,3,42.0,1.0,0.96,10.0,0.0,0.0,1676,86,127,351,0.9511918274687855,0.9295618413754853,0.9402524544179524,0.8072837632776935,0.19679633867276888,0.0,1.0,7
581,certificate,3,42.0,1.0,0.96,10.0,0.0,0.0,1843,91,95,211,0.9529472595656671,0.9509803921568627,0.9519628099173554,0.8634361233480177,0.30132450331125826,0.0015910898965791568,1.0,6
582,certificate,3,42.0,1.0,0.96,10.0,0.0,0.0,1958,52,67,163,0.9741293532338309,0.9669135802469135,0.9705080545229243,0.912043301759134,0.24186046511627907,0.0015552099533437014,1.0,3
583,certificate,3,42.0,1.0,0.96,10.0,0.0,0.0,1944,29,60,207,0.9853015712113533,0.9700598802395209,0.9776213226049786,0.9151343705799151,0.1228813559322034,0.0,1.0,3
584,certificate,3,42.0,1.0,0.96,10.0,0.0,0.0,1942,53,30,215,0.9734335839598998,0.9847870182555781,0.9790773884547518,0.9565891472868217,0.19776119402985073,0.0015071590052750565,1.0,5
585,certificate,3,42.0,1.0,0.96,10.0,0.0,0.0,1884,67,38,251,0.9656586365966171,0.9802289281997919,0.9728892331525948,0.9445277361319341,0.21069182389937108,0.0007968127490039841,1.0,5
586,certificate,3,42.0,1.0,0.96,10.0,0.0,0.0,1935,24,87,194,0.9877488514548239,0.956973293768546,0.9721175584024115,0.8804945054945055,0.11009174311926606,0.0,1.0,3
587,certificate,3,42.0,1.0,0.96,10.0,0.0,0.0,1505,44,138,553,0.9715945771465462,0.9160073037127207,0.9429824561403509,0.7741407528641571,0.07370184254606366,0.0,1.0,8
588,certificate,3,42.0,1.0,0.96,10.0,0.0,0.0,1994,13,43,190,0.9935226706527155,0.9788905252822778,0.9861523244312562,0.9383954154727794,0.06403940886699508,0.0,1.0,3
589,certificate,3,42.0,1.0,0.96,10.0,0.0,0.0,1907,29,83,221,0.9850206611570248,0.9582914572864322,0.9714722363728987,0.8828571428571429,0.116,0.0007751937984496124,0.9714285714285714,6
590,certificate,3,42.0,1.0,0.96,10.0,0.0,0.0,1972,16,65,187,0.9919517102615694,0.9680903289150712,0.9798757763975154,0.9110807113543091,0.07881773399014778,0.0,1.0,3
591,certificate,3,42.0,1.0,0.96,10.0,0.0,0.0,1928,31,78,203,0.9841755997958141,0.9611166500498505,0.9725094577553594,0.8985695708712613,0.13247863247863248,0.0,1.0,4
592,certificate,3,42.0,1.0,0.96,10.0,0.0,0.0,1832,30,97,281,0.9838882921589689,0.9497148781752203,0.9664996043260353,0.8558692421991084,0.09646302250803858,0.0,1.0,6
593,certificate,3,42.0,1.0,0.96,10.0,0.0,0.0,1774,52,117,297,0.9715224534501643,0.938127974616605,0.9545332257196665,0.8145800316957211,0.1489971346704871,0.0,1.0,6
594,certificate,3,42.0,1.0,0.96,10.0,0.0,0.0,2017,20,51,152,0.9901816396661758,0.9753384912959381,0.9827040194884288,0.9355670103092784,0.11627906976744186,0.0007739938080495357,1.0,4
595,certificate,3,42.0,1.0,0.96,10.0,0.0,0.0,1750,67,40,383,0.9631260319207485,0.9776536312849162,0.9703354588300528,0.9387442572741195,0.14888888888888888,0.0,1.0,7
596,certificate,3,42.0,1.0,0.96,10.0,0.0,0.0,1756,50,53,381,0.9723145071982281,0.970702045328911,0.9715076071922545,0.9165329052969502,0.11600928074245939,0.0008431703204047217,1.0,8
597,certificate,3,42.0,1.0,0.96,10.0,0.0,0.0,1983,59,46,152,0.9711067580803134,0.9773287333661902,0.974207811348563,0.9343065693430657,0.2796208530805687,0.000744047619047619,1.0,4
598,certificate,3,42.0,1.0,0.96,10.0,0.0,0.0,1980,24,56,180,0.9880239520958084,0.9724950884086444,0.9801980198019803,0.926509186351706,0.11764705882352941,0.0,1.0,3
599,certificate,3,42.0,1.0,0.96,10.0,0.0,0.0,1549,55,53,583,0.96571072319202,0.966916354556804,0.9663131628197131,0.9126050420168067,0.08620689655172414,0.0009930486593843098,1.0,9
600,certificate,3,42.0,1.0,0.96,10.0,0.0,0.0,1797,15,84,344,0.9917218543046358,0.9553429027113237,0.9731925264012998,0.8801169590643275,0.04178272980501393,0.001670843776106934,1.0,6
601,certificate,3,42.0,1.0,0.96,16.0,0.0,0.0,1908,83,38,211,0.958312405826218,0.9804727646454265,0.969265938531877,0.9500674763832658,0.282312925170068,0.0008298755186721991,1.0,7
602,certificate,3,42.0,1.0,0.96,16.0,0.0,0.0,1856,37,54,293,0.9804543053354464,0.9717277486910995,0.9760715224822508,0.9240506329113924,0.11212121212121212,0.0,1.0,5
603,certificate,3,42.0,1.0,0.96,16.0,0.0,0.0,1961,68,66,145,0.9664859536717595,0.9674395658608781,0.9669625246548322,0.9094766619519095,0.3192488262910798,0.0015151515151515152,0.9736842105263158,6
604,certificate,3,42.0,1.0,0.96,16.0,0.0,0.0,2102,21,51,66,0.9901083372585964,0.9763121226196005,0.9831618334892424,0.9370277078085643,0.2413793103448276,0.0007358351729212656,0.972972972972973,4
605,certificate,3,42.0,1.0,0.96,16.0,0.0,0.0,1902,77,110,151,0.9610914603335018,0.9453280318091452,0.9531445752944124,0.8496551724137931,0.33771929824561403,0.000777000777000777,1.0,7
606,certificate,3,42.0,1.0,0.96,16.0,0.0,0.0,2003,57,39,141,0.9723300970873786,0.9809010773751224,0.9765967820575329,0.9433962264150944,0.2878787878787879,0.0,1.0,3
607,certificate,3,42.0,1.0,0.96,16.0,0.0,0.0,1915,33,97,195,0.9830595482546202,0.9517892644135189,0.9671717171717171,0.8708388814913449,0.14473684210526316,0.0,1.0,10
608,certificate,3,42.0,1.0,0.96,16.0,0.0,0.0,1824,50,167,199,0.9733191035218783,0.9161225514816675,0.9438551099611903,0.7634560906515581,0.20080321285140562,0.0,1.0,4
609,certificate,3,42.0,1.0,0.96,16.0,0.0,0.0,1902,45,59,234,0.9768875192604006,0.969913309535951,0.9733879222108496,0.9116766467065869,0.16129032258064516,0.0,1.0,5
610,certificate,3,42.0,1.0,0.96,16.0,0.0,0.0,1853,76,114,197,0.9606013478486263,0.942043721403152,0.9512320328542094,0.8394366197183099,0.2783882783882784,0.0,1.0,4
611,certificate,3,42.0,1.0,0.96,16.0,0.0,0.0,1929,59,77,175,0.9703219315895373,0.9616151545363908,0.9659489233850775,0.8931623931623932,0.25213675213675213,0.0015337423312883436,1.0,6
612,certificate,3,42.0,1.0,0.96,16.0,0.0,0.0,1839,15,156,230,0.9919093851132686,0.9218045112781955,0.9555728760717069,0.7842323651452282,0.061224489795918366,0.0,1.0,9
613,certificate,3,42.0,1.0,0.96,16.0,0.0,0.0,1739,33,58,410,0.9813769751693002,0.9677239844184753,0.9745026618100309,0.9074960127591707,0.0744920993227991,0.0,1.0,7
614,certificate,3,42.0,1.0,0.96,16.0,0.0,0.0,2089,3,63,85,0.998565965583174,0.970724907063197,0.9844486333647502,0.9231722428748451,0.03409090909090909,0.0007434944237918215,0.9761904761904762,6
615,certificate,3,42.0,1.0,0.96,16.0,0.0,0.0,1809,131,83,217,0.9324742268041237,0.9561310782241015,0.9441544885177453,0.8775811209439528,0.3764367816091954,0.0,1.0,7
616,certificate,3,42.0,1.0,0.96,16.0,0.0,0.0,1878,47,23,292,0.9755844155844156,0.9879011046817464,0.9817041296393099,0.9661538461538461,0.13864306784660768,0.0007993605115907274,1.0,6
617,certificate,3,42.0,1.0,0.96,16.0,0.0,0.0,1817,177,80,166,0.9112337011033099,0.9578281497100686,0.9339501413518376,0.8736176935229067,0.5160349854227405,0.0,1.0,6
618,certificate,3,42.0,1.0,0.96,16.0,0.0,0.0,1975,36,86,143,0.982098458478369,0.9582726831635129,0.9700392927308448,0.8865153538050734,0.2011173184357542,0.0007621951219512195,1.0,5
619,certificate,3,42.0,1.0,0.96,16.0,0.0,0.0,1782,56,51,351,0.969532100108814,0.972176759410802,0.9708526287115228,0.9227129337539433,0.1375921375921376,0.0016680567139282735,0.96875,7
620,certificate,3,42.0,1.0,0.96,16.0,0.0,0.0,2048,28,41,123,0.9865125240847784,0.9803733843944471,0.9834333733493397,0.9522012578616352,0.18543046357615894,0.00231839258114374,1.0,4
621,certificate,3,42.0,1.0,0.96,16.0,0.0,0.0,1944,67,101,128,0.9666832421680756,0.9506112469437653,0.9585798816568047,0.8719898605830165,0.3435897435897436,0.0,1.0,9
622,certificate,3,42.0,1.0,0.96,16.0,0.0,0.0,1736,51,109,344,0.9714605484051483,0.9409214092140922,0.9559471365638768,0.8377976190476191,0.1291139240506329,0.0,1.0,6
623,certificate,3,42.0,1.0,0.96,16.0,0.0,0.0,1697,122,87,334,0.9329301814183617,0.9512331838565022,0.941992783791285,0.8621236133122029,0.2675438596491228,0.0,1.0,7
624,certificate,3,42.0,1.0,0.96,16.0,0.0,0.0,1983,48,47,162,0.9763663220088626,0.9768472906403941,0.976606747106624,0.9352617079889807,0.22857142857142856,0.0,1.0,6
625,certificate,3,42.0,1.0,0.96,16.0,0.0,0.0,1924,43,69,204,0.9781392984239959,0.9653788258906172,0.9717171717171718,0.8934169278996865,0.17408906882591094,0.0007380073800738007,1.0,9
626,certificate,3,42.0,1.0,0.96,16.0,0.0,0.0,1715,77,196,252,0.95703125,0.8974358974358975,0.9262759924385634,0.7138686131386861,0.23404255319148937,0.0,1.0,8
627,certificate,3,42.0,1.0,0.96,16.0,0.0,0.0,1923,76,102,139,0.9619809904952477,0.9496296296296296,0.955765407554672,0.8654353562005277,0.35348837209302325,0.0,1.0,7
628,certificate,3,42.0,1.0,0.96,16.0,0.0,0.0,1789,34,130,287,0.9813494240263302,0.9322563835330901,0.9561731694281134,0.8169014084507042,0.1059190031152648,0.0,1.0,6
629,certificate,3,42.0,1.0,0.96,16.0,0.0,0.0,1957,35,122,126,0.982429718875502,0.9413179413179413,0.9614345369688038,0.8390501319261213,0.21739130434782608,0.0,1.0,5
630,certificate,3,42.0,1.0,0.96,16.0,0.0,0.0,1627,175,107,331,0.9028856825749167,0.9382929642445214,0.9202488687782805,0.8262987012987013,0.3458498023715415,0.0,1.0,10
631,certificate,3,42.0,1.0,0.96,16.0,0.0,0.0,1805,55,97,283,0.9704301075268817,0.9490010515247108,0.9595959595959596,0.8539156626506024,0.16272189349112426,0.0,1.0,6
632,certificate,3,42.0,1.0,0.96,16.0,0.0,0.0,1926,41,163,110,0.9791560752414845,0.9219722355193872,0.9497041420118343,0.7936708860759494,0.271523178807947,0.0,1.0,4
633,certificate,3,42.0,1.0,0.96,16.0,0.0,0.0,1904,24,124,188,0.9875518672199171,0.9388560157790927,0.9625884732052579,0.8383705650459922,0.11320754716981132,0.0007892659826361484,1.0,8
634,certificate,3,42.0,1.0,0.96,16.0,0.0,0.0,1901,39,93,207,0.9798969072164948,0.9533600802407222,0.9664463650228774,0.8755129958960328,0.15853658536585366,0.001583531274742676,1.0,5
635,certificate,3,42.0,1.0,0.96,16.0,0.0,0.0,1853,57,68,262,0.9701570680628272,0.9646017699115044,0.96737144348734,0.9010339734121122,0.1786833855799373,0.0008038585209003215,1.0,7
636,certificate,3,42.0,1.0,0.96,16.0,0.0,0.0,1945,19,134,142,0.9903258655804481,0.9355459355459356,0.9621568142468464,0.8186738836265224,0.11801242236024845,0.0,1.0,3
637,certificate,3,42.0,1.0,0.96,16.0,0.0,0.0,1835,84,72,249,0.9562272016675352,0.9622443628736235,0.9592263460533194,0.8876582278481012,0.25225225225225223,0.000784313725490196,1.0,8
638,certificate,3,42.0,1.0,0.96,16.0,0.0,0.0,2096,6,25,113,0.9971455756422455,0.9882131070249882,0.9926592469808194,0.9672578444747613,0.05042016806722689,0.0007204610951008645,1.0,5
639,certificate,3,42.0,1.0,0.96,16.0,0.0,0.0,1974,47,63,156,0.9767441860465116,0.9690721649484536,0.9728930507639231,0.908695652173913,0.2315270935960591,0.0,1.0,6
640,certificate,3,42.0,1.0,0.96,16.0,0.0,0.0,1863,16,113,248,0.9914848323576371,0.9428137651821862,0.9665369649805448,0.8430555555555556,0.06060606060606061,0.0,1.0,9
641,certificate,3,42.0,1.0,0.96,16.0,0.0,0.0,1822,35,42,341,0.9811523963381799,0.9774678111587983,0.9793066380005376,0.9367469879518072,0.09308510638297872,0.0,1.0,7
642,certificate,3,42.0,1.0,0.96,16.0,0.0,0.0,1694,76,49,421,0.9570621468926553,0.9718875502008032,0.964417876458867,0.9318518518518518,0.1529175050301811,0.0028089887640449437,0.9545454545454546,10
643,certificate,3,42.0,1.0,0.96,16.0,0.0,0.0,2065,41,87,47,0.9805318138651472,0.9595724907063197,0.9699389384687647,0.8877005347593583,0.4659090909090909,0.002136752136752137,1.0,4
644,certificate,3,42.0,1.0,0.96,16.0,0.0,0.0,2011,6,65,158,0.9970252850768468,0.9686897880539499,0.9826533105301734,0.9185750636132316,0.036585365853658534,0.0007751937984496124,1.0,5
645,certificate,3,42.0,1.0,0.96,16.0,0.0,0.0,1923,26,63,228,0.986659825551565,0.9682779456193353,0.9773824650571792,0.909221902017291,0.10236220472440945,0.0,1.0,6
646,certificate,3,42.0,1.0,0.96,16.0,0.0,0.0,2000,32,29,179,0.984251968503937,0.9857072449482503,0.9849790691947797,0.9579710144927536,0.15165876777251186,0.0,1.0,5
647,certificate,3,42.0,1.0,0.96,16.0,0.0,0.0,1782,79,67,312,0.9575497044599678,0.9637641968631693,0.9606469002695418,0.9030390738060782,0.2020460358056266,0.0,1.0,10
648,certificate,3,42.0,1.0,0.96,16.0,0.0,0.0,2008,9,62,161,0.9955379276152702,0.970048309178744,0.9826278443846341,0.9118065433854907,0.052941176470588235,0.0,1.0,4
649,certificate,3,42.0,1.0,0.96,16.0,0.0,0.0,1821,54,84,281,0.9712,0.9559055118110236,0.9634920634920635,0.8730650154798761,0.16119402985074627,0.0015885623510722795,1.0,5
650,certificate,3,42.0,1.0,0.96,16.0,0.0,0.0,1913,118,39,170,0.9419005416051206,0.9800204918032787,0.960582475520964,0.9425981873111783,0.4097222222222222,0.0007751937984496124,1.0,8
651,certificate,3,42.0,1.0,0.96,16.0,0.0,0.0,2055,6,97,82,0.9970887918486172,0.9549256505576208,0.9755518632803228,0.8741808650065531,0.06818181818181818,0.0007199424046076314,1.0,2
652,certificate,3,42.0,1.0,0.96,16.0,0.0,0.0,1699,56,67,418,0.9680911680911681,0.9620611551528879,0.9650667424027266,0.9016152716593245,0.11814345991561181,0.0,1.0,11
653,certificate,3,42.0,1.0,0.96,16.0,0.0,0.0,1875,53,127,185,0.9725103734439834,0.9365634365634365,0.9541984732824428,0.8160583941605839,0.22268907563025211,0.0007593014426727411,1.0,6
654,certificate,3,42.0,1.0,0.96,16.0,0.0,0.0,1940,74,67,159,0.9632571996027806,0.966616841056303,0.9649340959960209,0.9029411764705882,0.31759656652360513,0.0007535795026375283,1.0,6
655,certificate,3,42.0,1.0,0.96,16.0,0.0,0.0,1789,74,107,270,0.9602791196994096,0.9435654008438819,0.9518488959829742,0.8407738095238095,0.21511627906976744,0.0,1.0,7
656,certificate,3,42.0,1.0,0.96,16.0,0.0,0.0,1972,24,68,176,0.9879759519038076,0.9666666666666667,0.9772051536174431,0.9092122830440588,0.12,0.0,1.0,4
657,certificate,3,42.0,1.0,0.96,16.0,0.0,0.0,2068,46,57,69,0.978240302743614,0.9731764705882353,0.9757018164661476,0.9261213720316622,0.4,0.000731528895391368,1.0,6
658,certificate,3,42.0,1.0,0.96,16.0,0.0,0.0,1541,87,102,510,0.9465601965601965,0.9379184418746196,0.942219504738612,0.8204225352112676,0.1457286432160804,0.0,1.0,10
659,certificate,3,42.0,1.0,0.96,16.0,0.0,0.0,1894,63,148,135,0.9678078691875319,0.9275220372184133,0.9472368092023006,0.8098404255319149,0.3181818181818182,0.003875968992248062,1.0,5
660,certificate,3,42.0,1.0,0.96,16.0,0.0,0.0,2014,25,63,138,0.9877390877881315,0.9696677900818488,0.9786200194363459,0.9201030927835051,0.15337423312883436,0.0007686395080707148,1.0,4
661,certificate,3,42.0,1.0,0.96,16.0,0.0,0.0,1611,72,49,508,0.9572192513368984,0.9704819277108434,0.9638049655997608,0.9177852348993288,0.12413793103448276,0.0,1.0,8
662,certificate,3,42.0,1.0,0.96,16.0,0.0,0.0,2140,8,24,68,0.9962756052141527,0.988909426987061,0.9925788497217068,0.9712574850299401,0.10526315789473684,0.0,1.0,2
663,certificate,3,42.0,1.0,0.96,16.0,0.0,0.0,1874,38,109,219,0.9801255230125523,0.9450327786182552,0.9622593068035943,0.8427128427128427,0.14785992217898833,0.0,1.0,8
664,certificate,3,42.0,1.0,0.96,16.0,0.0,0.0,1862,48,64,266,0.974869109947644,0.9667705088265836,0.9708029197080292,0.9026275115919629,0.15286624203821655,0.0007818608287724785,1.0,4
665,certificate,3,42.0,1.0,0.96,16.0,0.0,0.0,2040,35,89,76,0.983132530120482,0.9581963363081258,0.9705042816365366,0.8794520547945206,0.3153153153153153,0.0007147962830593281,1.0,5
666,certificate,3,42.0,1.0,0.96,16.0,0.0,0.0,1903,27,120,190,0.9860103626943005,0.9406821552150272,0.9628130533771819,0.8371777476255088,0.12442396313364056,0.0,1.0,6
667,certificate,3,42.0,1.0,0.96,16.0,0.0,0.0,2047,6,83,104,0.9970774476376035,0.9610328638497653,0.9787234042553191,0.8952020202020202,0.05454545454545454,0.0,1.0,5
668,certificate,3,42.0,1.0,0.96,16.0,0.0,0.0,2007,36,111,86,0.9823788546255506,0.9475920679886686,0.9646719538572459,0.8630653266331658,0.29508196721311475,0.0015128593040847202,0.9655172413793104,10
669,certificate,3,42.0,1.0,0.96,16.0,0.0,0.0,2088,29,69,54,0.9863013698630136,0.9680111265646731,0.9770706598034627,0.9088397790055248,0.3493975903614458,0.00209351011863224,1.0,3
670,certificate,3,42.0,1.0,0.96,16.0,0.0,0.0,2039,6,93,102,0.9970660146699266,0.9563789868667918,0.9762987790280105,0.8768211920529801,0.05555555555555555,0.0,1.0,4
671,certificate,3,42.0,1.0,0.96,16.0,0.0,0.0,1990,21,80,149,0.989557434112382,0.961352657004831,0.9752511639304093,0.8908839779005525,0.12352941176470589,0.0007429420505200594,1.0,4
672,certificate,3,42.0,1.0,0.96,16.0,0.0,0.0,1766,60,109,305,0.9671412924424972,0.9418666666666666,0.9543366657660091,0.8402366863905325,0.1643835616438356,0.0008340283569641367,1.0,10
673,certificate,3,42.0,1.0,0.96,16.0,0.0,0.0,1856,17,116,251,0.990923651895355,0.9411764705882353,0.965409622886866,0.8382559774964838,0.06343283582089553,0.0007930214115781126,1.0,7
674,certificate,3,42.0,1.0,0.96,16.0,0.0,0.0,2048,31,60,101,0.9850889850889851,0.9715370018975332,0.9782660616192979,0.9150141643059491,0.23484848484848486,0.0,1.0,3
675,certificate,3,42.0,1.0,0.96,16.0,0.0,0.0,1746,12,185,297,0.9931740614334471,0.9041947177628172,0.9465979940363243,0.7242921013412816,0.038834951456310676,0.0,1.0,6
676,certificate,3,42.0,1.0,0.96,16.0,0.0,0.0,1758,152,71,259,0.9204188481675393,0.9611809732094041,0.9403583845948115,0.89900426742532,0.36982968369829683,0.0,1.0,9
677,certificate,3,42.0,1.0,0.96,16.0,0.0,0.0,1784,62,97,297,0.9664138678223185,0.9484316852737905,0.95733834182989,0.8518518518518519,0.17270194986072424,0.0008110300081103001,1.0,11
678,certificate,3,42.0,1.0,0.96,16.0,0.0,0.0,1836,79,73,252,0.9587467362924282,0.961760083813515,0.9602510460251046,0.8835725677830941,0.23867069486404835,0.0,1.0,6
679,certificate,3,42.0,1.0,0.96,16.0,0.0,0.0,2108,6,50,76,0.9971617786187322,0.9768303985171455,0.9868913857677902,0.9336870026525199,0.07317073170731707,0.0,1.0,2
680,certificate,3,42.0,1.0,0.96,16.0,0.0,0.0,1734,49,191,266,0.9725182277061133,0.9007792207792208,0.9352750809061487,0.7476635514018691,0.15555555555555556,0.0017006802721088435,1.0,9
681,certificate,3,42.0,1.0,0.96,16.0,0.0,0.0,2042,24,69,105,0.9883833494675702,0.9673140691615348,0.9777352166626766,0.903899721448468,0.18604651162790697,0.0,1.0,3
682,certificate,3,42.0,1.0,0.96,16.0,0.0,0.0,1805,57,92,286,0.9693877551020408,0.9515023721665788,0.9603617983506252,0.8617021276595744,0.1661807580174927,0.0008071025020177562,0.9642857142857143,10
683,certificate,3,42.0,1.0,0.96,16.0,0.0,0.0,2042,6,81,111,0.9970703125,0.9618464437117287,0.9791416926396548,0.89453125,0.05128205128205128,0.0,1.0,5
684,certificate,3,42.0,1.0,0.96,16.0,0.0,0.0,1758,38,110,334,0.9788418708240535,0.9411134903640257,0.9596069868995633,0.8445078459343794,0.10215053763440861,0.000856898029134533,0.9583333333333334,7
685,certificate,3,42.0,1.0,0.96,16.0,0.0,0.0,1882,41,103,214,0.9786791471658867,0.9481108312342569,0.963152507676561,0.864,0.1607843137254902,0.0008097165991902834,1.0,7
686,certificate,3,42.0,1.0,0.96,16.0,0.0,0.0,1714,87,46,393,0.9516935036091061,0.9738636363636364,0.9626509407469812,0.9289099526066351,0.18125,0.0008873114463176575,1.0,8
687,certificate,3,42.0,1.0,0.96,16.0,0.0,0.0,1933,22,45,240,0.9887468030690537,0.9772497472194136,0.9829646580218663,0.9349112426035503,0.08396946564885496,0.0007680491551459293,1.0,6
688,certificate,3,42.0,1.0,0.96,16.0,0.0,0.0,1860,27,107,246,0.985691573926868,0.945602440264362,0.9652309289050338,0.8449275362318841,0.0989010989010989,0.0,1.0,7
689,certificate,3,42.0,1.0,0.96,16.0,0.0,0.0,1993,17,166,64,0.9915422885572139,0.9231125521074571,0.9561045814343967,0.7824377457404981,0.20987654320987653,0.0,1.0,5
690,certificate,3,42.0,1.0,0.96,16.0,0.0,0.0,1961,43,61,175,0.9785429141716567,0.9698318496538081,0.974167908594138,0.9192462987886945,0.19724770642201836,0.0007818608287724785,1.0,5
691,certificate,3,42.0,1.0,0.96,16.0,0.0,0.0,2053,16,80,91,0.9922667955534075,0.9624941397093296,0.9771537363160401,0.8902606310013718,0.14953271028037382,0.0,1.0,6
692,certificate,3,42.0,1.0,0.96,16.0,0.0,0.0,1848,7,137,248,0.9962264150943396,0.9309823677581864,0.9625,0.8193891102257637,0.027450980392156862,0.0008116883116883117,1.0,5
693,certificate,3,42.0,1.0,0.96,16.0,0.0,0.0,2008,40,65,127,0.98046875,0.9686444766039556,0.9745207473914098,0.9112676056338028,0.23952095808383234,0.001467351430667645,1.0,5
694,certificate,3,42.0,1.0,0.96,16.0,0.0,0.0,1716,96,121,307,0.9470198675496688,0.9341317365269461,0.9405316525075362,0.8161094224924013,0.23821339950372208,0.0,1.0,7
695,certificate,3,42.0,1.0,0.96,16.0,0.0,0.0,1852,45,46,297,0.9762783342119136,0.9757639620653319,0.9760210803689064,0.9292307692307692,0.13157894736842105,0.0,1.0,7
696,certificate,3,42.0,1.0,0.96,16.0,0.0,0.0,1804,77,72,287,0.9590643274853801,0.9616204690831557,0.9603406973649189,0.8984485190409027,0.21153846153846154,0.0,1.0,8
697,certificate,3,42.0,1.0,0.96,16.0,0.0,0.0,1887,79,30,244,0.9598168870803663,0.9843505477308294,0.9719289209374196,0.9533437013996889,0.24458204334365324,0.0,1.0,5
698,certificate,3,42.0,1.0,0.96,16.0,0.0,0.0,1910,44,52,234,0.977482088024565,0.9734964322120285,0.9754851889683351,0.9251798561151079,0.15827338129496402,0.0,1.0,6
699,certificate,3,42.0,1.0,0.96,16.0,0.0,0.0,1605,47,70,518,0.9715496368038741,0.9582089552238806,0.9648331830477909,0.8928,0.0831858407079646,0.002857142857142857,0.92,11
700,certificate,3,42.0,1.0,0.96,16.0,0.0,0.0,1778,52,75,335,0.9715846994535519,0.9595250944414463,0.9655172413793104,0.8914616497829233,0.1343669250645995,0.0,1.0,8
701,certificate,3,42.0,1.0,0.96,16.0,0.0,0.0,1625,75,92,448,0.9558823529411765,0.9464181712288876,0.9511267193444543,0.8438030560271647,0.14340344168260039,0.0,1.0,7
702,certificate,3,42.0,1.0,0.96,16.0,0.0,0.0,1803,52,79,306,0.9719676549865229,0.9580233793836345,0.964945143162965,0.881203007518797,0.1452513966480447,0.0,1.0,7
703,certificate,3,42.0,1.0,0.96,16.0,0.0,0.0,1820,36,185,199,0.9806034482758621,0.9077306733167082,0.9427609427609428,0.7451790633608816,0.15319148936170213,0.0,1.0,6
704,certificate,3,42.0,1.0,0.96,16.0,0.0,0.0,1924,43,23,250,0.9781392984239959,0.9881869542886492,0.9831374552887072,0.9692101740294511,0.14675767918088736,0.0,1.0,6
705,certificate,3,42.0,1.0,0.96,16.0,0.0,0.0,1838,56,52,294,0.9704329461457233,0.9724867724867725,0.9714587737843552,0.9228486646884273,0.16,0.0,1.0,6
706,certificate,3,42.0,1.0,0.96,16.0,0.0,0.0,1920,59,54,207,0.9701869631126832,0.9726443768996961,0.9714141158613712,0.9210134128166915,0.22180451127819548,0.0007674597083653108,1.0,7
707,certificate,3,42.0,1.0,0.96,16.0,0.0,0.0,1861,52,109,218,0.9728175640355463,0.9446700507614213,0.9585372134947207,0.864321608040201,0.1925925925925926,0.0008517887563884157,1.0,8
708,certificate,3,42.0,1.0,0.96,16.0,0.0,0.0,1674,150,103,313,0.9177631578947368,0.9420371412492966,0.9297417384059983,0.8286189683860233,0.32397408207343414,0.0,1.0,8
709,certificate,3,42.0,1.0,0.96,16.0,0.0,0.0,1789,106,71,274,0.9440633245382586,0.9618279569892473,0.9528628495339548,0.8911042944785276,0.2789473684210526,0.0,1.0,6
710,certificate,3,42.0,1.0,0.96,16.0,0.0,0.0,1885,137,85,133,0.9322453016815034,0.9568527918781726,0.9443887775551102,0.8711180124223602,0.5074074074074074,0.0015082956259426848,0.9696969696969697,6
711,certificate,3,42.0,1.0,0.96,16.0,0.0,0.0,1927,37,60,216,0.9811608961303462,0.9698037242073477,0.9754492533535813,0.9232839838492598,0.14624505928853754,0.002411575562700965,0.9666666666666667,8
712,certificate,3,42.0,1.0,0.96,16.0,0.0,0.0,1873,78,58,231,0.9600205023065095,0.969963749352667,0.9649665121071613,0.9184549356223176,0.2524271844660194,0.0008116883116883117,1.0,5
713,certificate,3,42.0,1.0,0.96,16.0,0.0,0.0,1748,48,176,268,0.9732739420935412,0.9085239085239085,0.9397849462365592,0.750354609929078,0.1518987341772152,0.0,1.0,7
714,certificate,3,42.0,1.0,0.96,16.0,0.0,0.0,1771,45,109,315,0.9752202643171806,0.9420212765957446,0.9583333333333333,0.8288854003139717,0.125,0.0,1.0,9
715,certificate,3,42.0,1.0,0.96,16.0,0.0,0.0,1730,113,105,292,0.9386869234943027,0.9427792915531336,0.9407286568787384,0.8335974643423137,0.27901234567901234,0.0,1.0,7
716,certificate,3,42.0,1.0,0.96,16.0,0.0,0.0,1770,77,75,318,0.9583107742284787,0.959349593495935,0.9588299024918743,0.880718954248366,0.1949367088607595,0.0016220600162206002,1.0,10
717,certificate,3,42.0,1.0,0.96,16.0,0.0,0.0,1791,29,144,276,0.984065934065934,0.9255813953488372,0.9539280958721704,0.7977369165487977,0.09508196721311475,0.0008143322475570033,1.0,6
718,certificate,3,42.0,1.0,0.96,16.0,0.0,0.0,1935,49,26,230,0.9753024193548387,0.9867414584395716,0.9809885931558935,0.9630723781388478,0.17562724014336917,0.000778816199376947,1.0,4
719,certificate,3,42.0,1.0,0.96,16.0,0.0,0.0,1760,89,48,343,0.9518658734451054,0.9734513274336283,0.9625375991249657,0.9260450160771704,0.20601851851851852,0.0016863406408094434,1.0,8
720,certificate,3,42.0,1.0,0.96,16.0,0.0,0.0,1898,25,69,248,0.9869994799791991,0.9649211997966446,0.9758354755784061,0.8992592592592593,0.09157509157509157,0.0007739938080495357,1.0,7
