episode,policy,ttl,width_deg,speed,detection_prob,certificate_noise,tp,fp,fn,tn,precision,recall,f1,occluded_keep_rate,stale_clear_absence_rate,clear_exists_missing_rate,occlusion_survival_rate,deletion_events
1,ttl_short,3,18.0,1.0,0.96,1.25,1921,6,216,97,0.9968863518422418,0.8989237248479176,0.9453740157480314,0.3949579831932773,0.05825242718446602,0.0,1.0,49
2,ttl_short,3,18.0,1.0,0.96,1.25,1746,9,253,232,0.9948717948717949,0.8734367183591796,0.9302077783697389,0.3085399449035813,0.03734439834024896,0.0012224938875305623,0.9722222222222222,40
3,ttl_short,3,18.0,1.0,0.96,1.25,1707,9,222,302,0.9947552447552448,0.8849144634525661,0.9366255144032922,0.3373493975903614,0.028938906752411574,0.0012523481527864746,0.9459459459459459,42
4,ttl_short,3,18.0,1.0,0.96,1.25,1597,18,184,441,0.9888544891640867,0.8966872543514879,0.9405182567726736,0.35335689045936397,0.0392156862745098,0.0006675567423230974,0.967741935483871,40
5,ttl_short,3,18.0,1.0,0.96,1.25,1702,6,188,344,0.9964871194379391,0.9005291005291005,0.9460811561978877,0.41379310344827586,0.017142857142857144,0.0006365372374283895,0.975609756097561,47
6,ttl_short,3,18.0,1.0,0.96,1.25,1657,15,239,329,0.9910287081339713,0.8739451476793249,0.928811659192825,0.32577903682719545,0.0436046511627907,0.0006480881399870382,0.9736842105263158,44
7,ttl_short,3,18.0,1.0,0.96,1.25,1548,20,206,466,0.9872448979591837,0.8825541619156214,0.9319686935580975,0.34824281150159747,0.0411522633744856,0.0013879250520471894,0.9411764705882353,44
8,ttl_short,3,18.0,1.0,0.96,1.25,1748,9,198,285,0.9948776323278316,0.8982528263103803,0.9440993788819876,0.4012345679012346,0.030612244897959183,0.002466091245376079,0.9047619047619048,47
9,ttl_short,3,18.0,1.0,0.96,1.25,1755,9,283,193,0.9948979591836735,0.8611383709519136,0.923198316675434,0.2741514360313316,0.04455445544554455,0.0030211480362537764,0.9117647058823529,38
10,ttl_short,3,18.0,1.0,0.96,1.25,1756,9,258,217,0.9949008498583569,0.871896722939424,0.9293463879333157,0.3479381443298969,0.03982300884955752,0.003075030750307503,0.9285714285714286,48
11,ttl_short,3,18.0,1.0,0.96,1.25,1552,24,180,484,0.9847715736040609,0.8960739030023095,0.9383313180169287,0.375,0.047244094488188976,0.0,1.0,44
12,ttl_short,3,18.0,1.0,0.96,1.25,1864,9,195,172,0.9951948745328351,0.9052938319572608,0.948118006103764,0.404320987654321,0.049723756906077346,0.0011527377521613833,0.9534883720930233,47
13,ttl_short,3,18.0,1.0,0.96,1.25,1573,21,246,400,0.9868255959849436,0.8647608576140736,0.9217697040726633,0.29714285714285715,0.0498812351543943,0.0,1.0,43
14,ttl_short,3,18.0,1.0,0.96,1.25,1828,11,244,157,0.9940184883088635,0.8822393822393823,0.9347992840705702,0.3460490463215259,0.06547619047619048,0.002346041055718475,0.975609756097561,46
15,ttl_short,3,18.0,1.0,0.96,1.25,1693,11,211,325,0.9935446009389671,0.8891806722689075,0.9384700665188469,0.3704819277108434,0.03273809523809524,0.001272264631043257,0.9473684210526315,45
16,ttl_short,3,18.0,1.0,0.96,1.25,1814,10,155,261,0.9945175438596491,0.9212798374809548,0.9564988136040072,0.458041958041958,0.03690036900369004,0.0,1.0,48
17,ttl_short,3,18.0,1.0,0.96,1.25,1832,12,222,174,0.9934924078091106,0.8919182083739046,0.9399692149820421,0.3480825958702065,0.06451612903225806,0.0005830903790087463,1.0,44
18,ttl_short,3,18.0,1.0,0.96,1.25,1933,6,219,82,0.9969056214543579,0.8982342007434945,0.9450012221950623,0.4088397790055249,0.06818181818181818,0.002793296089385475,0.9387755102040817,51
19,ttl_short,3,18.0,1.0,0.96,1.25,1898,3,239,100,0.9984218832193582,0.8881609733270941,0.9400693412580486,0.3803191489361702,0.02912621359223301,0.0034071550255536627,0.8913043478260869,49
20,ttl_short,3,18.0,1.0,0.96,1.25,1867,6,215,152,0.99679658302189,0.8967339097022095,0.9441213653603034,0.3826086956521739,0.0379746835443038,0.0011514104778353484,0.9523809523809523,46
21,ttl_short,3,18.0,1.0,0.96,1.25,1715,12,257,256,0.9930515344528084,0.8696754563894523,0.9272776426061099,0.32894736842105265,0.04477611940298507,0.001256281407035176,0.95,46
22,ttl_short,3,18.0,1.0,0.96,1.25,1764,9,256,211,0.9949238578680203,0.8732673267326733,0.9301344582124967,0.32180851063829785,0.04090909090909091,0.0006082725060827251,0.9743589743589743,43
23,ttl_short,3,18.0,1.0,0.96,1.25,1757,12,234,237,0.9932165065008479,0.8824711200401808,0.9345744680851064,0.3531073446327684,0.04819277108433735,0.0030543677458766036,0.9047619047619048,46
24,ttl_short,3,18.0,1.0,0.96,1.25,1771,9,209,251,0.994943820224719,0.8944444444444445,0.9420212765957447,0.38622754491017963,0.03461538461538462,0.002430133657351154,0.9285714285714286,46
25,ttl_short,3,18.0,1.0,0.96,1.25,1803,9,205,223,0.9950331125827815,0.8979083665338645,0.9439790575916231,0.40117994100294985,0.03879310344827586,0.0011983223487118035,0.9534883720930233,48
26,ttl_short,3,18.0,1.0,0.96,1.25,1755,10,164,311,0.9943342776203966,0.914538822303283,0.9527687296416938,0.43902439024390244,0.03115264797507788,0.001838235294117647,0.925,45
27,ttl_short,3,18.0,1.0,0.96,1.25,1779,9,192,260,0.9949664429530202,0.9025875190258752,0.9465283320031923,0.39747634069400634,0.03345724907063197,0.0006045949214026602,0.9743589743589743,45
28,ttl_short,3,18.0,1.0,0.96,1.25,1777,12,188,263,0.9932923420905534,0.9043256997455471,0.9467234949387321,0.3881578947368421,0.04363636363636364,0.0012040939193257074,0.9736842105263158,43
29,ttl_short,3,18.0,1.0,0.96,1.25,1608,18,190,424,0.988929889298893,0.8943270300333704,0.9392523364485982,0.37748344370860926,0.04072398190045249,0.001336898395721925,0.9459459459459459,45
30,ttl_short,3,18.0,1.0,0.96,1.25,1816,9,207,208,0.9950684931506849,0.897676717745922,0.9438669438669438,0.3867069486404834,0.041474654377880185,0.002364066193853428,0.925,44
31,ttl_short,3,18.0,1.0,0.96,1.25,1580,21,202,437,0.9868831980012492,0.8866442199775533,0.9340821755838015,0.32094594594594594,0.04585152838427948,0.0006729475100942127,0.967741935483871,39
32,ttl_short,3,18.0,1.0,0.96,1.25,1685,14,163,378,0.9917598587404356,0.9117965367965368,0.9500986749365661,0.425531914893617,0.03571428571428571,0.0006385696040868455,0.972972972972973,45
33,ttl_short,3,18.0,1.0,0.96,1.25,1722,15,251,252,0.9913644214162349,0.8727825646224024,0.928301886792453,0.28285714285714286,0.056179775280898875,0.0,1.0,38
34,ttl_short,3,18.0,1.0,0.96,1.25,1817,6,211,206,0.9967087218869994,0.895956607495069,0.9436509997403272,0.3716012084592145,0.02830188679245283,0.0017678255745433118,0.9473684210526315,42
35,ttl_short,3,18.0,1.0,0.96,1.25,1683,13,175,369,0.9923349056603774,0.9058127018299247,0.9471018570624649,0.4075342465753425,0.034031413612565446,0.001277139208173691,1.0,45
36,ttl_short,3,18.0,1.0,0.96,1.25,1597,18,187,438,0.9888544891640867,0.8951793721973094,0.9396881435716387,0.4096774193548387,0.039473684210526314,0.0027137042062415195,0.926829268292683,49
37,ttl_short,3,18.0,1.0,0.96,1.25,1863,9,215,153,0.9951923076923077,0.8965351299326275,0.9432911392405062,0.3884057971014493,0.05555555555555555,0.002308136180034622,0.9555555555555556,48
38,ttl_short,3,18.0,1.0,0.96,1.25,1596,21,151,472,0.987012987012987,0.9135661133371494,0.9488703923900119,0.4398496240601504,0.04259634888438134,0.0013504388926401081,0.9743589743589743,46
39,ttl_short,3,18.0,1.0,0.96,1.25,1687,15,254,284,0.9911868390129259,0.86913961875322,0.9261597584408454,0.324468085106383,0.05016722408026756,0.0,1.0,46
40,ttl_short,3,18.0,1.0,0.96,1.25,1572,21,193,454,0.9868173258003766,0.8906515580736544,0.936271590232281,0.3412969283276451,0.04421052631578947,0.0,1.0,40
41,ttl_short,3,18.0,1.0,0.96,1.25,1732,10,201,297,0.9942594718714122,0.8960165545783756,0.9425850340136055,0.38819875776397517,0.03257328990228013,0.002482929857231533,0.925,44
42,ttl_short,3,18.0,1.0,0.96,1.25,1705,15,258,262,0.9912790697674418,0.8685685175751401,0.925875644854738,0.31266846361185985,0.05415162454873646,0.0018844221105527637,0.9473684210526315,44
43,ttl_short,3,18.0,1.0,0.96,1.25,1544,18,178,500,0.9884763124199744,0.8966318234610917,0.9403166869671132,0.3767605633802817,0.03474903474903475,0.0006954102920723226,0.9696969696969697,42
44,ttl_short,3,18.0,1.0,0.96,1.25,1937,6,217,80,0.9969119917653114,0.8992571959145775,0.9455699292164998,0.3983050847457627,0.06976744186046512,0.0022222222222222222,0.9787234042553191,49
45,ttl_short,3,18.0,1.0,0.96,1.25,1925,3,258,54,0.9984439834024896,0.8818140174072377,0.9365117976161518,0.34782608695652173,0.05263157894736842,0.0016741071428571428,0.9534883720930233,46
46,ttl_short,3,18.0,1.0,0.96,1.25,1592,19,175,454,0.9882060831781502,0.9009620826259196,0.9425695677915926,0.3722627737226277,0.040169133192389,0.0020093770931011385,0.96875,40
47,ttl_short,3,18.0,1.0,0.96,1.25,1851,8,234,147,0.9956966110812264,0.8877697841726618,0.9386409736308317,0.3409090909090909,0.05161290322580645,0.001154068090017311,0.9473684210526315,43
48,ttl_short,3,18.0,1.0,0.96,1.25,1824,7,271,138,0.9961769524849808,0.8706443914081146,0.9291900152827306,0.3139240506329114,0.04827586206896552,0.0,1.0,44
49,ttl_short,3,18.0,1.0,0.96,1.25,1472,18,228,522,0.9879194630872483,0.8658823529411764,0.922884012539185,0.3058103975535168,0.03333333333333333,0.0007283321194464676,1.0,39
50,ttl_short,3,18.0,1.0,0.96,1.25,1815,12,217,196,0.993431855500821,0.8932086614173228,0.9406582016066339,0.3839541547277937,0.057692307692307696,0.0011883541295306002,0.9534883720930233,49
51,ttl_short,3,18.0,1.0,0.96,1.25,1750,15,256,219,0.9915014164305949,0.872382851445663,0.9281357730045081,0.3089430894308943,0.0641025641025641,0.0006108735491753207,0.972972972972973,43
52,ttl_short,3,18.0,1.0,0.96,1.25,1698,14,236,292,0.991822429906542,0.8779731127197518,0.9314317059791553,0.28307692307692306,0.0457516339869281,0.0018645121193287756,0.9354838709677419,36
53,ttl_short,3,18.0,1.0,0.96,1.25,1553,21,206,460,0.9866581956797967,0.8828880045480386,0.931893189318932,0.33114754098360655,0.04365904365904366,0.001375515818431912,0.96875,41
54,ttl_short,3,18.0,1.0,0.96,1.25,1676,14,230,320,0.991715976331361,0.8793284365162645,0.9321468298109011,0.3439306358381503,0.041916167664670656,0.0019230769230769232,0.9459459459459459,45
55,ttl_short,3,18.0,1.0,0.96,1.25,1959,3,181,97,0.9984709480122325,0.9154205607476635,0.9551438322769381,0.45645645645645644,0.03,0.0,1.0,52
56,ttl_short,3,18.0,1.0,0.96,1.25,1613,14,269,344,0.9913952059004303,0.8570669500531349,0.9193502422342548,0.28609625668449196,0.03910614525139665,0.001326259946949602,0.9354838709677419,41
57,ttl_short,3,18.0,1.0,0.96,1.25,1698,15,203,324,0.9912434325744308,0.8932140978432404,0.9396790260099612,0.35691318327974275,0.04424778761061947,0.0018867924528301887,0.972972972972973,43
58,ttl_short,3,18.0,1.0,0.96,1.25,1748,15,178,299,0.9914917753828701,0.9075804776739356,0.947682298725942,0.3972602739726027,0.04777070063694268,0.0012239902080783353,0.9722222222222222,43
59,ttl_short,3,18.0,1.0,0.96,1.25,1792,9,233,206,0.9950027762354248,0.8849382716049383,0.9367485624673288,0.34277620396600567,0.04186046511627907,0.0005980861244019139,0.9743589743589743,44
60,ttl_short,3,18.0,1.0,0.96,1.25,1762,4,225,249,0.9977349943374858,0.8867639657775541,0.9389821476152411,0.3715083798882682,0.015810276679841896,0.0,1.0,45
61,ttl_short,3,18.0,1.0,0.96,1.25,1764,9,211,256,0.9949238578680203,0.8931645569620253,0.9413020277481323,0.37237237237237236,0.033962264150943396,0.001218026796589525,0.9512195121951219,45
62,ttl_short,3,18.0,1.0,0.96,1.25,1922,6,178,134,0.9968879668049793,0.9152380952380952,0.9543197616683218,0.4394904458598726,0.04285714285714286,0.0011198208286674132,1.0,48
63,ttl_short,3,18.0,1.0,0.96,1.25,1730,9,241,260,0.9948246118458884,0.8777270421106037,0.9326145552560647,0.3181818181818182,0.03345724907063197,0.0006176652254478073,1.0,40
64,ttl_short,3,18.0,1.0,0.96,1.25,1593,18,219,410,0.9888268156424581,0.8791390728476821,0.9307624890446977,0.3465045592705167,0.04205607476635514,0.0026972353337828725,0.8974358974358975,45
65,ttl_short,3,18.0,1.0,0.96,1.25,1634,9,212,385,0.9945222154595252,0.8851570964247021,0.9366580682143881,0.35403726708074534,0.02284263959390863,0.0026246719160104987,0.9117647058823529,41
66,ttl_short,3,18.0,1.0,0.96,1.25,1775,6,188,271,0.9966311061201573,0.9042282221090168,0.9481837606837605,0.42105263157894735,0.021660649819494584,0.0006097560975609756,0.9767441860465116,47
67,ttl_short,3,18.0,1.0,0.96,1.25,1783,9,249,199,0.9949776785714286,0.8774606299212598,0.932531380753138,0.33875338753387535,0.04326923076923077,0.003006614552014432,0.9024390243902439,45
68,ttl_short,3,18.0,1.0,0.96,1.25,1893,6,255,86,0.9968404423380727,0.8812849162011173,0.9355077835433655,0.3496143958868895,0.06521739130434782,0.0011370096645821489,0.9772727272727273,48
69,ttl_short,3,18.0,1.0,0.96,1.25,1894,9,200,137,0.9952706253284288,0.9044890162368673,0.9477107830873156,0.4198250728862974,0.06164383561643835,0.0005711022272986865,0.9787234042553191,51
70,ttl_short,3,18.0,1.0,0.96,1.25,1883,6,186,165,0.9968237162519852,0.9101014983083615,0.9514906518443659,0.4550898203592814,0.03508771929824561,0.0023054755043227667,0.9183673469387755,53
71,ttl_short,3,18.0,1.0,0.96,1.25,1698,12,180,350,0.9929824561403509,0.9041533546325878,0.9464882943143812,0.4150326797385621,0.03314917127071823,0.0006361323155216285,0.975,46
72,ttl_short,3,18.0,1.0,0.96,1.25,1778,6,196,260,0.9966367713004485,0.900709219858156,0.9462480042575837,0.4161676646706587,0.022556390977443608,0.0006097560975609756,0.9772727272727273,48
73,ttl_short,3,18.0,1.0,0.96,1.25,1772,6,248,214,0.9966254218222722,0.8772277227722772,0.9331226961558715,0.33242506811989103,0.02727272727272727,0.0018148820326678765,0.95,43
74,ttl_short,3,18.0,1.0,0.96,1.25,1723,15,213,289,0.9913693901035673,0.8899793388429752,0.9379422972237343,0.373134328358209,0.049342105263157895,0.0018738288569643974,0.9285714285714286,47
75,ttl_short,3,18.0,1.0,0.96,1.25,1880,6,230,124,0.9968186638388123,0.8909952606635071,0.9409409409409408,0.37222222222222223,0.046153846153846156,0.002285714285714286,0.9333333333333333,47
76,ttl_short,3,18.0,1.0,0.96,1.25,1888,3,249,100,0.9984135378106822,0.8834815161441273,0.9374379344587884,0.344,0.02912621359223301,0.00170261066969353,0.9230769230769231,44
77,ttl_short,3,18.0,1.0,0.96,1.25,1570,16,186,468,0.9899117276166457,0.8940774487471527,0.9395571514063435,0.36678200692041524,0.03305785123966942,0.002044989775051125,0.9705882352941176,40
78,ttl_short,3,18.0,1.0,0.96,1.25,1848,9,256,127,0.9951534733441034,0.8783269961977186,0.9330977026003534,0.31232876712328766,0.0661764705882353,0.002875215641173088,0.9473684210526315,41
79,ttl_short,3,18.0,1.0,0.96,1.25,1626,12,225,377,0.9926739926739927,0.8784440842787682,0.9320722269991402,0.3170731707317073,0.030848329048843187,0.0006565988181221273,0.967741935483871,39
80,ttl_short,3,18.0,1.0,0.96,1.25,1461,20,252,507,0.986495611073599,0.8528896672504378,0.9148403256105198,0.27405247813411077,0.03795066413662239,0.0021897810218978104,0.967741935483871,38
81,ttl_short,3,18.0,1.0,0.96,1.25,1739,15,248,238,0.991448118586089,0.8751887267237041,0.929697941726811,0.3287671232876712,0.05928853754940711,0.0018495684340320592,0.9210526315789473,45
82,ttl_short,3,18.0,1.0,0.96,1.25,1793,9,238,200,0.9950055493895672,0.8828163466272771,0.9355596138794678,0.3407202216066482,0.0430622009569378,0.0,1.0,45
83,ttl_short,3,18.0,1.0,0.96,1.25,1685,12,263,280,0.9929286977018268,0.8649897330595483,0.9245541838134431,0.3076923076923077,0.0410958904109589,0.001273074474856779,0.9714285714285714,43
84,ttl_short,3,18.0,1.0,0.96,1.25,1842,12,250,136,0.9935275080906149,0.8804971319311663,0.9336036492650784,0.336,0.08108108108108109,0.0005824111822947001,0.975609756097561,46
85,ttl_short,3,18.0,1.0,0.96,1.25,1792,9,214,225,0.9950027762354248,0.8933200398803589,0.9414236931967429,0.36904761904761907,0.038461538461538464,0.0011976047904191617,0.9512195121951219,45
86,ttl_short,3,18.0,1.0,0.96,1.25,1805,9,250,176,0.9950385887541345,0.878345498783455,0.9330576376324633,0.32608695652173914,0.04864864864864865,0.0011855364552459987,1.0,43
87,ttl_short,3,18.0,1.0,0.96,1.25,1812,9,187,232,0.9950576606260296,0.9064532266133066,0.9486910994764398,0.4126984126984127,0.03734439834024896,0.0011876484560570072,0.9772727272727273,47
88,ttl_short,3,18.0,1.0,0.96,1.25,1660,11,262,307,0.9934171154997008,0.8636836628511967,0.9240189256888394,0.27977839335180055,0.03459119496855346,0.0012812299807815502,0.9375,38
89,ttl_short,3,18.0,1.0,0.96,1.25,1805,9,233,193,0.9950385887541345,0.8856722276741904,0.9371754932502595,0.3196480938416422,0.04455445544554455,0.0005892751915144372,0.9714285714285714,39
90,ttl_short,3,18.0,1.0,0.96,1.25,1801,9,229,201,0.9950276243093923,0.8871921182266009,0.9380208333333333,0.3656509695290859,0.04285714285714286,0.0,1.0,47
91,ttl_short,3,18.0,1.0,0.96,1.25,1612,16,179,433,0.9901719901719902,0.9000558347292016,0.9429657794676807,0.3767605633802817,0.035634743875278395,0.0013271400132714001,0.9393939393939394,41
92,ttl_short,3,18.0,1.0,0.96,1.25,1713,10,239,278,0.9941961694718514,0.8775614754098361,0.9322448979591837,0.32571428571428573,0.034722222222222224,0.0018726591760299626,0.9722222222222222,43
93,ttl_short,3,18.0,1.0,0.96,1.25,1668,15,203,354,0.9910873440285205,0.8915018706574025,0.9386606640405176,0.37888198757763975,0.04065040650406504,0.001936733376371853,0.9473684210526315,45
94,ttl_short,3,18.0,1.0,0.96,1.25,1608,13,181,438,0.9919802590993214,0.8988261598658468,0.9431085043988269,0.36042402826855124,0.028824833702882482,0.0,1.0,38
95,ttl_short,3,18.0,1.0,0.96,1.25,1913,6,198,123,0.9968733715476811,0.9062055897678826,0.9493796526054591,0.42939481268011526,0.046511627906976744,0.0,1.0,52
96,ttl_short,3,18.0,1.0,0.96,1.25,1861,9,247,123,0.9951871657754011,0.8828273244781784,0.9356460532931121,0.35883905013192613,0.06818181818181818,0.002313475997686524,0.9285714285714286,48
97,ttl_short,3,18.0,1.0,0.96,1.25,1393,20,212,615,0.9858457183297947,0.8679127725856698,0.9231278992710403,0.2956810631229236,0.031496062992125984,0.0,1.0,37
98,ttl_short,3,18.0,1.0,0.96,1.25,1734,15,194,297,0.9914236706689536,0.8993775933609959,0.9431601849333696,0.4012345679012346,0.04807692307692308,0.0,1.0,49
99,ttl_short,3,18.0,1.0,0.96,1.25,1823,11,231,175,0.9940021810250818,0.8875365141187926,0.9377572016460906,0.3514285714285714,0.05913978494623656,0.002347417840375587,0.926829268292683,45
100,ttl_short,3,18.0,1.0,0.96,1.25,2040,0,200,0,1.0,0.9107142857142857,0.9532710280373832,0.4281609195402299,0.0,0.0005285412262156448,0.9791666666666666,49
101,ttl_short,3,18.0,1.0,0.96,1.25,1747,12,217,264,0.9931779420125071,0.889511201629328,0.9384904646790223,0.36826347305389223,0.043478260869565216,0.0036809815950920245,0.9230769230769231,44
102,ttl_short,3,18.0,1.0,0.96,1.25,1867,6,213,154,0.99679658302189,0.8975961538461539,0.9445990387047812,0.373134328358209,0.0375,0.0017191977077363897,0.95,45
103,ttl_short,3,18.0,1.0,0.96,1.25,1893,9,215,123,0.9952681388012619,0.8980075901328273,0.9441396508728179,0.4011142061281337,0.06818181818181818,0.0,1.0,51
104,ttl_short,3,18.0,1.0,0.96,1.25,1651,18,160,411,0.9892150988615938,0.9116510215350635,0.9488505747126437,0.4432624113475177,0.04195804195804196,0.001962066710268149,0.975609756097561,48
105,ttl_short,3,18.0,1.0,0.96,1.25,1475,16,211,538,0.9892689470154259,0.8748517200474496,0.9285489455461128,0.3215434083601286,0.02888086642599278,0.0,1.0,39
106,ttl_short,3,18.0,1.0,0.96,1.25,1840,7,161,232,0.9962100703844071,0.9195402298850575,0.9563409563409564,0.4666666666666667,0.029288702928870293,0.0005878894767783657,0.975609756097561,47
107,ttl_short,3,18.0,1.0,0.96,1.25,1735,16,160,329,0.9908623643632211,0.9155672823218998,0.9517279210093254,0.42805755395683454,0.0463768115942029,0.0006184291898577613,0.9736842105263158,45
108,ttl_short,3,18.0,1.0,0.96,1.25,1558,18,235,429,0.9885786802030457,0.8689347462353597,0.9249035322054022,0.31268436578171094,0.040268456375838924,0.001375515818431912,0.9393939393939394,42
109,ttl_short,3,18.0,1.0,0.96,1.25,1563,19,181,477,0.9879898862199747,0.8962155963302753,0.9398677089597114,0.3669064748201439,0.038306451612903226,0.0034106412005457027,0.8709677419354839,41
110,ttl_short,3,18.0,1.0,0.96,1.25,1479,20,247,494,0.9866577718478986,0.8568945538818077,0.9172093023255814,0.31754874651810583,0.038910505836575876,0.001463057790782736,0.9736842105263158,45
111,ttl_short,3,18.0,1.0,0.96,1.25,1596,14,156,474,0.991304347826087,0.910958904109589,0.9494348602022606,0.4384057971014493,0.028688524590163935,0.0006775067750677507,0.9743589743589743,46
112,ttl_short,3,18.0,1.0,0.96,1.25,1675,12,193,360,0.992886781268524,0.8966809421841542,0.9423347398030942,0.4031746031746032,0.03225806451612903,0.003219575016097875,0.8974358974358975,46
113,ttl_short,3,18.0,1.0,0.96,1.25,1644,14,295,287,0.991556091676719,0.8478597215059309,0.914095079232694,0.25569620253164554,0.046511627906976744,0.0006476683937823834,0.96875,39
114,ttl_short,3,18.0,1.0,0.96,1.25,1680,17,235,308,0.9899823217442546,0.8772845953002611,0.9302325581395349,0.35537190082644626,0.052307692307692305,0.0006443298969072165,1.0,48
115,ttl_short,3,18.0,1.0,0.96,1.25,1734,9,164,333,0.9948364888123924,0.9135932560590094,0.9524855808843724,0.45666666666666667,0.02631578947368421,0.0006257822277847309,0.9772727272727273,49
116,ttl_short,3,18.0,1.0,0.96,1.25,1751,12,248,229,0.9931934203062961,0.8759379689844923,0.9308878256246678,0.325068870523416,0.04979253112033195,0.0018337408312958435,0.9487179487179487,44
117,ttl_short,3,18.0,1.0,0.96,1.25,1745,11,233,251,0.9937357630979499,0.8822042467138523,0.934654525977504,0.30538922155688625,0.04198473282442748,0.0006082725060827251,0.96875,38
118,ttl_short,3,18.0,1.0,0.96,1.25,1619,10,255,356,0.9938612645794966,0.8639274279615795,0.9243505566657151,0.3011049723756906,0.0273224043715847,0.0013227513227513227,0.9696969696969697,40
119,ttl_short,3,18.0,1.0,0.96,1.25,1694,15,211,320,0.9912229373902867,0.8892388451443569,0.937465412285556,0.3490566037735849,0.04477611940298507,0.002520478890989288,0.9142857142857143,42
120,ttl_short,3,18.0,1.0,0.96,1.25,1872,5,250,113,0.9973361747469366,0.882186616399623,0.9362340585146287,0.3386243386243386,0.0423728813559322,0.0,1.0,44
121,long_memory,3,18.0,1.0,0.96,1.25,1928,160,4,148,0.9233716475095786,0.9979296066252588,0.9592039800995025,0.9937694704049844,0.5194805194805194,0.0012414649286157666,1.0,5
122,long_memory,3,18.0,1.0,0.96,1.25,1993,90,3,154,0.9567930868939031,0.998496993987976,0.9772002941897524,0.9904761904761905,0.36885245901639346,0.0,1.0,3
123,long_memory,3,18.0,1.0,0.96,1.25,1805,141,8,286,0.9275436793422405,0.9955874241588527,0.9603617983506252,0.9735099337748344,0.33021077283372363,0.0,1.0,5
124,long_memory,3,18.0,1.0,0.96,1.25,1997,120,5,118,0.9433160132262636,0.9975024975024975,0.9696528283563972,0.984984984984985,0.5042016806722689,0.0,1.0,4
125,long_memory,3,18.0,1.0,0.96,1.25,1960,146,3,131,0.9306742640075973,0.9984717269485481,0.9633816662570657,0.9894736842105263,0.5270758122743683,0.0,1.0,4
126,long_memory,3,18.0,1.0,0.96,1.25,1922,120,7,191,0.941234084231146,0.9963711767755313,0.9680181314530345,0.9795918367346939,0.3858520900321543,0.0,1.0,4
127,long_memory,3,18.0,1.0,0.96,1.25,1916,146,1,177,0.9291949563530553,0.9994783515910276,0.9630560442322191,0.9966666666666667,0.4520123839009288,0.0,1.0,4
128,long_memory,3,18.0,1.0,0.96,1.25,1904,139,26,171,0.9319627998042095,0.9865284974093265,0.9584696702743518,0.9285714285714286,0.4483870967741935,0.0,1.0,4
129,long_memory,3,18.0,1.0,0.96,1.25,1945,142,13,140,0.9319597508385242,0.9933605720122574,0.96168108776267,0.9583333333333334,0.5035460992907801,0.0,1.0,4
130,long_memory,3,18.0,1.0,0.96,1.25,1920,119,37,164,0.9416380578715057,0.9810935104752172,0.9609609609609611,0.8868501529051988,0.4204946996466431,0.0,1.0,4
131,long_memory,3,18.0,1.0,0.96,1.25,2017,108,22,93,0.9491764705882353,0.9892103972535556,0.9687800192122958,0.9264214046822743,0.5373134328358209,0.0,1.0,2
132,long_memory,3,18.0,1.0,0.96,1.25,1644,187,46,363,0.8978700163844894,0.9727810650887574,0.9338256177222379,0.8489932885906041,0.34,0.0007183908045977011,1.0,7
133,long_memory,3,18.0,1.0,0.96,1.25,1917,111,20,192,0.9452662721893491,0.9896747547754259,0.9669609079445145,0.9380804953560371,0.36633663366336633,0.0,1.0,4
134,long_memory,3,18.0,1.0,0.96,1.25,1862,133,65,180,0.9333333333333333,0.9662688116242865,0.9495155532891381,0.8257372654155496,0.4249201277955272,0.0,1.0,5
135,long_memory,3,18.0,1.0,0.96,1.25,1813,197,8,222,0.9019900497512437,0.9956068094453597,0.9464891673192378,0.975609756097561,0.4701670644391408,0.000651890482398957,1.0,5
136,long_memory,3,18.0,1.0,0.96,1.25,1838,199,0,203,0.9023073146784487,1.0,0.9486451612903226,1.0,0.49502487562189057,0.0,1.0,4
137,long_memory,3,18.0,1.0,0.96,1.25,1984,119,28,109,0.9434141702330004,0.9860834990059643,0.9642770352369381,0.9293478260869565,0.5219298245614035,0.0012165450121654502,1.0,4
138,long_memory,3,18.0,1.0,0.96,1.25,1933,162,5,140,0.922673031026253,0.9974200206398349,0.9585916191420778,0.9846153846153847,0.5364238410596026,0.0,1.0,4
139,long_memory,3,18.0,1.0,0.96,1.25,1921,120,11,188,0.9412052915237629,0.9943064182194618,0.9670274351875158,0.964968152866242,0.38961038961038963,0.0,1.0,4
140,long_memory,3,18.0,1.0,0.96,1.25,1986,105,8,141,0.9497847919655668,0.995987963891675,0.9723378212974296,0.9781931464174455,0.4268292682926829,0.0005977286312014345,1.0,3
141,long_memory,3,18.0,1.0,0.96,1.25,1953,134,3,150,0.9357930043124102,0.9984662576687117,0.9661142715805094,1.0,0.47183098591549294,0.0018726591760299626,1.0,5
142,long_memory,3,18.0,1.0,0.96,1.25,1944,112,5,179,0.9455252918287937,0.9974345818368394,0.9707865168539326,0.9867021276595744,0.3848797250859107,0.0,1.0,3
143,long_memory,3,18.0,1.0,0.96,1.25,1920,111,43,166,0.9453471196454948,0.97809475292919,0.9614421632448672,0.8808139534883721,0.4007220216606498,0.0012353304508956147,1.0,4
144,long_memory,3,18.0,1.0,0.96,1.25,1821,210,5,204,0.896602658788774,0.9972617743702081,0.9442571947109152,0.9861111111111112,0.5072463768115942,0.0006501950585175553,1.0,7
145,long_memory,3,18.0,1.0,0.96,1.25,1967,128,21,124,0.9389021479713604,0.9894366197183099,0.9635072250795984,0.9436619718309859,0.5079365079365079,0.000612369871402327,1.0,3
146,long_memory,3,18.0,1.0,0.96,1.25,1730,197,70,243,0.8977685521536066,0.9611111111111111,0.9283606117520795,0.7922848664688428,0.44772727272727275,0.0,1.0,7
147,long_memory,3,18.0,1.0,0.96,1.25,2099,82,1,58,0.9624025676295277,0.9995238095238095,0.9806120065405279,1.0,0.5857142857142857,0.0005701254275940707,1.0,2
148,long_memory,3,18.0,1.0,0.96,1.25,2081,54,6,99,0.9747072599531615,0.9971250598945856,0.9857887257224064,0.9874371859296482,0.35294117647058826,0.0005920663114268798,1.0,2
149,long_memory,3,18.0,1.0,0.96,1.25,1866,110,12,252,0.944331983805668,0.9936102236421726,0.9683445770627919,0.9594594594594594,0.30386740331491713,0.0,1.0,4
150,long_memory,3,18.0,1.0,0.96,1.25,1943,120,15,162,0.941832283082889,0.9923391215526047,0.9664262621238499,0.9546827794561934,0.425531914893617,0.0,1.0,4
151,long_memory,3,18.0,1.0,0.96,1.25,1860,185,0,195,0.9095354523227384,1.0,0.9526248399487836,1.0,0.4868421052631579,0.0,1.0,4
152,long_memory,3,18.0,1.0,0.96,1.25,1669,230,17,324,0.8788836229594523,0.9899169632265717,0.9311018131101814,0.9420289855072463,0.4151624548736462,0.0007092198581560284,1.0,8
153,long_memory,3,18.0,1.0,0.96,1.25,2028,74,2,136,0.9647954329210275,0.9990147783251232,0.9816069699903194,0.99375,0.3523809523809524,0.0,1.0,3
154,long_memory,3,18.0,1.0,0.96,1.25,2072,60,26,82,0.9718574108818011,0.9876072449952336,0.9796690307328606,0.9266862170087976,0.4225352112676056,0.0005691519635742744,1.0,2
155,long_memory,3,18.0,1.0,0.96,1.25,1875,143,6,216,0.9291377601585729,0.9968102073365231,0.9617850730956656,0.9831932773109243,0.3983286908077994,0.0,1.0,5
156,long_memory,3,18.0,1.0,0.96,1.25,1889,150,3,198,0.9264345267287887,0.9984143763213531,0.9610786059526839,0.9883268482490273,0.43103448275862066,0.0,1.0,5
157,long_memory,3,18.0,1.0,0.96,1.25,1889,173,4,174,0.9161008729388943,0.9978869519281564,0.9552465233881162,0.9907120743034056,0.49855907780979825,0.0006369426751592356,1.0,5
158,long_memory,3,18.0,1.0,0.96,1.25,2056,89,10,85,0.9585081585081585,0.995159728944821,0.9764901448587034,0.9747899159663865,0.5114942528735632,0.0005851375073142189,1.0,3
159,long_memory,3,18.0,1.0,0.96,1.25,1719,202,28,291,0.8948464341488808,0.9839725243274184,0.9372955288985824,0.9090909090909091,0.40973630831643004,0.0,1.0,6
160,long_memory,3,18.0,1.0,0.96,1.25,2116,60,33,31,0.9724264705882353,0.9846440204746394,0.9784971098265897,0.9003021148036254,0.6593406593406593,0.0,1.0,2
161,long_memory,3,18.0,1.0,0.96,1.25,1965,179,9,87,0.9165111940298507,0.9954407294832827,0.9543467702768333,0.9776357827476039,0.6729323308270677,0.0012040939193257074,1.0,6
162,long_memory,3,18.0,1.0,0.96,1.25,2002,119,20,99,0.9438943894389439,0.990108803165183,0.9664494327781801,0.9380804953560371,0.5458715596330275,0.0,1.0,3
163,long_memory,3,18.0,1.0,0.96,1.25,1942,110,13,175,0.9463937621832359,0.9933503836317136,0.9693037184926379,0.9563758389261745,0.38596491228070173,0.0,1.0,4
164,long_memory,3,18.0,1.0,0.96,1.25,2065,59,37,79,0.9722222222222222,0.9823977164605138,0.9772834831992426,0.8974358974358975,0.427536231884058,0.0005711022272986865,1.0,2
165,long_memory,3,18.0,1.0,0.96,1.25,1814,193,31,202,0.9038365719980069,0.9831978319783198,0.9418483904465214,0.8980263157894737,0.48860759493670886,0.0,1.0,6
166,long_memory,3,18.0,1.0,0.96,1.25,1906,120,11,203,0.9407699901283317,0.9942618675013041,0.9667765660664469,0.9671641791044776,0.3715170278637771,0.0,1.0,4
167,long_memory,3,18.0,1.0,0.96,1.25,1889,145,6,200,0.9287118977384464,0.9968337730870712,0.961567828964113,0.9819494584837545,0.42028985507246375,0.0006180469715698393,1.0,4
168,long_memory,3,18.0,1.0,0.96,1.25,1859,145,1,235,0.9276447105788423,0.9994623655913979,0.9622153209109732,1.0,0.3815789473684211,0.000655307994757536,1.0,5
169,long_memory,3,18.0,1.0,0.96,1.25,2065,79,37,59,0.9631529850746269,0.9823977164605138,0.9726801695713613,0.886435331230284,0.572463768115942,0.0005602240896358543,1.0,2
170,long_memory,3,18.0,1.0,0.96,1.25,1973,120,4,143,0.9426660296225514,0.9979767324228629,0.9695331695331696,0.9887005649717514,0.45627376425855515,0.0,1.0,4
171,long_memory,3,18.0,1.0,0.96,1.25,2208,25,7,0,0.9888042991491267,0.9968397291196388,0.9928057553956834,0.9811320754716981,1.0,0.0,1.0,0
172,long_memory,3,18.0,1.0,0.96,1.25,2052,89,29,70,0.9584306398879029,0.9860643921191735,0.9720511605873994,0.9211956521739131,0.559748427672956,0.0,1.0,3
173,long_memory,3,18.0,1.0,0.96,1.25,2019,84,34,103,0.9600570613409415,0.9834388699464198,0.9716073147256977,0.9020771513353115,0.44919786096256686,0.0005827505827505828,1.0,2
174,long_memory,3,18.0,1.0,0.96,1.25,1780,237,1,222,0.8824987605354487,0.9994385176866929,0.9373354397051081,1.0,0.5163398692810458,0.0006802721088435374,1.0,7
175,long_memory,3,18.0,1.0,0.96,1.25,1961,111,19,149,0.9464285714285714,0.9904040404040404,0.9679170779861797,0.9508196721311475,0.4269230769230769,0.0006195786864931846,1.0,3
176,long_memory,3,18.0,1.0,0.96,1.25,1977,149,6,108,0.9299153339604892,0.9969742813918305,0.9622779265027988,0.9830985915492958,0.5797665369649806,0.0,1.0,4
177,long_memory,3,18.0,1.0,0.96,1.25,2018,90,2,130,0.9573055028462998,0.999009900990099,0.9777131782945736,0.9941520467836257,0.4090909090909091,0.0,1.0,3
178,long_memory,3,18.0,1.0,0.96,1.25,1769,175,18,278,0.9099794238683128,0.9899272523782876,0.9482712409541677,0.9446254071661238,0.38631346578366443,0.0006756756756756757,1.0,5
179,long_memory,3,18.0,1.0,0.96,1.25,1681,253,3,303,0.8691830403309204,0.9982185273159145,0.9292426755113323,0.9908536585365854,0.4550359712230216,0.0,1.0,9
180,long_memory,3,18.0,1.0,0.96,1.25,1980,139,9,112,0.9344030202925908,0.995475113122172,0.9639727361246349,0.9748603351955307,0.5537848605577689,0.0,1.0,5
181,long_memory,3,18.0,1.0,0.96,1.25,1858,136,16,230,0.9317953861584755,0.991462113127001,0.9607032057911066,0.9554317548746518,0.37158469945355194,0.0,1.0,4
182,long_memory,3,18.0,1.0,0.96,1.25,2001,109,12,118,0.9483412322274881,0.9940387481371088,0.9706524375454766,0.9667673716012085,0.4801762114537445,0.0005945303210463733,1.0,3
183,long_memory,3,18.0,1.0,0.96,1.25,1978,90,11,161,0.9564796905222437,0.9944695827048768,0.9751047572097609,0.9665653495440729,0.35856573705179284,0.0,1.0,3
184,long_memory,3,18.0,1.0,0.96,1.25,2048,58,1,133,0.9724596391263058,0.9995119570522206,0.9858002406738869,0.9970238095238095,0.3036649214659686,0.0,1.0,2
185,long_memory,3,18.0,1.0,0.96,1.25,1953,135,28,124,0.9353448275862069,0.9858657243816255,0.9599410174490047,0.918918918918919,0.5212355212355212,0.0006067961165048543,1.0,3
186,long_memory,3,18.0,1.0,0.96,1.25,1689,210,12,329,0.8894154818325435,0.9929453262786596,0.9383333333333334,0.9621993127147767,0.38961038961038963,0.0007092198581560284,1.0,7
187,long_memory,3,18.0,1.0,0.96,1.25,2027,135,7,71,0.9375578168362627,0.9965585054080629,0.9661582459485224,0.9781931464174455,0.6553398058252428,0.0,1.0,2
188,long_memory,3,18.0,1.0,0.96,1.25,1928,120,4,188,0.94140625,0.9979296066252588,0.9688442211055276,0.991044776119403,0.38961038961038963,0.0006261740763932373,1.0,4
189,long_memory,3,18.0,1.0,0.96,1.25,1903,120,12,205,0.9406821552150272,0.993733681462141,0.9664804469273743,0.9690140845070423,0.36923076923076925,0.000641025641025641,1.0,4
190,long_memory,3,18.0,1.0,0.96,1.25,1805,233,12,190,0.8856722276741904,0.9933957072096863,0.9364461738002595,0.9666666666666667,0.5508274231678487,0.0013183915622940012,1.0,7
191,long_memory,3,18.0,1.0,0.96,1.25,1995,106,6,133,0.9495478343645883,0.9970014992503748,0.9726962457337883,0.9849397590361446,0.4435146443514644,0.0005991611743559018,1.0,3
192,long_memory,3,18.0,1.0,0.96,1.25,1853,150,13,224,0.9251123315027459,0.9930332261521972,0.957870250710778,0.9650793650793651,0.40106951871657753,0.0012894906511927789,1.0,5
193,long_memory,3,18.0,1.0,0.96,1.25,1794,174,14,258,0.9115853658536586,0.9922566371681416,0.9502118644067796,0.9556313993174061,0.4027777777777778,0.0006600660066006601,1.0,6
194,long_memory,3,18.0,1.0,0.96,1.25,1813,145,0,282,0.9259448416751788,1.0,0.9615486608326704,1.0,0.3395784543325527,0.0,1.0,5
195,long_memory,3,18.0,1.0,0.96,1.25,2115,53,21,51,0.9755535055350554,0.9901685393258427,0.9828066914498141,0.9398280802292264,0.5096153846153846,0.0,1.0,1
196,long_memory,3,18.0,1.0,0.96,1.25,1802,150,35,253,0.923155737704918,0.9809471965160588,0.9511744523621007,0.8852459016393442,0.37220843672456577,0.0,1.0,5
197,long_memory,3,18.0,1.0,0.96,1.25,1804,208,10,218,0.8966202783300199,0.9944873208379272,0.9430214323052797,0.9712460063897763,0.48826291079812206,0.0006662225183211193,1.0,6
198,long_memory,3,18.0,1.0,0.96,1.25,2004,145,6,85,0.9325267566309912,0.9970149253731343,0.9636931954796826,0.9821428571428571,0.6304347826086957,0.0,1.0,5
199,long_memory,3,18.0,1.0,0.96,1.25,1970,117,37,116,0.9439386679444178,0.9815645241654211,0.9623839765510503,0.8942857142857142,0.5021459227467812,0.0,1.0,3
200,long_memory,3,18.0,1.0,0.96,1.25,2066,85,28,61,0.9604834960483496,0.9866284622731614,0.9733804475853945,0.9221902017291066,0.5821917808219178,0.0005724098454493417,1.0,3
201,long_memory,3,18.0,1.0,0.96,1.25,1974,142,5,119,0.9328922495274102,0.9974734714502274,0.9641025641025641,0.9845201238390093,0.5440613026819924,0.0,1.0,4
202,long_memory,3,18.0,1.0,0.96,1.25,1790,200,80,170,0.8994974874371859,0.9572192513368984,0.9274611398963731,0.8145539906103286,0.5405405405405406,0.0006925207756232687,1.0,6
203,long_memory,3,18.0,1.0,0.96,1.25,1794,152,11,283,0.9218910585817061,0.9939058171745152,0.9565449213543056,0.9648562300319489,0.34942528735632183,0.0,1.0,5
204,long_memory,3,18.0,1.0,0.96,1.25,1856,198,15,171,0.9036027263875365,0.9919828968466061,0.9457324840764331,0.9575070821529745,0.5365853658536586,0.0,1.0,5
205,long_memory,3,18.0,1.0,0.96,1.25,1875,161,15,189,0.9209233791748527,0.9920634920634921,0.9551706571574121,0.954954954954955,0.46,0.0,1.0,6
206,long_memory,3,18.0,1.0,0.96,1.25,2044,90,18,88,0.9578256794751641,0.991270611057226,0.9742612011439467,0.9527777777777777,0.5056179775280899,0.0005875440658049354,1.0,3
207,long_memory,3,18.0,1.0,0.96,1.25,1822,170,7,241,0.9146586345381527,0.996172772006561,0.9536770478932217,0.9808917197452229,0.41362530413625304,0.0006600660066006601,1.0,5
208,long_memory,3,18.0,1.0,0.96,1.25,2232,0,8,0,1.0,0.9964285714285714,0.998211091234347,0.9794871794871794,0.0,0.0,1.0,0
209,long_memory,3,18.0,1.0,0.96,1.25,1837,150,12,241,0.9245093105183694,0.9935100054083288,0.9577685088633993,0.9655172413793104,0.3836317135549872,0.0,1.0,5
210,long_memory,3,18.0,1.0,0.96,1.25,1950,137,4,149,0.934355534259703,0.9979529170931423,0.9651076466221232,0.9871382636655949,0.479020979020979,0.0,1.0,4
211,long_memory,3,18.0,1.0,0.96,1.25,1988,89,10,153,0.9571497351949928,0.994994994994995,0.9757055214723928,0.9698795180722891,0.3677685950413223,0.0,1.0,3
212,long_memory,3,18.0,1.0,0.96,1.25,1970,173,15,82,0.919272048530098,0.9924433249370277,0.9544573643410853,0.9567901234567902,0.6784313725490196,0.0006020469596628537,1.0,5
213,long_memory,3,18.0,1.0,0.96,1.25,1747,200,32,261,0.8972778633795583,0.9820123664980326,0.9377348362855609,0.8918918918918919,0.43383947939262474,0.0,1.0,6
214,long_memory,3,18.0,1.0,0.96,1.25,1980,119,14,127,0.9433063363506432,0.9929789368104313,0.967505497190325,0.9543973941368078,0.483739837398374,0.0,1.0,4
215,long_memory,3,18.0,1.0,0.96,1.25,1940,138,14,148,0.933589990375361,0.9928352098259979,0.9623015873015873,0.9587301587301588,0.4825174825174825,0.0006101281269066504,1.0,2
216,long_memory,3,18.0,1.0,0.96,1.25,1807,198,5,230,0.9012468827930175,0.9972406181015453,0.946816871888918,0.985207100591716,0.46261682242990654,0.0,1.0,5
217,long_memory,3,18.0,1.0,0.96,1.25,2035,90,7,108,0.9576470588235294,0.9965719882468168,0.9767218622510199,0.9791044776119403,0.45454545454545453,0.0,1.0,3
218,long_memory,3,18.0,1.0,0.96,1.25,1974,139,13,114,0.9342167534311405,0.9934574735782586,0.9629268292682925,0.9651162790697675,0.549407114624506,0.0006086427267194157,1.0,4
219,long_memory,3,18.0,1.0,0.96,1.25,1879,145,13,203,0.9283596837944664,0.9931289640591966,0.9596527068437181,0.9618768328445748,0.4166666666666667,0.0,1.0,5
220,long_memory,3,18.0,1.0,0.96,1.25,1893,150,14,183,0.9265785609397944,0.9926586261143157,0.9584810126582278,0.948905109489051,0.45045045045045046,0.0,1.0,5
221,long_memory,3,18.0,1.0,0.96,1.25,2061,90,43,46,0.9581589958158996,0.9795627376425855,0.9687426556991774,0.8923076923076924,0.6617647058823529,0.0005834305717619603,1.0,3
222,long_memory,3,18.0,1.0,0.96,1.25,1786,173,9,272,0.9116896375701888,0.9949860724233983,0.9515183803942461,0.9752066115702479,0.3887640449438202,0.0,1.0,6
223,long_memory,3,18.0,1.0,0.96,1.25,1943,90,10,197,0.955730447614363,0.9948796722990272,0.9749121926743604,0.9679715302491103,0.313588850174216,0.0005980861244019139,1.0,3
224,long_memory,3,18.0,1.0,0.96,1.25,2084,85,9,62,0.9608114338404795,0.9956999522216914,0.9779446269357109,0.9788359788359788,0.5782312925170068,0.0005830903790087463,1.0,2
225,long_memory,3,18.0,1.0,0.96,1.25,1964,120,4,152,0.9424184261036468,0.9979674796747967,0.9693978282329714,0.987012987012987,0.4411764705882353,0.0,1.0,4
226,long_memory,3,18.0,1.0,0.96,1.25,1860,149,2,229,0.9258337481333997,0.9989258861439313,0.9609919917334022,0.9932203389830508,0.3941798941798942,0.0,1.0,5
227,long_memory,3,18.0,1.0,0.96,1.25,1823,176,18,223,0.9119559779889945,0.9902227050516024,0.9494791666666667,0.9388489208633094,0.44110275689223055,0.0006397952655150352,1.0,6
228,long_memory,3,18.0,1.0,0.96,1.25,1912,182,3,143,0.9130850047755492,0.9984334203655353,0.9538538288850088,0.9889705882352942,0.56,0.0,1.0,6
229,long_memory,3,18.0,1.0,0.96,1.25,2016,90,43,91,0.9572649572649573,0.9791160757649344,0.9680672268907564,0.8930348258706468,0.4972375690607735,0.0,1.0,3
230,long_memory,3,18.0,1.0,0.96,1.25,2012,90,7,131,0.9571836346336822,0.9965329370975731,0.9764620237806358,0.9774193548387097,0.4072398190045249,0.0,1.0,3
231,long_memory,3,18.0,1.0,0.96,1.25,1887,127,0,226,0.9369414101290964,1.0,0.9674442450653679,1.0,0.3597733711048159,0.0,1.0,4
232,long_memory,3,18.0,1.0,0.96,1.25,1974,90,7,169,0.9563953488372093,0.9964664310954063,0.9760197775030902,0.9808743169398907,0.3474903474903475,0.0,1.0,3
233,long_memory,3,18.0,1.0,0.96,1.25,1967,120,5,148,0.9425011978917106,0.9974645030425964,0.9692042374969205,0.9875776397515528,0.44776119402985076,0.0006060606060606061,1.0,4
234,long_memory,3,18.0,1.0,0.96,1.25,1924,164,6,146,0.921455938697318,0.9968911917098445,0.9576903932304628,0.9841269841269841,0.5290322580645161,0.0006191950464396285,1.0,4
235,long_memory,3,18.0,1.0,0.96,1.25,2115,82,10,33,0.9626763768775604,0.9952941176470588,0.978713558537714,0.9737609329446064,0.7130434782608696,0.0005611672278338945,1.0,1
236,long_memory,3,18.0,1.0,0.96,1.25,1872,149,0,219,0.9262741217219198,1.0,0.9617261751862316,1.0,0.4048913043478261,0.0,1.0,4
237,long_memory,3,18.0,1.0,0.96,1.25,1744,180,13,303,0.9064449064449065,0.9926010244735345,0.9475685954903558,0.9629629629629629,0.37267080745341613,0.0,1.0,6
238,long_memory,3,18.0,1.0,0.96,1.25,1961,141,0,138,0.9329210275927687,1.0,0.965296578882599,1.0,0.5053763440860215,0.0,1.0,5
239,long_memory,3,18.0,1.0,0.96,1.25,2020,112,2,106,0.9474671669793621,0.9990108803165183,0.9725565719788155,1.0,0.5137614678899083,0.0011668611435239206,1.0,4
240,long_memory,3,18.0,1.0,0.96,1.25,1862,200,5,173,0.9030067895247332,0.9973219068023568,0.9478238737592263,0.9829931972789115,0.5361930294906166,0.0,1.0,6
241,certificate,3,18.0,1.0,0.96,1.25,2163,11,31,35,0.9949402023919043,0.9858705560619873,0.9903846153846153,0.9187675070028011,0.2391304347826087,0.0010887316276537834,1.0,2
242,certificate,3,18.0,1.0,0.96,1.25,1973,32,1,234,0.9840399002493766,0.9994934143870314,0.9917064589092737,1.0,0.12030075187969924,0.0005955926146515784,1.0,6
243,certificate,3,18.0,1.0,0.96,1.25,1841,38,0,361,0.979776476849388,1.0,0.9897849462365591,1.0,0.09523809523809523,0.0,1.0,6
244,certificate,3,18.0,1.0,0.96,1.25,1995,9,13,223,0.9955089820359282,0.9935258964143426,0.9945164506480558,0.9604863221884499,0.03879310344827586,0.0,1.0,3
245,certificate,3,18.0,1.0,0.96,1.25,1892,24,11,313,0.9874739039665971,0.9942196531791907,0.9908352971982194,0.9704142011834319,0.0712166172106825,0.0006389776357827476,1.0,5
246,certificate,3,18.0,1.0,0.96,1.25,1793,26,9,412,0.9857064321055525,0.9950055493895672,0.9903341618337476,0.9726443768996961,0.0593607305936073,0.0,1.0,6
247,certificate,3,18.0,1.0,0.96,1.25,1785,17,14,424,0.9905660377358491,0.9922178988326849,0.9913912801999445,0.9517241379310345,0.03854875283446712,0.0,1.0,5
248,certificate,3,18.0,1.0,0.96,1.25,1945,35,16,244,0.9823232323232324,0.9918408975012749,0.9870591220502412,0.9580838323353293,0.12544802867383512,0.001229256299938537,1.0,5
249,certificate,3,18.0,1.0,0.96,1.25,2017,6,10,207,0.9970341077607514,0.9950666008880118,0.9960493827160494,0.9742120343839542,0.028169014084507043,0.0005959475566150178,1.0,2
250,certificate,3,18.0,1.0,0.96,1.25,1908,41,27,264,0.9789635710620831,0.986046511627907,0.9824922760041195,0.923728813559322,0.13442622950819672,0.0,1.0,5
251,certificate,3,18.0,1.0,0.96,1.25,2147,6,15,72,0.9972131908964236,0.9930619796484736,0.9951332560834298,0.9652173913043478,0.07692307692307693,0.001651073197578426,1.0,2
252,certificate,3,18.0,1.0,0.96,1.25,1874,46,17,303,0.9760416666666667,0.9910100475938657,0.9834689057990029,0.9442622950819672,0.1318051575931232,0.0,1.0,7
253,certificate,3,18.0,1.0,0.96,1.25,1795,32,13,400,0.9824849480021893,0.9928097345132744,0.9876203576341128,0.9587301587301588,0.07407407407407407,0.0,1.0,7
254,certificate,3,18.0,1.0,0.96,1.25,1971,39,12,218,0.9805970149253731,0.9939485627836612,0.9872276483846731,0.9616613418530351,0.1517509727626459,0.0,1.0,5
255,certificate,3,18.0,1.0,0.96,1.25,2011,29,22,178,0.9857843137254902,0.9891785538612887,0.9874785170635896,0.9376770538243626,0.14009661835748793,0.0,1.0,3
256,certificate,3,18.0,1.0,0.96,1.25,1903,24,2,311,0.9875454073689673,0.9989501312335958,0.9932150313152401,0.9937106918238994,0.07164179104477612,0.0,1.0,4
257,certificate,3,18.0,1.0,0.96,1.25,2007,13,4,216,0.9935643564356436,0.9980109398309299,0.9957826841974695,0.9915730337078652,0.056768558951965066,0.0006042296072507553,1.0,4
258,certificate,3,18.0,1.0,0.96,1.25,2024,9,49,158,0.9955730447614363,0.9763627592860589,0.985874330248417,0.8801020408163265,0.05389221556886228,0.001189767995240928,1.0,3
259,certificate,3,18.0,1.0,0.96,1.25,1867,39,22,312,0.9795383001049318,0.988353626257279,0.9839262187088273,0.9349112426035503,0.1111111111111111,0.0,1.0,5
260,certificate,3,18.0,1.0,0.96,1.25,2029,16,6,189,0.9921760391198045,0.9970515970515971,0.994607843137255,0.9833333333333333,0.07804878048780488,0.0005763688760806917,1.0,3
261,certificate,3,18.0,1.0,0.96,1.25,1937,14,35,254,0.9928241927216812,0.9822515212981744,0.9875095590109609,0.9044943820224719,0.05223880597014925,0.0006188118811881188,1.0,4
262,certificate,3,18.0,1.0,0.96,1.25,2041,11,1,187,0.9946393762183235,0.9995102840352595,0.9970688812896922,1.0,0.05555555555555555,0.0005868544600938967,1.0,3
263,certificate,3,18.0,1.0,0.96,1.25,1822,23,5,390,0.9875338753387534,0.9972632731253421,0.9923747276688453,0.9859550561797753,0.05569007263922518,0.0,1.0,6
264,certificate,3,18.0,1.0,0.96,1.25,1892,15,15,318,0.9921342422653382,0.9921342422653382,0.9921342422653382,0.9525316455696202,0.04504504504504504,0.0,1.0,5
265,certificate,3,18.0,1.0,0.96,1.25,1947,12,4,277,0.9938744257274119,0.9979497693490518,0.9959079283887468,0.9894736842105263,0.04152249134948097,0.0006002400960384153,1.0,4
266,certificate,3,18.0,1.0,0.96,1.25,2082,16,6,136,0.9923736892278361,0.9971264367816092,0.9947443860487339,0.983957219251337,0.10526315789473684,0.0,1.0,4
267,certificate,3,18.0,1.0,0.96,1.25,1856,23,24,337,0.9877594465141033,0.9872340425531915,0.9874966746475128,0.9228295819935691,0.06388888888888888,0.0,1.0,5
268,certificate,3,18.0,1.0,0.96,1.25,2122,11,33,74,0.9948429442100328,0.9846867749419954,0.9897388059701493,0.9191374663072777,0.12941176470588237,0.0016816143497757848,1.0,2
269,certificate,3,18.0,1.0,0.96,1.25,1730,38,18,454,0.9785067873303167,0.9897025171624714,0.9840728100113765,0.9479768786127167,0.07723577235772358,0.0,1.0,7
270,certificate,3,18.0,1.0,0.96,1.25,1823,41,12,364,0.9780042918454935,0.9934604904632153,0.9856718031900513,0.965625,0.10123456790123457,0.0006600660066006601,1.0,6
271,certificate,3,18.0,1.0,0.96,1.25,1881,26,25,308,0.9863660199265862,0.9868835257082896,0.9866247049567269,0.9293785310734464,0.07784431137724551,0.0,1.0,5
272,certificate,3,18.0,1.0,0.96,1.25,2026,12,14,188,0.9941118743866536,0.9931372549019608,0.9936243256498284,0.9577039274924471,0.06,0.0,1.0,4
273,certificate,3,18.0,1.0,0.96,1.25,1939,48,11,242,0.9758429793658782,0.9943589743589744,0.98501397002794,0.975609756097561,0.16551724137931034,0.0024052916416115455,1.0,4
274,certificate,3,18.0,1.0,0.96,1.25,1945,21,17,257,0.9893184130213631,0.991335372069317,0.9903258655804479,0.9517045454545454,0.07553956834532374,0.0,1.0,5
275,certificate,3,18.0,1.0,0.96,1.25,1966,22,70,182,0.9889336016096579,0.9656188605108055,0.9771371769383699,0.8145161290322581,0.10784313725490197,0.0006009615384615385,1.0,4
276,certificate,3,18.0,1.0,0.96,1.25,1966,9,20,245,0.9954430379746836,0.9899295065458208,0.9926786165109821,0.9444444444444444,0.03543307086614173,0.0006082725060827251,1.0,3
277,certificate,3,18.0,1.0,0.96,1.25,1956,17,22,245,0.9913836796756209,0.9888776541961577,0.9901290812452543,0.9315960912052117,0.0648854961832061,0.0005984440454817474,1.0,5
278,certificate,3,18.0,1.0,0.96,1.25,1920,24,21,275,0.9876543209876543,0.9891808346213292,0.9884169884169884,0.9453551912568307,0.0802675585284281,0.0006349206349206349,1.0,5
279,certificate,3,18.0,1.0,0.96,1.25,1884,43,26,287,0.9776855215360665,0.9863874345549738,0.9820172009382329,0.9163879598662207,0.1303030303030303,0.0006207324643078833,1.0,5
280,certificate,3,18.0,1.0,0.96,1.25,1874,18,33,315,0.9904862579281184,0.9826953329837441,0.9865754145827851,0.9023668639053254,0.05405405405405406,0.0,1.0,6
281,certificate,3,18.0,1.0,0.96,1.25,1936,53,2,249,0.9733534439416792,0.9989680082559339,0.9859943977591036,0.9935691318327974,0.17549668874172186,0.0,1.0,5
282,certificate,3,18.0,1.0,0.96,1.25,1933,35,16,256,0.9822154471544715,0.9917906618778861,0.9869798315037019,0.9611307420494699,0.12027491408934708,0.003001200480192077,1.0,6
283,certificate,3,18.0,1.0,0.96,1.25,1808,26,21,385,0.9858233369683751,0.9885183160196829,0.9871689871689872,0.9341692789968652,0.06326034063260341,0.0,1.0,7
284,certificate,3,18.0,1.0,0.96,1.25,1738,39,15,448,0.9780528981429375,0.9914432401597262,0.9847025495750709,0.954983922829582,0.08008213552361396,0.0006934812760055479,1.0,7
285,certificate,3,18.0,1.0,0.96,1.25,1942,11,14,273,0.9943676395289298,0.9928425357873211,0.9936045024302891,0.959375,0.03873239436619718,0.0006112469437652812,1.0,4
286,certificate,3,18.0,1.0,0.96,1.25,1925,33,9,273,0.9831460674157303,0.9953464322647363,0.9892086330935251,0.972972972972973,0.10784313725490197,0.0,1.0,5
287,certificate,3,18.0,1.0,0.96,1.25,2069,28,18,125,0.9866475917978064,0.9913751796837565,0.9890057361376673,0.9482758620689655,0.1830065359477124,0.0,1.0,4
288,certificate,3,18.0,1.0,0.96,1.25,1834,63,10,333,0.966789667896679,0.9945770065075922,0.9804865009355789,0.9676375404530745,0.1590909090909091,0.0,1.0,6
289,certificate,3,18.0,1.0,0.96,1.25,2126,5,24,85,0.997653683716565,0.9888372093023255,0.993225881803317,0.9355742296918768,0.05555555555555555,0.0005577244841048522,1.0,2
290,certificate,3,18.0,1.0,0.96,1.25,1970,9,1,260,0.9954522486104093,0.9994926433282597,0.9974683544303796,1.0,0.03345724907063197,0.000625,1.0,3
291,certificate,3,18.0,1.0,0.96,1.25,2063,6,73,98,0.9971000483325277,0.9658239700374532,0.9812128418549346,0.8161209068010076,0.057692307692307696,0.0,1.0,2
292,certificate,3,18.0,1.0,0.96,1.25,1847,22,18,353,0.9882289994649546,0.9903485254691688,0.989287627209427,0.9348659003831418,0.058666666666666666,0.0006234413965087282,1.0,5
293,certificate,3,18.0,1.0,0.96,1.25,1790,22,12,416,0.9878587196467992,0.9933407325194229,0.9905921416712785,0.9741935483870968,0.0502283105022831,0.002680965147453083,1.0,5
294,certificate,3,18.0,1.0,0.96,1.25,2036,14,17,173,0.9931707317073171,0.9917194349732099,0.9924445527662685,0.9486404833836858,0.0748663101604278,0.0,1.0,2
295,certificate,3,18.0,1.0,0.96,1.25,2011,47,1,181,0.9771622934888241,0.9995029821073559,0.9882063882063882,0.9969230769230769,0.20614035087719298,0.0,1.0,4
296,certificate,3,18.0,1.0,0.96,1.25,1943,23,1,273,0.9883011190233978,0.9994855967078189,0.9938618925831202,1.0,0.0777027027027027,0.0006211180124223603,1.0,5
297,certificate,3,18.0,1.0,0.96,1.25,2045,12,1,182,0.9941662615459407,0.9995112414467253,0.996831586643919,1.0,0.061855670103092786,0.000574052812858783,1.0,4
298,certificate,3,18.0,1.0,0.96,1.25,1926,22,22,270,0.9887063655030801,0.9887063655030801,0.9887063655030801,0.9329073482428115,0.07534246575342465,0.0006116207951070336,1.0,3
299,certificate,3,18.0,1.0,0.96,1.25,2146,3,13,78,0.9986040018613308,0.9939786938397406,0.9962859795728876,0.9642857142857143,0.037037037037037035,0.0,1.0,1
300,certificate,3,18.0,1.0,0.96,1.25,1957,9,13,261,0.9954221770091557,0.9934010152284264,0.9944105691056911,0.9591194968553459,0.03333333333333333,0.0,1.0,3
301,certificate,3,18.0,1.0,0.96,1.25,1785,15,6,434,0.9916666666666667,0.9966499162479062,0.9941520467836258,0.98125,0.0334075723830735,0.0,1.0,5
302,certificate,3,18.0,1.0,0.96,1.25,2022,11,3,204,0.9945892769306444,0.9985185185185185,0.9965500246426812,0.9916201117318436,0.05116279069767442,0.0,1.0,4
303,certificate,3,18.0,1.0,0.96,1.25,2108,17,2,113,0.992,0.9990521327014218,0.9955135773317593,0.9941176470588236,0.13076923076923078,0.0,1.0,3
304,certificate,3,18.0,1.0,0.96,1.25,1977,19,13,231,0.9904809619238477,0.9934673366834171,0.9919719016557953,0.9652173913043478,0.076,0.0006079027355623101,1.0,3
305,certificate,3,18.0,1.0,0.96,1.25,1933,18,21,268,0.990773962070733,0.989252814738997,0.9900128040973112,0.9492957746478873,0.06293706293706294,0.001876172607879925,1.0,4
306,certificate,3,18.0,1.0,0.96,1.25,1602,30,8,600,0.9816176470588235,0.9950310559006211,0.9882788402220851,0.9753521126760564,0.047619047619047616,0.0007541478129713424,1.0,8
307,certificate,3,18.0,1.0,0.96,1.25,2023,24,13,180,0.9882755251587689,0.993614931237721,0.9909380357580212,0.9655172413793104,0.11764705882352941,0.0005924170616113745,1.0,3
308,certificate,3,18.0,1.0,0.96,1.25,1875,12,23,330,0.9936406995230525,0.987881981032666,0.9907529722589168,0.9376770538243626,0.03508771929824561,0.0006472491909385113,1.0,4
309,certificate,3,18.0,1.0,0.96,1.25,1888,23,15,314,0.9879644165358451,0.9921177088807147,0.9900367068694285,0.9458483754512635,0.06824925816023739,0.0,1.0,6
310,certificate,3,18.0,1.0,0.96,1.25,1658,23,16,543,0.9863176680547293,0.9904420549581839,0.9883755588673622,0.95,0.04063604240282685,0.000727802037845706,1.0,8
311,certificate,3,18.0,1.0,0.96,1.25,1849,22,19,350,0.9882415820416889,0.9898286937901499,0.9890345012035303,0.9473684210526315,0.05913978494623656,0.000655307994757536,1.0,4
312,certificate,3,18.0,1.0,0.96,1.25,1804,28,6,402,0.9847161572052402,0.9966850828729282,0.9906644700713894,0.9792387543252595,0.06511627906976744,0.0,1.0,8
313,certificate,3,18.0,1.0,0.96,1.25,1841,23,4,372,0.9876609442060086,0.9978319783197832,0.992720409813966,0.9971264367816092,0.05822784810126582,0.002004008016032064,1.0,6
314,certificate,3,18.0,1.0,0.96,1.25,1965,39,9,227,0.9805389221556886,0.9954407294832827,0.9879336349924585,0.9769230769230769,0.14661654135338345,0.0,1.0,6
315,certificate,3,18.0,1.0,0.96,1.25,2049,12,12,167,0.9941775836972343,0.9941775836972343,0.9941775836972343,0.9683908045977011,0.0670391061452514,0.0005837711617046118,1.0,3
316,certificate,3,18.0,1.0,0.96,1.25,1969,18,16,237,0.9909411172622044,0.9919395465994962,0.9914400805639476,0.9522388059701492,0.07058823529411765,0.0,1.0,6
317,certificate,3,18.0,1.0,0.96,1.25,1986,15,18,221,0.992503748125937,0.9910179640718563,0.9917602996254681,0.9484848484848485,0.0635593220338983,0.0005973715651135006,1.0,5
318,certificate,3,18.0,1.0,0.96,1.25,1881,26,5,328,0.9863660199265862,0.9973488865323435,0.9918270498286317,0.982078853046595,0.07344632768361582,0.0,1.0,6
319,certificate,3,18.0,1.0,0.96,1.25,1716,31,14,479,0.9822552947910704,0.991907514450867,0.9870578084555651,0.956989247311828,0.060784313725490195,0.0013783597518952446,1.0,7
320,certificate,3,18.0,1.0,0.96,1.25,1886,54,6,294,0.9721649484536082,0.9968287526427061,0.9843423799582464,0.9806451612903225,0.15517241379310345,0.0,1.0,5
321,certificate,3,18.0,1.0,0.96,1.25,2021,20,12,187,0.9902008819206272,0.9940973930152484,0.9921453117329406,0.9619047619047619,0.0966183574879227,0.0,1.0,3
322,certificate,3,18.0,1.0,0.96,1.25,1787,19,8,426,0.9894795127353266,0.9955431754874652,0.9925020827547902,0.9745454545454545,0.04269662921348315,0.0006578947368421052,1.0,6
323,certificate,3,18.0,1.0,0.96,1.25,1799,18,9,414,0.9900935608145295,0.9950221238938053,0.9925517241379309,0.9704918032786886,0.041666666666666664,0.0,1.0,6
324,certificate,3,18.0,1.0,0.96,1.25,1610,31,1,598,0.9811090798293723,0.9993792675356921,0.9901599015990159,1.0,0.0492845786963434,0.0007496251874062968,1.0,9
325,certificate,3,18.0,1.0,0.96,1.25,2042,9,24,165,0.9956118966357874,0.9883833494675702,0.9919844547000243,0.9414758269720102,0.05172413793103448,0.0005977286312014345,1.0,3
326,certificate,3,18.0,1.0,0.96,1.25,2029,19,14,178,0.99072265625,0.9931473323543808,0.9919335125886091,0.956386292834891,0.09644670050761421,0.0,1.0,4
327,certificate,3,18.0,1.0,0.96,1.25,1838,29,5,368,0.984467059453669,0.9972870320130223,0.9908355795148248,0.9910179640718563,0.07304785894206549,0.0013253810470510272,1.0,7
328,certificate,3,18.0,1.0,0.96,1.25,1959,15,7,259,0.9924012158054711,0.996439471007121,0.9944162436548223,0.980327868852459,0.05474452554744526,0.0006020469596628537,1.0,5
329,certificate,3,18.0,1.0,0.96,1.25,2026,9,8,197,0.9955773955773956,0.9960668633235005,0.9958220693044973,0.9770773638968482,0.043689320388349516,0.0,1.0,3
330,certificate,3,18.0,1.0,0.96,1.25,1841,18,12,369,0.9903173749327595,0.9935240151106314,0.9919181034482758,0.9617834394904459,0.046511627906976744,0.0,1.0,6
331,certificate,3,18.0,1.0,0.96,1.25,2149,19,0,72,0.9912361623616236,1.0,0.9955987954598101,1.0,0.2087912087912088,0.0,1.0,3
332,certificate,3,18.0,1.0,0.96,1.25,2132,6,10,92,0.9971936389148737,0.9953314659197012,0.9962616822429906,0.9705014749262537,0.061224489795918366,0.0,1.0,2
333,certificate,3,18.0,1.0,0.96,1.25,1806,49,8,377,0.9735849056603774,0.9955898566703418,0.9844644317252658,0.9788519637462235,0.11502347417840375,0.0006743088334457181,1.0,5
334,certificate,3,18.0,1.0,0.96,1.25,1969,33,61,177,0.9835164835164835,0.9699507389162562,0.9766865079365079,0.8310249307479224,0.15714285714285714,0.0,1.0,5
335,certificate,3,18.0,1.0,0.96,1.25,2015,25,31,169,0.9877450980392157,0.9848484848484849,0.9862946647087616,0.9126760563380282,0.12886597938144329,0.0,1.0,2
336,certificate,3,18.0,1.0,0.96,1.25,1887,28,7,318,0.985378590078329,0.9963041182682154,0.990811236545025,0.9807692307692307,0.08092485549132948,0.0006321112515802782,1.0,5
337,certificate,3,18.0,1.0,0.96,1.25,1841,35,14,350,0.9813432835820896,0.9924528301886792,0.9868667917448405,0.954983922829582,0.09090909090909091,0.0,1.0,6
338,certificate,3,18.0,1.0,0.96,1.25,1912,28,0,300,0.9855670103092784,1.0,0.9927310488058152,1.0,0.08536585365853659,0.0,1.0,6
339,certificate,3,18.0,1.0,0.96,1.25,2058,9,24,149,0.9956458635703919,0.9884726224783862,0.9920462762111352,0.9382352941176471,0.056962025316455694,0.001722158438576349,1.0,3
340,certificate,3,18.0,1.0,0.96,1.25,1716,32,2,490,0.9816933638443935,0.9988358556461001,0.9901904212348529,0.9931740614334471,0.06130268199233716,0.0,1.0,7
341,certificate,3,18.0,1.0,0.96,1.25,2019,15,19,187,0.9926253687315634,0.9906771344455348,0.9916502946954813,0.9431137724550899,0.07425742574257425,0.0,1.0,5
342,certificate,3,18.0,1.0,0.96,1.25,1746,33,6,455,0.9814502529510961,0.9965753424657534,0.9889549702633814,0.9802371541501976,0.06762295081967214,0.00066711140760507,1.0,8
343,certificate,3,18.0,1.0,0.96,1.25,1786,18,35,401,0.9900221729490022,0.9807797913234486,0.9853793103448276,0.8967551622418879,0.04295942720763723,0.0,1.0,6
344,certificate,3,18.0,1.0,0.96,1.25,1975,34,8,223,0.9830761572921851,0.9959657085224407,0.9894789579158316,0.9771428571428571,0.13229571984435798,0.0,1.0,4
345,certificate,3,18.0,1.0,0.96,1.25,1937,14,8,281,0.9928241927216812,0.9958868894601542,0.99435318275154,0.9732441471571907,0.04745762711864407,0.0,1.0,5
346,certificate,3,18.0,1.0,0.96,1.25,2103,29,9,99,0.9863977485928705,0.9957386363636364,0.9910461828463714,0.9856459330143541,0.2265625,0.0017709563164108619,1.0,2
347,certificate,3,18.0,1.0,0.96,1.25,1997,12,14,217,0.9940268790443006,0.9930382894082546,0.9935323383084577,0.9570552147239264,0.05240174672489083,0.0,1.0,4
348,certificate,3,18.0,1.0,0.96,1.25,1920,27,9,284,0.9861325115562404,0.995334370139969,0.9907120743034057,0.970873786407767,0.08681672025723473,0.0,1.0,6
349,certificate,3,18.0,1.0,0.96,1.25,1946,15,2,277,0.9923508414074452,0.9989733059548255,0.9956510616525966,1.0,0.05136986301369863,0.001221001221001221,1.0,5
350,certificate,3,18.0,1.0,0.96,1.25,1827,20,30,363,0.9891716296697347,0.9838449111470113,0.986501079913607,0.8846153846153846,0.05221932114882506,0.0,1.0,5
351,certificate,3,18.0,1.0,0.96,1.25,1911,29,52,248,0.9850515463917526,0.9735099337748344,0.9792467332820908,0.8734793187347932,0.10469314079422383,0.0,1.0,6
352,certificate,3,18.0,1.0,0.96,1.25,2110,23,9,98,0.9892170651664323,0.9957527135441245,0.9924741298212605,0.9705882352941176,0.19008264462809918,0.0,1.0,2
353,certificate,3,18.0,1.0,0.96,1.25,1944,20,2,274,0.9898167006109979,0.998972250770812,0.9943734015345269,0.993920972644377,0.06802721088435375,0.0,1.0,5
354,certificate,3,18.0,1.0,0.96,1.25,1875,12,18,335,0.9936406995230525,0.9904912836767037,0.9920634920634921,0.9475409836065574,0.0345821325648415,0.0012594458438287153,1.0,4
355,certificate,3,18.0,1.0,0.96,1.25,1996,45,52,147,0.9779519843214111,0.974609375,0.9762778185375397,0.8774038461538461,0.234375,0.0006127450980392157,1.0,4
356,certificate,3,18.0,1.0,0.96,1.25,1614,21,9,596,0.9871559633027523,0.9944547134935305,0.990791896869245,0.9731543624161074,0.03403565640194489,0.0007547169811320754,1.0,7
357,certificate,3,18.0,1.0,0.96,1.25,1812,42,19,367,0.9773462783171522,0.9896231567449482,0.9834464043419268,0.9370860927152318,0.10268948655256724,0.0,1.0,6
358,certificate,3,18.0,1.0,0.96,1.25,1741,24,4,471,0.9864022662889519,0.9977077363896848,0.992022792022792,0.9935691318327974,0.048484848484848485,0.001394700139470014,1.0,8
359,certificate,3,18.0,1.0,0.96,1.25,1800,40,9,391,0.9782608695652174,0.9950248756218906,0.9865716634694438,0.972027972027972,0.09280742459396751,0.0006565988181221273,1.0,6
360,certificate,3,18.0,1.0,0.96,1.25,1758,28,1,453,0.9843225083986562,0.9994314951677089,0.9918194640338505,0.9968454258675079,0.058212058212058215,0.0,1.0,7
361,ttl_short,3,30.0,1.0,0.96,1.25,1484,18,359,379,0.9880159786950732,0.8052088985349973,0.8872944693572496,0.23717948717948717,0.04534005037783375,0.0014545454545454545,0.9714285714285714,43
362,ttl_short,3,30.0,1.0,0.96,1.25,1452,14,353,421,0.990450204638472,0.804432132963989,0.8878018954448181,0.23529411764705882,0.03218390804597701,0.0014858841010401188,0.9696969696969697,40
363,ttl_short,3,30.0,1.0,0.96,1.25,1518,6,402,314,0.9960629921259843,0.790625,0.8815331010452963,0.2237354085603113,0.01875,0.0021337126600284497,0.9375,41
364,ttl_short,3,30.0,1.0,0.96,1.25,1438,14,426,362,0.990358126721763,0.7714592274678111,0.8673100120627261,0.1931166347992352,0.03723404255319149,0.002982848620432513,0.9354838709677419,38
365,ttl_short,3,30.0,1.0,0.96,1.25,1347,23,320,550,0.9832116788321168,0.8080383923215357,0.887059598287784,0.22926829268292684,0.04013961605584642,0.0031821797931583136,0.9333333333333333,40
366,ttl_short,3,30.0,1.0,0.96,1.25,1565,5,434,236,0.9968152866242038,0.7828914457228614,0.8769963575231157,0.2210144927536232,0.02074688796680498,0.0027643400138217,0.8918918918918919,43
367,ttl_short,3,30.0,1.0,0.96,1.25,1568,6,475,191,0.9961880559085133,0.767498776309349,0.867016864805087,0.1568627450980392,0.030456852791878174,0.001349527665317139,0.9565217391304348,31
368,ttl_short,3,30.0,1.0,0.96,1.25,1649,12,445,134,0.9927754364840458,0.7874880611270296,0.8782956058588549,0.2075134168157424,0.0821917808219178,0.0013029315960912053,0.9743589743589743,44
369,ttl_short,3,30.0,1.0,0.96,1.25,1516,9,468,247,0.9940983606557378,0.7641129032258065,0.8640638358506697,0.16903914590747332,0.03515625,0.0007032348804500703,0.9642857142857143,35
370,ttl_short,3,30.0,1.0,0.96,1.25,1445,11,417,367,0.992445054945055,0.776047261009667,0.8710066305003014,0.21172022684310018,0.0291005291005291,0.0,1.0,42
371,ttl_short,3,30.0,1.0,0.96,1.25,1613,6,436,185,0.9962940086473132,0.7872132747681796,0.8794983642311887,0.21272727272727274,0.031413612565445025,0.0020013342228152103,0.9459459459459459,42
372,ttl_short,3,30.0,1.0,0.96,1.25,1559,15,401,265,0.9904701397712834,0.7954081632653062,0.8822863610639503,0.22612085769980506,0.05357142857142857,0.0027643400138217,0.9210526315789473,46
373,ttl_short,3,30.0,1.0,0.96,1.25,1512,6,474,248,0.9960474308300395,0.7613293051359517,0.8630136986301371,0.1759581881533101,0.023622047244094488,0.000708215297450425,0.9655172413793104,36
374,ttl_short,3,30.0,1.0,0.96,1.25,1525,15,419,281,0.9902597402597403,0.7844650205761317,0.8754305396096441,0.19455252918287938,0.05067567567567568,0.0034965034965034965,0.875,39
375,ttl_short,3,30.0,1.0,0.96,1.25,1584,7,472,177,0.9956002514142049,0.7704280155642024,0.8686591719221278,0.1969178082191781,0.03804347826086957,0.0020380434782608695,0.9142857142857143,42
376,ttl_short,3,30.0,1.0,0.96,1.25,1501,15,442,282,0.9901055408970977,0.7725167267112713,0.8678808904307603,0.1875,0.050505050505050504,0.0,1.0,39
377,ttl_short,3,30.0,1.0,0.96,1.25,1713,2,440,85,0.9988338192419826,0.7956339990710636,0.8857290589451913,0.2356020942408377,0.022988505747126436,0.0012658227848101266,0.9534883720930233,47
378,ttl_short,3,30.0,1.0,0.96,1.25,1544,3,413,280,0.9980607627666451,0.7889626980071538,0.8812785388127854,0.22556390977443608,0.01060070671378092,0.0007017543859649122,0.972972972972973,43
379,ttl_short,3,30.0,1.0,0.96,1.25,1568,6,463,203,0.9961880559085133,0.7720334810438207,0.8699029126213591,0.17907801418439717,0.028708133971291867,0.0,1.0,36
380,ttl_short,3,30.0,1.0,0.96,1.25,1476,6,441,317,0.9959514170040485,0.7699530516431925,0.8684907325684025,0.18587360594795538,0.018575851393188854,0.002175489485134155,0.9354838709677419,35
381,ttl_short,3,30.0,1.0,0.96,1.25,1511,6,367,356,0.996044825313118,0.8045793397231097,0.8901325478645066,0.2422360248447205,0.016574585635359115,0.0007168458781362007,0.9705882352941176,41
382,ttl_short,3,30.0,1.0,0.96,1.25,1457,16,381,386,0.9891378139850645,0.7927094668117519,0.8800966475385079,0.2229038854805726,0.03980099502487562,0.0007412898443291327,0.9705882352941176,42
383,ttl_short,3,30.0,1.0,0.96,1.25,1562,9,445,224,0.9942711648631445,0.7782760338814151,0.8731134712129681,0.21908127208480566,0.03862660944206009,0.002081887578070784,0.9736842105263158,43
384,ttl_short,3,30.0,1.0,0.96,1.25,1390,9,401,440,0.993566833452466,0.7761027359017308,0.8714733542319749,0.2079207920792079,0.0200445434298441,0.0007776049766718507,0.9655172413793104,38
385,ttl_short,3,30.0,1.0,0.96,1.25,1448,12,331,449,0.9917808219178083,0.8139404159640248,0.8941031182463723,0.25396825396825395,0.026030368763557483,0.0014947683109118087,1.0,41
386,ttl_short,3,30.0,1.0,0.96,1.25,1584,9,467,180,0.9943502824858758,0.7723061921014139,0.8693743139407244,0.2,0.047619047619047616,0.0020394289598912306,1.0,42
387,ttl_short,3,30.0,1.0,0.96,1.25,1574,12,412,242,0.9924337957124842,0.7925478348439073,0.8812989921612542,0.21523809523809523,0.047244094488188976,0.0,1.0,43
388,ttl_short,3,30.0,1.0,0.96,1.25,1598,15,383,244,0.990700557966522,0.8066633013629481,0.889259877573734,0.22085889570552147,0.05791505791505792,0.0013404825737265416,1.0,41
389,ttl_short,3,30.0,1.0,0.96,1.25,1599,15,356,270,0.9907063197026023,0.8179028132992328,0.8960493135332026,0.2336244541484716,0.05263157894736842,0.0033400133600534404,0.9117647058823529,40
390,ttl_short,3,30.0,1.0,0.96,1.25,1512,4,411,313,0.9973614775725593,0.7862714508580343,0.8793253852864205,0.22115384615384615,0.012618296529968454,0.0042765502494654314,0.9166666666666666,41
391,ttl_short,3,30.0,1.0,0.96,1.25,1403,11,378,448,0.9922206506364922,0.7877596855699045,0.878247261345853,0.2157676348547718,0.023965141612200435,0.0,1.0,39
392,ttl_short,3,30.0,1.0,0.96,1.25,1648,9,389,194,0.9945684972842487,0.8090328915071183,0.8922577152138603,0.255278310940499,0.04433497536945813,0.0006596306068601583,1.0,46
393,ttl_short,3,30.0,1.0,0.96,1.25,1571,15,357,297,0.9905422446406053,0.8148340248962656,0.8941377347751849,0.24364406779661016,0.04807692307692308,0.0,1.0,44
394,ttl_short,3,30.0,1.0,0.96,1.25,1562,7,432,239,0.9955385595920969,0.7833500501504513,0.8767892225652539,0.19662921348314608,0.028455284552845527,0.002054794520547945,0.96875,38
395,ttl_short,3,30.0,1.0,0.96,1.25,1567,8,486,179,0.9949206349206349,0.763273258645884,0.8638368246968026,0.19365609348914858,0.0427807486631016,0.0020632737276478678,0.9722222222222222,42
396,ttl_short,3,30.0,1.0,0.96,1.25,1292,17,397,534,0.987012987012987,0.7649496743635287,0.8619079386257504,0.18480492813141683,0.030852994555353903,0.0,1.0,36
397,ttl_short,3,30.0,1.0,0.96,1.25,1296,21,435,488,0.9840546697038725,0.7487001733102253,0.8503937007874015,0.16570327552986513,0.0412573673870334,0.0016501650165016502,0.9615384615384616,36
398,ttl_short,3,30.0,1.0,0.96,1.25,1717,6,400,117,0.9965177016831108,0.8110533774208786,0.8942708333333332,0.21301775147928995,0.04878048780487805,0.0006211180124223603,0.96875,39
399,ttl_short,3,30.0,1.0,0.96,1.25,1392,18,296,534,0.9872340425531915,0.8246445497630331,0.8986442866365396,0.26448362720403024,0.03260869565217391,0.003098373353989156,0.9090909090909091,42
400,ttl_short,3,30.0,1.0,0.96,1.25,1616,6,469,149,0.9963008631319359,0.7750599520383693,0.8718640410035069,0.21512605042016808,0.03870967741935484,0.0013422818791946308,0.95,45
401,ttl_short,3,30.0,1.0,0.96,1.25,1508,14,364,354,0.9908015768725361,0.8055555555555556,0.8886269888037714,0.23516949152542374,0.03804347826086957,0.002142857142857143,0.9142857142857143,43
402,ttl_short,3,30.0,1.0,0.96,1.25,1621,6,457,156,0.9963122311001844,0.7800769971126083,0.875033738191633,0.19395017793594305,0.037037037037037035,0.002638522427440633,0.9375,39
403,ttl_short,3,30.0,1.0,0.96,1.25,1360,15,439,426,0.9890909090909091,0.7559755419677598,0.856962822936358,0.17702448210922786,0.034013605442176874,0.0015772870662460567,0.9259259259259259,37
404,ttl_short,3,30.0,1.0,0.96,1.25,1645,6,464,125,0.9963658388855239,0.7799905168326221,0.8750000000000001,0.21258503401360543,0.04580152671755725,0.0006574621959237344,0.9736842105263158,44
405,ttl_short,3,30.0,1.0,0.96,1.25,1548,12,386,294,0.9923076923076923,0.8004136504653567,0.8860904407555811,0.21428571428571427,0.0392156862745098,0.0006925207756232687,0.9666666666666667,38
406,ttl_short,3,30.0,1.0,0.96,1.25,1400,9,372,459,0.99361249112846,0.7900677200902935,0.8802263439170073,0.22151898734177214,0.019230769230769232,0.0023112480739599386,0.9032258064516129,38
407,ttl_short,3,30.0,1.0,0.96,1.25,1500,9,419,312,0.9940357852882704,0.7816571130797291,0.8751458576429406,0.20038167938931298,0.028037383177570093,0.0,1.0,39
408,ttl_short,3,30.0,1.0,0.96,1.25,1454,9,351,426,0.9938482570061518,0.8055401662049861,0.8898408812729499,0.2288888888888889,0.020689655172413793,0.002952029520295203,0.9333333333333333,36
409,ttl_short,3,30.0,1.0,0.96,1.25,1511,14,451,264,0.9908196721311475,0.7701325178389399,0.8666475480355608,0.18874773139745918,0.050359712230215826,0.002834868887313962,0.9393939393939394,40
410,ttl_short,3,30.0,1.0,0.96,1.25,1336,18,372,514,0.9867060561299852,0.7822014051522248,0.8726322664924885,0.2168421052631579,0.03383458646616541,0.0,1.0,41
411,ttl_short,3,30.0,1.0,0.96,1.25,1559,8,413,260,0.9948947032546267,0.7905679513184585,0.8810398417632099,0.21001926782273603,0.029850746268656716,0.0020646937370956643,0.9032258064516129,39
412,ttl_short,3,30.0,1.0,0.96,1.25,1666,3,414,157,0.9982025164769323,0.8009615384615385,0.8887703387570018,0.225140712945591,0.01875,0.0006464124111182935,0.972972972972973,42
413,ttl_short,3,30.0,1.0,0.96,1.25,1573,15,397,255,0.9905541561712846,0.7984771573604061,0.8842046093310849,0.2379110251450677,0.05555555555555555,0.0020646937370956643,0.925,47
414,ttl_short,3,30.0,1.0,0.96,1.25,1578,12,402,248,0.9924528301886792,0.796969696969697,0.8840336134453781,0.23473282442748092,0.046153846153846156,0.0006868131868131869,0.975,45
415,ttl_short,3,30.0,1.0,0.96,1.25,1383,10,382,465,0.9928212491026561,0.7835694050991502,0.8758708043065232,0.2112970711297071,0.021052631578947368,0.003885003885003885,0.9,38
416,ttl_short,3,30.0,1.0,0.96,1.25,1621,6,385,228,0.9963122311001844,0.8080757726819542,0.8923754472887422,0.24705882352941178,0.02564102564102564,0.0006684491978609625,0.9736842105263158,45
417,ttl_short,3,30.0,1.0,0.96,1.25,1620,12,420,188,0.9926470588235294,0.7941176470588235,0.8823529411764706,0.23562152133580705,0.06,0.005329780146568954,0.8333333333333334,47
418,ttl_short,3,30.0,1.0,0.96,1.25,1404,18,356,462,0.9873417721518988,0.7977272727272727,0.8824638592080453,0.22440087145969498,0.0375,0.0,1.0,41
419,ttl_short,3,30.0,1.0,0.96,1.25,1590,9,457,184,0.9943714821763602,0.7767464582315584,0.8721886999451454,0.21143847487001732,0.046632124352331605,0.0013605442176870747,0.972972972972973,43
420,ttl_short,3,30.0,1.0,0.96,1.25,1659,6,443,132,0.9963963963963964,0.7892483349191246,0.8808070082293602,0.20323741007194246,0.043478260869565216,0.0,1.0,37
421,ttl_short,3,30.0,1.0,0.96,1.25,1607,10,426,197,0.9938157081014224,0.7904574520413182,0.8805479452054795,0.20747663551401868,0.04830917874396135,0.0013351134846461949,0.9714285714285714,41
422,ttl_short,3,30.0,1.0,0.96,1.25,1550,15,457,218,0.9904153354632588,0.7722969606377678,0.8678611422172453,0.20175438596491227,0.06437768240343347,0.0013917884481558804,0.9473684210526315,43
423,ttl_short,3,30.0,1.0,0.96,1.25,1624,9,434,173,0.994488671157379,0.7891156462585034,0.8799783256570035,0.2336283185840708,0.04945054945054945,0.0006697923643670462,0.975609756097561,46
424,ttl_short,3,30.0,1.0,0.96,1.25,1565,11,413,251,0.993020304568528,0.7912032355915066,0.8806978052898143,0.20388349514563106,0.04198473282442748,0.002050580997949419,0.9393939393939394,39
425,ttl_short,3,30.0,1.0,0.96,1.25,1527,8,446,259,0.9947882736156352,0.7739483020780538,0.8705815279361461,0.19529837251356238,0.0299625468164794,0.0007042253521126761,1.0,39
426,ttl_short,3,30.0,1.0,0.96,1.25,1306,6,443,485,0.9954268292682927,0.7467124070897656,0.8533159098333879,0.16729323308270677,0.012219959266802444,0.0,1.0,30
427,ttl_short,3,30.0,1.0,0.96,1.25,1593,6,365,276,0.9962476547842402,0.813585291113381,0.8956986224346358,0.26476578411405294,0.02127659574468085,0.0027266530334014998,0.9047619047619048,46
428,ttl_short,3,30.0,1.0,0.96,1.25,1470,11,502,257,0.9925725860904794,0.7454361054766734,0.8514335360556039,0.16472545757071547,0.041044776119402986,0.0,1.0,37
429,ttl_short,3,30.0,1.0,0.96,1.25,1555,8,438,239,0.9948816378758797,0.7802308078273958,0.8745781777277839,0.20976491862567812,0.032388663967611336,0.0006944444444444445,0.9722222222222222,41
430,ttl_short,3,30.0,1.0,0.96,1.25,1484,11,418,327,0.9926421404682274,0.7802313354363828,0.8737120989108037,0.19305019305019305,0.03254437869822485,0.0,1.0,37
431,ttl_short,3,30.0,1.0,0.96,1.25,1702,6,413,119,0.9964871194379391,0.8047281323877069,0.8904002092597436,0.23507462686567165,0.048,0.0018999366687777073,0.975,44
432,ttl_short,3,30.0,1.0,0.96,1.25,1588,12,433,207,0.9925,0.7857496288965858,0.8771057718862193,0.20260223048327136,0.0547945205479452,0.0026972353337828725,0.9705882352941176,40
433,ttl_short,3,30.0,1.0,0.96,1.25,1614,12,424,190,0.992619926199262,0.7919528949950932,0.8810043668122272,0.22977941176470587,0.0594059405940594,0.0033467202141900937,0.9473684210526315,46
434,ttl_short,3,30.0,1.0,0.96,1.25,1600,6,502,132,0.9962640099626401,0.7611798287345385,0.8629989212513484,0.16220735785953178,0.043478260869565216,0.0006648936170212766,1.0,34
435,ttl_short,3,30.0,1.0,0.96,1.25,1610,3,480,147,0.9981401115933044,0.7703349282296651,0.8695652173913043,0.1839863713798978,0.02,0.0006653359946773121,0.9666666666666667,38
436,ttl_short,3,30.0,1.0,0.96,1.25,1645,6,455,134,0.9963658388855239,0.7833333333333333,0.8770994401492934,0.19858156028368795,0.04285714285714286,0.001953125,0.9459459459459459,41
437,ttl_short,3,30.0,1.0,0.96,1.25,1536,3,387,314,0.9980506822612085,0.7987519500780031,0.8873483535528597,0.2440944881889764,0.00946372239747634,0.0021201413427561835,0.918918918918919,43
438,ttl_short,3,30.0,1.0,0.96,1.25,1527,18,391,304,0.9883495145631068,0.7961418143899895,0.8818943112907883,0.222,0.055900621118012424,0.0014104372355430183,0.9444444444444444,43
439,ttl_short,3,30.0,1.0,0.96,1.25,1394,20,373,453,0.9858557284299858,0.788907753254103,0.87645394530022,0.19870410367170627,0.042283298097251586,0.0015337423312883436,0.9655172413793104,37
440,ttl_short,3,30.0,1.0,0.96,1.25,1680,6,395,159,0.99644128113879,0.8096385542168675,0.8933794203669237,0.2504743833017078,0.03636363636363636,0.0,1.0,45
441,ttl_short,3,30.0,1.0,0.96,1.25,1478,9,375,378,0.9939475453934096,0.7976254722072316,0.8850299401197605,0.23251028806584362,0.023255813953488372,0.001463057790782736,0.9393939393939394,40
442,ttl_short,3,30.0,1.0,0.96,1.25,1438,15,429,358,0.9896765313145217,0.7702196036422068,0.866265060240964,0.19736842105263158,0.040214477211796246,0.00149812734082397,0.9375,41
443,ttl_short,3,30.0,1.0,0.96,1.25,1455,12,303,470,0.9918200408997955,0.8276450511945392,0.9023255813953488,0.2711864406779661,0.024896265560165973,0.001486988847583643,0.9714285714285714,42
444,ttl_short,3,30.0,1.0,0.96,1.25,1523,10,409,298,0.9934768427919113,0.7883022774327122,0.8790764790764791,0.22072936660268713,0.032467532467532464,0.002126151665485471,0.9117647058823529,41
445,ttl_short,3,30.0,1.0,0.96,1.25,1642,10,375,213,0.9939467312348669,0.8140803173029252,0.8950667756881985,0.25,0.04484304932735426,0.0019723865877712033,0.9230769230769231,45
446,ttl_short,3,30.0,1.0,0.96,1.25,1557,9,425,249,0.9942528735632183,0.7855701311806257,0.8776775648252537,0.2003780718336484,0.03488372093023256,0.0013764624913971094,0.9375,39
447,ttl_short,3,30.0,1.0,0.96,1.25,1653,12,382,193,0.9927927927927928,0.8122850122850123,0.8935135135135134,0.23340040241448692,0.05853658536585366,0.0006501950585175553,1.0,43
448,ttl_short,3,30.0,1.0,0.96,1.25,1787,0,453,0,1.0,0.7977678571428571,0.8875093121430345,0.22145328719723184,0.0,0.0018050541516245488,0.9512195121951219,44
449,ttl_short,3,30.0,1.0,0.96,1.25,1290,16,362,572,0.9877488514548239,0.7808716707021792,0.8722109533468559,0.2026431718061674,0.027210884353741496,0.0,1.0,36
450,ttl_short,3,30.0,1.0,0.96,1.25,1474,12,445,309,0.9919246298788694,0.7681083897863471,0.8657856093979442,0.1900369003690037,0.037383177570093455,0.004357298474945534,0.9032258064516129,38
451,ttl_short,3,30.0,1.0,0.96,1.25,1520,12,379,329,0.9921671018276762,0.8004212743549236,0.8860390556689011,0.23217922606924643,0.03519061583577713,0.0014204545454545455,0.9705882352941176,41
452,ttl_short,3,30.0,1.0,0.96,1.25,1553,6,460,221,0.9961513790891597,0.771485345255837,0.8695408734602463,0.19332161687170474,0.02643171806167401,0.0006925207756232687,0.9696969696969697,39
453,ttl_short,3,30.0,1.0,0.96,1.25,1543,15,384,298,0.9903722721437741,0.8007265179034769,0.8855093256814921,0.24055666003976142,0.04792332268370607,0.0014044943820224719,0.9487179487179487,46
454,ttl_short,3,30.0,1.0,0.96,1.25,1438,18,394,390,0.9876373626373627,0.7849344978165939,0.8746958637469586,0.20892494929006086,0.04411764705882353,0.002987303958177745,0.9117647058823529,42
455,ttl_short,3,30.0,1.0,0.96,1.25,1420,12,409,399,0.9916201117318436,0.7763805358119191,0.8708984973934376,0.203125,0.029197080291970802,0.0007593014426727411,0.9642857142857143,39
456,ttl_short,3,30.0,1.0,0.96,1.25,1661,9,388,182,0.9946107784431137,0.810639336261591,0.8932508738908308,0.24165029469548133,0.04712041884816754,0.0012987012987012987,0.975,45
457,ttl_short,3,30.0,1.0,0.96,1.25,1579,6,464,191,0.9962145110410094,0.7728830151737641,0.87045203969129,0.20344827586206896,0.030456852791878174,0.001367053998632946,0.9722222222222222,41
458,ttl_short,3,30.0,1.0,0.96,1.25,1574,15,436,215,0.9905601006922593,0.7830845771144279,0.8746874131703252,0.22719141323792486,0.06521739130434782,0.0027567195037904893,0.9069767441860465,48
459,ttl_short,3,30.0,1.0,0.96,1.25,1514,17,369,340,0.9888961463096015,0.8040361125862985,0.8869361452841242,0.2301255230125523,0.047619047619047616,0.0007117437722419929,1.0,43
460,ttl_short,3,30.0,1.0,0.96,1.25,1486,12,388,354,0.9919893190921228,0.7929562433297759,0.8813760379596678,0.21149897330595482,0.03278688524590164,0.002883922134102379,0.90625,38
461,ttl_short,3,30.0,1.0,0.96,1.25,1342,18,360,520,0.986764705882353,0.7884841363102233,0.8765512736773351,0.22270742358078602,0.03345724907063197,0.003215434083601286,0.8666666666666667,40
462,ttl_short,3,30.0,1.0,0.96,1.25,1521,11,370,338,0.9928198433420365,0.8043363299841354,0.8886941279579317,0.22431865828092243,0.03151862464183381,0.0,1.0,40
463,ttl_short,3,30.0,1.0,0.96,1.25,1583,9,448,200,0.9943467336683417,0.7794190054160512,0.8738614407949215,0.2003577817531306,0.0430622009569378,0.0006793478260869565,0.9714285714285714,41
464,ttl_short,3,30.0,1.0,0.96,1.25,1348,10,374,508,0.9926362297496318,0.7828106852497096,0.8753246753246753,0.19957081545064378,0.019305019305019305,0.0007961783439490446,1.0,35
465,ttl_short,3,30.0,1.0,0.96,1.25,1550,6,433,251,0.9961439588688946,0.7816439737771054,0.87595365922577,0.1970260223048327,0.023346303501945526,0.0006920415224913495,1.0,37
466,ttl_short,3,30.0,1.0,0.96,1.25,1445,9,423,363,0.9938101788170564,0.7735546038543897,0.8699578567128236,0.1961904761904762,0.024193548387096774,0.0007446016381236039,0.9655172413793104,37
467,ttl_short,3,30.0,1.0,0.96,1.25,1405,12,401,422,0.9915314043754411,0.7779623477297896,0.8718585169097114,0.21456692913385828,0.027649769585253458,0.0015408320493066256,0.9696969696969697,40
468,ttl_short,3,30.0,1.0,0.96,1.25,1517,9,387,327,0.9941022280471822,0.7967436974789915,0.8845481049562681,0.18008474576271186,0.026785714285714284,0.0,1.0,33
469,ttl_short,3,30.0,1.0,0.96,1.25,1720,4,420,96,0.9976798143851509,0.8037383177570093,0.8902691511387163,0.2522361359570662,0.04,0.001265022137887413,0.9545454545454546,48
470,ttl_short,3,30.0,1.0,0.96,1.25,1530,9,381,320,0.9941520467836257,0.8006279434850864,0.8869565217391304,0.23279352226720648,0.02735562310030395,0.0014114326040931546,0.9714285714285714,41
471,ttl_short,3,30.0,1.0,0.96,1.25,1530,8,476,226,0.9947984395318595,0.7627118644067796,0.863431151241535,0.18835616438356165,0.03418803418803419,0.0014064697609001407,0.9696969696969697,40
472,ttl_short,3,30.0,1.0,0.96,1.25,1615,3,400,222,0.9981458590852905,0.8014888337468983,0.8890723919625655,0.23563218390804597,0.013333333333333334,0.0006697923643670462,0.9743589743589743,43
473,ttl_short,3,30.0,1.0,0.96,1.25,1694,3,453,90,0.9982321744254566,0.7890079180251514,0.8813735691987513,0.22336769759450173,0.03225806451612903,0.0006389776357827476,0.975609756097561,45
474,ttl_short,3,30.0,1.0,0.96,1.25,1602,3,491,144,0.9981308411214953,0.7654085045389393,0.8664142779881016,0.1750841750841751,0.02040816326530612,0.00066711140760507,1.0,36
475,ttl_short,3,30.0,1.0,0.96,1.25,1567,4,527,142,0.9974538510502864,0.7483285577841452,0.8551159618008185,0.1761006289308176,0.0273972602739726,0.00205761316872428,0.9090909090909091,39
476,ttl_short,3,30.0,1.0,0.96,1.25,1344,16,429,451,0.9882352941176471,0.7580372250423012,0.8579636131503352,0.15581854043392504,0.034261241970021415,0.0007898894154818325,0.9545454545454546,31
477,ttl_short,3,30.0,1.0,0.96,1.25,1520,18,316,386,0.988296488946684,0.8278867102396514,0.9010077059869591,0.26635514018691586,0.04455445544554455,0.0014204545454545455,0.9722222222222222,44
478,ttl_short,3,30.0,1.0,0.96,1.25,1482,12,299,447,0.9919678714859438,0.8321167883211679,0.9050381679389313,0.2512690355329949,0.026143790849673203,0.002883922134102379,0.8620689655172413,37
479,ttl_short,3,30.0,1.0,0.96,1.25,1555,6,509,170,0.9961563100576554,0.7533914728682171,0.8579310344827588,0.16584564860426929,0.03409090909090909,0.0006872852233676976,0.967741935483871,35
480,ttl_short,3,30.0,1.0,0.96,1.25,1543,9,449,239,0.9942010309278351,0.7745983935742972,0.8707674943566592,0.1992818671454219,0.036290322580645164,0.0020905923344947735,0.90625,39
481,long_memory,3,30.0,1.0,0.96,1.25,2114,83,14,29,0.9622212107419208,0.993421052631579,0.9775722543352601,0.9769094138543517,0.7410714285714286,0.0006389776357827476,1.0,2
482,long_memory,3,30.0,1.0,0.96,1.25,2046,112,18,64,0.9481000926784059,0.9912790697674418,0.9692089057318807,0.9630390143737166,0.6363636363636364,0.0,1.0,4
483,long_memory,3,30.0,1.0,0.96,1.25,2158,30,27,25,0.9862888482632541,0.9876430205949657,0.9869654699291104,0.9573770491803278,0.5454545454545454,0.0006349206349206349,1.0,4
484,long_memory,3,30.0,1.0,0.96,1.25,1906,173,28,133,0.9167869167869168,0.9855222337125129,0.9499127834537753,0.9472573839662447,0.565359477124183,0.002054794520547945,1.0,6
485,long_memory,3,30.0,1.0,0.96,1.25,1995,80,34,131,0.9614457831325302,0.9832429768358797,0.9722222222222223,0.9384328358208955,0.3791469194312796,0.0006697923643670462,1.0,3
486,long_memory,3,30.0,1.0,0.96,1.25,1919,118,57,146,0.9420716740304369,0.9711538461538461,0.9563917268876153,0.8953271028037383,0.44696969696969696,0.0006939625260235947,0.972972972972973,4
487,long_memory,3,30.0,1.0,0.96,1.25,1987,106,30,117,0.9493549928332538,0.985126425384234,0.9669099756690999,0.946236559139785,0.47533632286995514,0.0,1.0,5
488,long_memory,3,30.0,1.0,0.96,1.25,2144,50,10,36,0.9772105742935278,0.9953574744661096,0.9862005519779209,0.9846153846153847,0.5813953488372093,0.0006373486297004461,1.0,1
489,long_memory,3,30.0,1.0,0.96,1.25,1800,113,90,237,0.9409304756926293,0.9523809523809523,0.9466210886142519,0.8327067669172933,0.32285714285714284,0.0007363770250368188,0.967741935483871,7
490,long_memory,3,30.0,1.0,0.96,1.25,1998,90,10,142,0.9568965517241379,0.9950199203187251,0.9755859375,0.9853896103896104,0.3879310344827586,0.0007183908045977011,1.0,4
491,long_memory,3,30.0,1.0,0.96,1.25,1953,147,44,96,0.93,0.9779669504256384,0.9533805223334146,0.9242685025817556,0.6049382716049383,0.0,1.0,6
492,long_memory,3,30.0,1.0,0.96,1.25,1931,118,36,155,0.9424109321620303,0.9816980172852059,0.9616533864541833,0.9401408450704225,0.43223443223443225,0.0014295925661186562,1.0,6
493,long_memory,3,30.0,1.0,0.96,1.25,2000,117,62,61,0.944733112895607,0.9699321047526673,0.9571667863125151,0.8849056603773585,0.6573033707865169,0.0006527415143603133,1.0,4
494,long_memory,3,30.0,1.0,0.96,1.25,1890,148,30,172,0.9273797841020608,0.984375,0.9550277918140475,0.9405737704918032,0.4625,0.0006983240223463687,1.0,5
495,long_memory,3,30.0,1.0,0.96,1.25,2004,80,22,134,0.9616122840690979,0.9891411648568608,0.9751824817518248,0.9637305699481865,0.37383177570093457,0.000691085003455425,1.0,3
496,long_memory,3,30.0,1.0,0.96,1.25,1787,163,26,264,0.9164102564102564,0.9856591285162714,0.9497741163964921,0.949119373776908,0.38173302107728335,0.0,1.0,6
497,long_memory,3,30.0,1.0,0.96,1.25,1955,82,27,176,0.9597447226313206,0.986377396569122,0.972878825578502,0.9520426287744227,0.3178294573643411,0.0,1.0,5
498,long_memory,3,30.0,1.0,0.96,1.25,1912,120,19,189,0.9409448818897638,0.9901605385810461,0.9649255614433511,0.9644268774703557,0.3883495145631068,0.0007017543859649122,1.0,5
499,long_memory,3,30.0,1.0,0.96,1.25,2164,30,24,22,0.9863263445761167,0.9890310786106032,0.9876768598813327,0.9614035087719298,0.5769230769230769,0.0012360939431396785,1.0,1
500,long_memory,3,30.0,1.0,0.96,1.25,1981,55,20,184,0.9729862475442044,0.9900049975012494,0.9814218479068615,0.9647887323943662,0.2301255230125523,0.0,1.0,3
501,long_memory,3,30.0,1.0,0.96,1.25,1955,120,4,161,0.9421686746987952,0.9979581419091373,0.969261279127417,0.99609375,0.42704626334519574,0.00138217000691085,1.0,6
502,long_memory,3,30.0,1.0,0.96,1.25,1894,134,17,195,0.9339250493096647,0.9911041339612768,0.9616653973089617,0.9656565656565657,0.4072948328267477,0.0,1.0,4
503,long_memory,3,30.0,1.0,0.96,1.25,1943,97,57,143,0.9524509803921568,0.9715,0.9618811881188118,0.9026086956521739,0.4041666666666667,0.0007017543859649122,1.0,5
504,long_memory,3,30.0,1.0,0.96,1.25,1506,227,26,481,0.8690132717830352,0.9830287206266318,0.922511485451761,0.9383033419023136,0.3206214689265537,0.0017497812773403325,1.0,8
505,long_memory,3,30.0,1.0,0.96,1.25,1944,113,27,156,0.9450656295576082,0.9863013698630136,0.9652432969215491,0.9432773109243697,0.4200743494423792,0.0,1.0,4
506,long_memory,3,30.0,1.0,0.96,1.25,1838,128,34,240,0.9348931841302136,0.9818376068376068,0.9577905158936946,0.9311064718162839,0.34782608695652173,0.0007178750897343862,1.0,5
507,long_memory,3,30.0,1.0,0.96,1.25,1610,208,69,353,0.8855885588558856,0.958904109589041,0.9207892479267944,0.8537117903930131,0.37076648841354726,0.001638001638001638,1.0,9
508,long_memory,3,30.0,1.0,0.96,1.25,1818,170,48,204,0.9144869215291751,0.9742765273311897,0.9434353918007266,0.9,0.45454545454545453,0.0,1.0,5
509,long_memory,3,30.0,1.0,0.96,1.25,1806,149,35,250,0.9237851662404092,0.9809885931558935,0.9515279241306637,0.9363636363636364,0.37343358395989973,0.0,1.0,6
510,long_memory,3,30.0,1.0,0.96,1.25,1720,167,46,307,0.9114997350291468,0.9739524348810872,0.9416917601970983,0.9035639412997903,0.35232067510548526,0.0,1.0,6
511,long_memory,3,30.0,1.0,0.96,1.25,1911,104,83,142,0.9483870967741935,0.9583751253761283,0.9533549513594413,0.8640939597315436,0.42276422764227645,0.001430615164520744,0.9666666666666667,8
512,long_memory,3,30.0,1.0,0.96,1.25,1671,197,55,317,0.8945396145610278,0.9681344148319815,0.9298831385642738,0.880184331797235,0.3832684824902724,0.0023219814241486067,1.0,6
513,long_memory,3,30.0,1.0,0.96,1.25,2051,85,21,83,0.9602059925093633,0.9898648648648649,0.974809885931559,0.966728280961183,0.5059523809523809,0.001959503592423253,1.0,3
514,long_memory,3,30.0,1.0,0.96,1.25,1674,186,45,335,0.9,0.9738219895287958,0.9354568315171836,0.897025171624714,0.3570057581573896,0.0,1.0,6
515,long_memory,3,30.0,1.0,0.96,1.25,1735,179,25,301,0.906478578892372,0.9857954545454546,0.944474686989657,0.9507874015748031,0.3729166666666667,0.0,1.0,6
516,long_memory,3,30.0,1.0,0.96,1.25,2022,55,41,122,0.9735194992778046,0.9801260300533204,0.9768115942028986,0.9258589511754068,0.3107344632768362,0.0,1.0,5
517,long_memory,3,30.0,1.0,0.96,1.25,1862,121,40,217,0.9389813414019162,0.9789695057833859,0.9585585585585585,0.9120879120879121,0.35798816568047337,0.0,1.0,5
518,long_memory,3,30.0,1.0,0.96,1.25,1970,121,23,126,0.9421329507412721,0.9884596086302058,0.9647404505386876,0.9536290322580645,0.4898785425101215,0.0,1.0,4
519,long_memory,3,30.0,1.0,0.96,1.25,1904,93,51,192,0.9534301452178268,0.9739130434782609,0.9635627530364373,0.9028571428571428,0.3263157894736842,0.0,1.0,3
520,long_memory,3,30.0,1.0,0.96,1.25,1919,120,31,170,0.9411476213830309,0.9841025641025641,0.9621459012283781,0.9415094339622642,0.41379310344827586,0.0,1.0,4
521,long_memory,3,30.0,1.0,0.96,1.25,1875,149,12,204,0.9263833992094862,0.9936406995230525,0.9588340577857325,0.9807321772639692,0.42209631728045327,0.0014619883040935672,1.0,9
522,long_memory,3,30.0,1.0,0.96,1.25,1965,134,19,122,0.9361600762267747,0.9904233870967742,0.9625275532696548,0.9616161616161616,0.5234375,0.0,1.0,4
523,long_memory,3,30.0,1.0,0.96,1.25,1835,147,48,210,0.925832492431887,0.9745087626128518,0.9495472186287193,0.901840490797546,0.4117647058823529,0.0,1.0,5
524,long_memory,3,30.0,1.0,0.96,1.25,1868,128,44,200,0.935871743486974,0.9769874476987448,0.9559877175025588,0.9153543307086615,0.3902439024390244,0.0007122507122507123,1.0,5
525,long_memory,3,30.0,1.0,0.96,1.25,1879,141,35,185,0.9301980198019802,0.9817136886102403,0.9552618200305033,0.933206106870229,0.4325153374233129,0.0,1.0,6
526,long_memory,3,30.0,1.0,0.96,1.25,1812,144,34,250,0.9263803680981595,0.9815817984832069,0.9531825355076275,0.9184652278177458,0.36548223350253806,0.0,1.0,5
527,long_memory,3,30.0,1.0,0.96,1.25,1800,168,31,241,0.9146341463414634,0.9830693610049154,0.9476177941563569,0.9345991561181435,0.41075794621026895,0.0,1.0,6
528,long_memory,3,30.0,1.0,0.96,1.25,1822,173,73,172,0.9132832080200501,0.9614775725593667,0.9367609254498714,0.8571428571428571,0.5014492753623189,0.001430615164520744,1.0,5
529,long_memory,3,30.0,1.0,0.96,1.25,2013,78,26,123,0.9626972740315638,0.9872486512996567,0.9748184019370458,0.9523809523809523,0.3880597014925373,0.0,1.0,3
530,long_memory,3,30.0,1.0,0.96,1.25,2023,82,83,52,0.9610451306413301,0.9605887939221273,0.960816908097839,0.8559027777777778,0.6119402985074627,0.0,1.0,4
531,long_memory,3,30.0,1.0,0.96,1.25,1842,117,46,235,0.9402756508422665,0.975635593220339,0.9576293215492592,0.9090909090909091,0.33238636363636365,0.0,1.0,5
532,long_memory,3,30.0,1.0,0.96,1.25,1855,105,14,266,0.9464285714285714,0.9925093632958801,0.9689213893967094,0.9766454352441614,0.2830188679245283,0.002145922746781116,1.0,5
533,long_memory,3,30.0,1.0,0.96,1.25,2076,60,22,82,0.9719101123595506,0.9895138226882746,0.98063297118564,0.9605734767025089,0.4225352112676056,0.0,1.0,5
534,long_memory,3,30.0,1.0,0.96,1.25,1841,171,23,205,0.9150099403578529,0.9876609442060086,0.9499484004127968,0.9478458049886621,0.45478723404255317,0.0,1.0,5
535,long_memory,3,30.0,1.0,0.96,1.25,1982,98,14,146,0.9528846153846153,0.9929859719438878,0.97252208047105,0.9744990892531876,0.4016393442622951,0.0,1.0,4
536,long_memory,3,30.0,1.0,0.96,1.25,1904,120,40,176,0.9407114624505929,0.9794238683127572,0.9596774193548386,0.9230769230769231,0.40540540540540543,0.0,1.0,4
537,long_memory,3,30.0,1.0,0.96,1.25,1988,114,37,101,0.9457659372026641,0.9817283950617284,0.9634116791858492,0.9345454545454546,0.5302325581395348,0.0006779661016949153,1.0,2
538,long_memory,3,30.0,1.0,0.96,1.25,1802,141,31,266,0.9274318064848173,0.9830878341516639,0.954449152542373,0.9390962671905697,0.3464373464373464,0.0,1.0,5
539,long_memory,3,30.0,1.0,0.96,1.25,2052,71,24,93,0.9665567593028733,0.9884393063583815,0.9773755656108598,0.960377358490566,0.4329268292682927,0.0019404915912031048,1.0,3
540,long_memory,3,30.0,1.0,0.96,1.25,1938,120,53,129,0.9416909620991254,0.9733802109492717,0.9572734008397135,0.9063063063063063,0.4819277108433735,0.0006963788300835655,1.0,4
541,long_memory,3,30.0,1.0,0.96,1.25,1801,134,98,207,0.930749354005168,0.9483938915218536,0.9394887845592071,0.8185185185185185,0.39296187683284456,0.0,1.0,6
542,long_memory,3,30.0,1.0,0.96,1.25,1892,131,26,191,0.935244686109738,0.986444212721585,0.9601623953311342,0.9499036608863198,0.40683229813664595,0.0,1.0,6
543,long_memory,3,30.0,1.0,0.96,1.25,2047,30,106,57,0.9855560905151661,0.9507663725034835,0.9678486997635933,0.8188034188034188,0.3448275862068966,0.0,1.0,1
544,long_memory,3,30.0,1.0,0.96,1.25,1868,162,15,195,0.9201970443349754,0.9920339883165162,0.9547661640684897,0.9701789264413518,0.453781512605042,0.0,1.0,6
545,long_memory,3,30.0,1.0,0.96,1.25,2114,30,77,19,0.9860074626865671,0.9648562300319489,0.9753171856978086,0.8860182370820668,0.6122448979591837,0.001304631441617743,1.0,1
546,long_memory,3,30.0,1.0,0.96,1.25,2002,116,54,68,0.9452313503305004,0.9737354085603113,0.9592716818399617,0.8990654205607477,0.6304347826086957,0.0,1.0,3
547,long_memory,3,30.0,1.0,0.96,1.25,1911,89,87,153,0.9555,0.9564564564564565,0.9559779889944972,0.8545150501672241,0.3677685950413223,0.0,1.0,6
548,long_memory,3,30.0,1.0,0.96,1.25,2126,75,35,4,0.9659245797364834,0.983803794539565,0.974782209995415,0.9360146252285192,0.9493670886075949,0.0,1.0,2
549,long_memory,3,30.0,1.0,0.96,1.25,1930,131,27,152,0.9364386220281417,0.9862033725089423,0.9606769537083126,0.9497098646034816,0.4628975265017668,0.0006944444444444445,1.0,5
550,long_memory,3,30.0,1.0,0.96,1.25,1936,141,17,146,0.9321136254212807,0.9912954429083461,0.9607940446650125,0.9700934579439252,0.4912891986062718,0.0007052186177715092,1.0,4
551,long_memory,3,30.0,1.0,0.96,1.25,1903,140,54,143,0.9314733235438081,0.9724067450178845,0.9515,0.8860759493670886,0.49469964664310956,0.0,1.0,4
552,long_memory,3,30.0,1.0,0.96,1.25,2074,90,12,64,0.9584103512014788,0.9942473633748802,0.9760000000000001,0.9790575916230366,0.5844155844155844,0.0,1.0,5
553,long_memory,3,30.0,1.0,0.96,1.25,1997,113,1,129,0.9464454976303317,0.9994994994994995,0.9722492697176242,1.0,0.4669421487603306,0.0006706908115358819,1.0,4
554,long_memory,3,30.0,1.0,0.96,1.25,2088,78,17,57,0.96398891966759,0.9919239904988123,0.9777569655818309,0.9685185185185186,0.5777777777777777,0.0,1.0,2
555,long_memory,3,30.0,1.0,0.96,1.25,2032,54,19,135,0.9741131351869607,0.9907362262311068,0.982354363065023,0.9699646643109541,0.2857142857142857,0.0013468013468013469,1.0,3
556,long_memory,3,30.0,1.0,0.96,1.25,1920,105,79,136,0.9481481481481482,0.9604802401200601,0.9542743538767396,0.8647260273972602,0.43568464730290457,0.0,1.0,5
557,long_memory,3,30.0,1.0,0.96,1.25,1835,134,36,235,0.9319451498222447,0.9807589524318546,0.9557291666666666,0.9232409381663113,0.36314363143631434,0.0,1.0,5
558,long_memory,3,30.0,1.0,0.96,1.25,1943,71,30,196,0.964746772591857,0.984794728839331,0.9746676699272636,0.9445544554455445,0.26591760299625467,0.0013623978201634877,1.0,5
559,long_memory,3,30.0,1.0,0.96,1.25,1762,179,64,235,0.9077794951056156,0.9649507119386638,0.9354924342978498,0.8793103448275862,0.4323671497584541,0.0007668711656441718,1.0,6
560,long_memory,3,30.0,1.0,0.96,1.25,1896,141,24,179,0.930780559646539,0.9875,0.9583017437452616,0.9561752988047809,0.440625,0.0014104372355430183,1.0,5
561,long_memory,3,30.0,1.0,0.96,1.25,2110,60,52,18,0.9723502304147466,0.9759481961147086,0.974145891043398,0.902803738317757,0.7692307692307693,0.0,1.0,2
562,long_memory,3,30.0,1.0,0.96,1.25,2046,80,24,90,0.9623706491063029,0.9884057971014493,0.975214489990467,0.9576427255985267,0.47058823529411764,0.0006548788474132286,1.0,3
563,long_memory,3,30.0,1.0,0.96,1.25,1742,196,28,274,0.8988648090815273,0.984180790960452,0.9395900755124056,0.9370786516853933,0.41702127659574467,0.0,1.0,7
564,long_memory,3,30.0,1.0,0.96,1.25,1977,120,7,136,0.9427753934191703,0.9964717741935484,0.9688801764273463,0.9857142857142858,0.46875,0.0,1.0,4
565,long_memory,3,30.0,1.0,0.96,1.25,1926,115,29,170,0.9436550710436061,0.9851662404092072,0.9639639639639639,0.9486692015209125,0.40350877192982454,0.0013995801259622112,1.0,4
566,long_memory,3,30.0,1.0,0.96,1.25,2050,90,12,88,0.9579439252336449,0.9941804073714839,0.9757258448357925,0.9795539033457249,0.5056179775280899,0.0006561679790026247,0.9705882352941176,4
567,long_memory,3,30.0,1.0,0.96,1.25,2053,85,24,78,0.960243217960711,0.9884448724121329,0.9741399762752075,0.9572192513368984,0.5214723926380368,0.0,1.0,5
568,long_memory,3,30.0,1.0,0.96,1.25,1929,140,27,144,0.9323344610923151,0.9861963190184049,0.9585093167701862,0.9469548133595285,0.49295774647887325,0.0,1.0,5
569,long_memory,3,30.0,1.0,0.96,1.25,1881,109,56,194,0.9452261306532663,0.9710893133711925,0.9579831932773109,0.8798283261802575,0.35973597359735976,0.0,1.0,4
570,long_memory,3,30.0,1.0,0.96,1.25,2068,52,68,52,0.9754716981132076,0.9681647940074907,0.9718045112781956,0.901018922852984,0.5,0.0,1.0,4
571,long_memory,3,30.0,1.0,0.96,1.25,2007,117,24,92,0.9449152542372882,0.9881831610044313,0.9660649819494584,0.9584837545126353,0.5598086124401914,0.0006770480704129993,0.9666666666666667,5
572,long_memory,3,30.0,1.0,0.96,1.25,1934,159,56,91,0.9240324892498806,0.9718592964824121,0.9473426402155278,0.9029982363315696,0.636,0.0007027406886858749,1.0,5
573,long_memory,3,30.0,1.0,0.96,1.25,1988,84,14,154,0.9594594594594594,0.993006993006993,0.9759450171821306,0.9757462686567164,0.35294117647058826,0.0006821282401091405,1.0,3
574,long_memory,3,30.0,1.0,0.96,1.25,2011,88,23,118,0.9580752739399714,0.988692232055064,0.973142995402855,0.9620462046204621,0.42718446601941745,0.0,1.0,3
575,long_memory,3,30.0,1.0,0.96,1.25,1929,108,36,167,0.946980854197349,0.981679389312977,0.9640179910044978,0.9292730844793713,0.3927272727272727,0.0,1.0,6
576,long_memory,3,30.0,1.0,0.96,1.25,1902,141,106,91,0.9309838472834068,0.9472111553784861,0.9390274006418169,0.8143607705779334,0.6077586206896551,0.0,1.0,4
577,long_memory,3,30.0,1.0,0.96,1.25,1692,176,88,284,0.9057815845824411,0.950561797752809,0.9276315789473685,0.819672131147541,0.3826086956521739,0.0,1.0,8
578,long_memory,3,30.0,1.0,0.96,1.25,2059,81,18,82,0.9621495327102804,0.9913336543090997,0.9765235949727294,0.9684418145956607,0.49693251533742333,0.0012738853503184713,1.0,2
579,long_memory,3,30.0,1.0,0.96,1.25,1942,143,41,114,0.9314148681055155,0.9793242561775088,0.9547689282202557,0.925512104283054,0.556420233463035,0.0006915629322268327,0.96875,7
580,long_memory,3,30.0,1.0,0.96,1.25,1848,140,40,212,0.9295774647887324,0.9788135593220338,0.9535603715170278,0.9213709677419355,0.3977272727272727,0.0007183908045977011,1.0,4
581,long_memory,3,30.0,1.0,0.96,1.25,1629,231,31,349,0.8758064516129033,0.9813253012048193,0.9255681818181818,0.9226932668329177,0.39827586206896554,0.0,1.0,7
582,long_memory,3,30.0,1.0,0.96,1.25,1974,120,39,107,0.9426934097421203,0.9806259314456036,0.9612856099342586,0.9232283464566929,0.5286343612334802,0.0,1.0,5
583,long_memory,3,30.0,1.0,0.96,1.25,1987,81,58,114,0.9608317214700194,0.971638141809291,0.9662047167517627,0.891588785046729,0.4153846153846154,0.0,1.0,4
584,long_memory,3,30.0,1.0,0.96,1.25,1800,183,72,185,0.9077155824508321,0.9615384615384616,0.933852140077821,0.8599221789883269,0.49728260869565216,0.0,1.0,7
585,long_memory,3,30.0,1.0,0.96,1.25,1950,144,19,127,0.9312320916905444,0.9903504316912138,0.9598818606940684,0.9614604462474645,0.5313653136531366,0.0,1.0,3
586,long_memory,3,30.0,1.0,0.96,1.25,1919,120,22,179,0.9411476213830309,0.988665636269964,0.9643216080402011,0.9525862068965517,0.4013377926421405,0.0,1.0,4
587,long_memory,3,30.0,1.0,0.96,1.25,1860,149,17,214,0.9258337481333997,0.9909429941395844,0.957282552753474,0.9698681732580038,0.41046831955922863,0.0007429420505200594,1.0,5
588,long_memory,3,30.0,1.0,0.96,1.25,2051,107,5,77,0.9504170528266914,0.997568093385214,0.973421926910299,0.9905660377358491,0.5815217391304348,0.0,1.0,4
589,long_memory,3,30.0,1.0,0.96,1.25,1918,147,32,143,0.9288135593220339,0.9835897435897436,0.9554171855541719,0.934322033898305,0.506896551724138,0.0006765899864682003,1.0,4
590,long_memory,3,30.0,1.0,0.96,1.25,2027,44,64,105,0.9787542250120714,0.9693926351028216,0.9740509370494954,0.8908450704225352,0.2953020134228188,0.0013131976362442547,1.0,2
591,long_memory,3,30.0,1.0,0.96,1.25,2101,30,69,40,0.9859221022993899,0.9682027649769586,0.9769820971867007,0.8822525597269625,0.42857142857142855,0.0,1.0,2
592,long_memory,3,30.0,1.0,0.96,1.25,1796,163,33,248,0.9167942827973455,0.981957353745216,0.9482576557550157,0.9331983805668016,0.39659367396593675,0.0,1.0,6
593,long_memory,3,30.0,1.0,0.96,1.25,1933,88,39,180,0.9564571994062345,0.9802231237322515,0.9681943400951665,0.9316987740805605,0.3283582089552239,0.0,1.0,3
594,long_memory,3,30.0,1.0,0.96,1.25,1962,86,24,168,0.9580078125,0.9879154078549849,0.9727317798710956,0.953307392996109,0.33858267716535434,0.0,1.0,3
595,long_memory,3,30.0,1.0,0.96,1.25,1943,156,58,83,0.9256788947117676,0.9710144927536232,0.9478048780487806,0.8920454545454546,0.6527196652719666,0.0006788866259334691,1.0,6
596,long_memory,3,30.0,1.0,0.96,1.25,1858,178,43,161,0.912573673870334,0.9773803261441346,0.9438658877317754,0.9106029106029107,0.5250737463126843,0.0,1.0,6
597,long_memory,3,30.0,1.0,0.96,1.25,1945,116,11,168,0.9437166424065987,0.9943762781186094,0.9683843664426188,0.9838709677419355,0.4084507042253521,0.0007485029940119761,1.0,7
598,long_memory,3,30.0,1.0,0.96,1.25,2066,88,10,76,0.9591457753017641,0.9951830443159922,0.9768321513002364,0.9833610648918469,0.5365853658536586,0.0,1.0,5
599,long_memory,3,30.0,1.0,0.96,1.25,1860,148,11,221,0.9262948207171314,0.9941207910208445,0.9590100541376644,0.98046875,0.4010840108401084,0.0007358351729212656,0.9655172413793104,6
600,long_memory,3,30.0,1.0,0.96,1.25,1847,92,110,191,0.9525528623001547,0.943791517629024,0.9481519507186857,0.7981308411214953,0.3250883392226148,0.0014064697609001407,0.9642857142857143,5
601,certificate,3,30.0,1.0,0.96,1.25,1879,42,27,292,0.9781363872982821,0.9858342077649528,0.9819702116540371,0.9470588235294117,0.12574850299401197,0.0,1.0,6
602,certificate,3,30.0,1.0,0.96,1.25,1846,51,21,322,0.9731154454401687,0.9887520085698982,0.9808714133900106,0.9581673306772909,0.13672922252010725,0.0,1.0,6
603,certificate,3,30.0,1.0,0.96,1.25,1801,58,36,345,0.9688004303388918,0.9804028307022319,0.9745670995670996,0.9213973799126638,0.14392059553349876,0.0,1.0,7
604,certificate,3,30.0,1.0,0.96,1.25,1761,37,56,386,0.9794215795328143,0.969179966978536,0.9742738589211618,0.8931297709923665,0.08747044917257683,0.0,1.0,7
605,certificate,3,30.0,1.0,0.96,1.25,1827,34,93,286,0.9817302525523912,0.9515625,0.9664110023803226,0.8211538461538461,0.10625,0.0,1.0,6
606,certificate,3,30.0,1.0,0.96,1.25,2027,27,89,97,0.9868549172346641,0.9579395085066162,0.9721822541966427,0.8441330998248686,0.21774193548387097,0.0,1.0,3
607,certificate,3,30.0,1.0,0.96,1.25,1763,24,82,371,0.9865696698377169,0.9555555555555556,0.9708149779735683,0.8401559454191033,0.060759493670886074,0.0,1.0,5
608,certificate,3,30.0,1.0,0.96,1.25,1710,60,56,414,0.9661016949152542,0.9682899207248018,0.9671945701357466,0.8793859649122807,0.12658227848101267,0.0007633587786259542,1.0,9
609,certificate,3,30.0,1.0,0.96,1.25,1983,28,0,229,0.9860765788165092,1.0,0.9929894842263396,1.0,0.10894941634241245,0.0,1.0,4
610,certificate,3,30.0,1.0,0.96,1.25,2059,14,14,153,0.9932465026531597,0.9932465026531597,0.9932465026531597,0.9736346516007532,0.08383233532934131,0.0,1.0,3
611,certificate,3,30.0,1.0,0.96,1.25,1823,27,63,327,0.9854054054054054,0.9665959703075292,0.9759100642398287,0.8786127167630058,0.07627118644067797,0.0,1.0,4
612,certificate,3,30.0,1.0,0.96,1.25,1949,45,23,223,0.977432296890672,0.9883367139959433,0.9828542612203731,0.9559386973180076,0.16791044776119404,0.0,1.0,4
613,certificate,3,30.0,1.0,0.96,1.25,1997,20,11,212,0.9900842835894893,0.9945219123505976,0.9922981366459628,0.9787234042553191,0.08620689655172414,0.0,1.0,3
614,certificate,3,30.0,1.0,0.96,1.25,2111,6,19,104,0.9971658006613132,0.9910798122065728,0.9941134918766188,0.9643564356435643,0.05454545454545454,0.0006153846153846154,1.0,2
615,certificate,3,30.0,1.0,0.96,1.25,1852,23,26,339,0.9877333333333334,0.9861554845580405,0.9869437783106848,0.952755905511811,0.06353591160220995,0.00145985401459854,1.0,7
616,certificate,3,30.0,1.0,0.96,1.25,1816,21,26,377,0.9885683179096353,0.9858849077090119,0.9872247893449306,0.9475890985324947,0.052763819095477386,0.0007326007326007326,1.0,6
617,certificate,3,30.0,1.0,0.96,1.25,1998,13,21,208,0.9935355544505221,0.9895988112927192,0.9915632754342433,0.9595375722543352,0.058823529411764705,0.0,1.0,3
618,certificate,3,30.0,1.0,0.96,1.25,1837,29,23,351,0.9844587352625938,0.9876344086021506,0.9860440150295223,0.9531568228105907,0.07631578947368421,0.0,1.0,5
619,certificate,3,30.0,1.0,0.96,1.25,1965,9,46,220,0.9954407294832827,0.9771258080556937,0.9861982434127979,0.9175627240143369,0.039301310043668124,0.0,1.0,3
620,certificate,3,30.0,1.0,0.96,1.25,2053,12,14,161,0.9941888619854722,0.9932268988872762,0.9937076476282672,0.9752380952380952,0.06936416184971098,0.0006485084306095979,1.0,4
621,certificate,3,30.0,1.0,0.96,1.25,1882,20,48,290,0.9894847528916929,0.9751295336787564,0.9822546972860126,0.9157303370786517,0.06451612903225806,0.002148997134670487,1.0,6
622,certificate,3,30.0,1.0,0.96,1.25,2048,9,14,169,0.9956246961594555,0.9932104752667313,0.994416120417577,0.9761499148211243,0.05056179775280899,0.0,1.0,3
623,certificate,3,30.0,1.0,0.96,1.25,1880,40,41,279,0.9791666666666666,0.9786569495054659,0.9789117417339234,0.9171717171717172,0.12539184952978055,0.0,1.0,5
624,certificate,3,30.0,1.0,0.96,1.25,1855,14,46,325,0.9925093632958801,0.9758022093634929,0.9840848806366047,0.9107142857142857,0.04129793510324484,0.0007158196134574087,1.0,4
625,certificate,3,30.0,1.0,0.96,1.25,1670,25,19,526,0.9852507374631269,0.9887507400828893,0.9869976359338061,0.9591397849462365,0.045372050816696916,0.0,1.0,7
626,certificate,3,30.0,1.0,0.96,1.25,2072,12,4,152,0.9942418426103646,0.9980732177263969,0.9961538461538462,0.9926605504587156,0.07317073170731707,0.0,1.0,3
627,certificate,3,30.0,1.0,0.96,1.25,1868,12,32,328,0.9936170212765958,0.9831578947368421,0.9883597883597884,0.9324894514767933,0.03529411764705882,0.0,1.0,4
628,certificate,3,30.0,1.0,0.96,1.25,1824,73,26,317,0.9615181866104375,0.985945945945946,0.9735788630904724,0.9455337690631809,0.18717948717948718,0.0007189072609633358,1.0,7
629,certificate,3,30.0,1.0,0.96,1.25,1967,13,112,148,0.9934343434343434,0.9461279461279462,0.9692042374969203,0.8114478114478114,0.08074534161490683,0.0,1.0,4
630,certificate,3,30.0,1.0,0.96,1.25,2035,8,26,171,0.996084189916789,0.987384764677341,0.9917153996101364,0.9502868068833652,0.0446927374301676,0.0,1.0,2
631,certificate,3,30.0,1.0,0.96,1.25,2020,30,47,143,0.9853658536585366,0.9772617319787131,0.9812970609667233,0.9217081850533808,0.17341040462427745,0.0019933554817275745,1.0,3
632,certificate,3,30.0,1.0,0.96,1.25,1883,23,36,298,0.9879328436516265,0.9812402292860865,0.9845751633986928,0.9273504273504274,0.07165109034267912,0.0013783597518952446,1.0,5
633,certificate,3,30.0,1.0,0.96,1.25,2065,36,8,131,0.98286530223703,0.9961408586589484,0.9894585529468136,0.9863013698630136,0.2155688622754491,0.0,1.0,4
634,certificate,3,30.0,1.0,0.96,1.25,1614,33,7,586,0.9799635701275046,0.9956816779765577,0.9877600979192166,0.9857142857142858,0.05331179321486268,0.0008326394671107411,1.0,8
635,certificate,3,30.0,1.0,0.96,1.25,2100,13,27,100,0.9938476100331283,0.9873060648801129,0.990566037735849,0.9510869565217391,0.11504424778761062,0.0,1.0,2
636,certificate,3,30.0,1.0,0.96,1.25,1851,38,39,312,0.9798835362625727,0.9793650793650793,0.979624239216724,0.9163090128755365,0.10857142857142857,0.0,1.0,5
637,certificate,3,30.0,1.0,0.96,1.25,2018,44,31,147,0.9786614936954413,0.9848706686188384,0.9817562636828023,0.943289224952741,0.23036649214659685,0.0006578947368421052,1.0,6
638,certificate,3,30.0,1.0,0.96,1.25,1989,26,22,203,0.9870967741935484,0.9890601690701144,0.9880774962742176,0.9566929133858267,0.11353711790393013,0.0,1.0,4
639,certificate,3,30.0,1.0,0.96,1.25,2079,9,17,135,0.9956896551724138,0.9918893129770993,0.9937858508604206,0.973015873015873,0.0625,0.0,1.0,3
640,certificate,3,30.0,1.0,0.96,1.25,1943,40,22,235,0.9798285426122038,0.9888040712468193,0.9842958459979737,0.9601449275362319,0.14545454545454545,0.0,1.0,6
641,certificate,3,30.0,1.0,0.96,1.25,1886,37,26,291,0.9807592303692148,0.9864016736401674,0.9835723598435463,0.9541284403669725,0.11280487804878049,0.000731528895391368,1.0,5
642,certificate,3,30.0,1.0,0.96,1.25,1996,18,35,191,0.9910625620655412,0.982767109798129,0.9868974042027193,0.9406474820143885,0.0861244019138756,0.0013559322033898306,1.0,3
643,certificate,3,30.0,1.0,0.96,1.25,2005,19,18,198,0.9906126482213439,0.9911023232822541,0.990857425253274,0.9627329192546584,0.08755760368663594,0.0,1.0,3
644,certificate,3,30.0,1.0,0.96,1.25,1962,22,18,238,0.9889112903225806,0.990909090909091,0.9899091826437941,0.9664570230607966,0.08461538461538462,0.0013306719893546241,1.0,3
645,certificate,3,30.0,1.0,0.96,1.25,2157,3,22,58,0.9986111111111111,0.9899036255162919,0.994238303756626,0.961038961038961,0.04918032786885246,0.0006097560975609756,1.0,1
646,certificate,3,30.0,1.0,0.96,1.25,2050,13,15,162,0.9936984973339796,0.9927360774818402,0.993217054263566,0.9709302325581395,0.07428571428571429,0.0,1.0,3
647,certificate,3,30.0,1.0,0.96,1.25,1871,34,45,290,0.9821522309711286,0.9765135699373695,0.979324784087935,0.9142857142857143,0.10493827160493827,0.0,1.0,4
648,certificate,3,30.0,1.0,0.96,1.25,1747,37,13,443,0.9792600896860987,0.9926136363636363,0.9858916478555305,0.9775967413441955,0.07708333333333334,0.0015760441292356187,1.0,7
649,certificate,3,30.0,1.0,0.96,1.25,2031,12,38,159,0.9941262848751835,0.9816336394393427,0.98784046692607,0.9225941422594143,0.07017543859649122,0.0006285355122564425,1.0,2
650,certificate,3,30.0,1.0,0.96,1.25,1931,28,26,255,0.9857069933639612,0.9867143587123147,0.9862104187946884,0.9510357815442562,0.0989399293286219,0.0,1.0,5
651,certificate,3,30.0,1.0,0.96,1.25,1903,74,12,251,0.962569549822964,0.993733681462141,0.9779033915724563,0.977366255144033,0.2276923076923077,0.0006997900629811056,1.0,5
652,certificate,3,30.0,1.0,0.96,1.25,1842,27,1,370,0.985553772070626,0.9994574064026045,0.9924568965517242,1.0,0.06801007556675064,0.0007267441860465116,1.0,5
653,certificate,3,30.0,1.0,0.96,1.25,1952,18,47,223,0.9908629441624366,0.976488244122061,0.9836230788611742,0.9173989455184535,0.07468879668049792,0.0,1.0,4
654,certificate,3,30.0,1.0,0.96,1.25,1999,22,6,213,0.9891142998515586,0.9970074812967581,0.9930452061599603,0.9893238434163701,0.09361702127659574,0.0,1.0,4
655,certificate,3,30.0,1.0,0.96,1.25,1797,22,15,406,0.9879054425508521,0.9917218543046358,0.9898099697053153,0.9696969696969697,0.0514018691588785,0.0,1.0,6
656,certificate,3,30.0,1.0,0.96,1.25,1865,27,35,313,0.9857293868921776,0.9815789473684211,0.9836497890295358,0.9376146788990826,0.07941176470588235,0.0007380073800738007,1.0,5
657,certificate,3,30.0,1.0,0.96,1.25,1995,11,26,208,0.9945164506480558,0.9871350816427511,0.99081201887261,0.9559322033898305,0.0502283105022831,0.0,1.0,3
658,certificate,3,30.0,1.0,0.96,1.25,2019,27,4,190,0.9868035190615836,0.9980227385071676,0.9923814204964365,0.9930191972076788,0.12442396313364056,0.0,1.0,3
659,certificate,3,30.0,1.0,0.96,1.25,1641,61,20,518,0.964159811985899,0.9879590608067429,0.9759143621766281,0.954337899543379,0.10535405872193437,0.0,1.0,8
660,certificate,3,30.0,1.0,0.96,1.25,2120,6,63,51,0.9971777986829727,0.9711406321575813,0.983987003945231,0.8902877697841727,0.10526315789473684,0.001229256299938537,1.0,2
661,certificate,3,30.0,1.0,0.96,1.25,1766,86,33,355,0.9535637149028078,0.9816564758198999,0.9674061900849082,0.9363817097415507,0.19501133786848074,0.0007716049382716049,1.0,7
662,certificate,3,30.0,1.0,0.96,1.25,1778,14,47,401,0.9921875,0.9742465753424657,0.9831351949129113,0.9004237288135594,0.033734939759036145,0.0,1.0,5
663,certificate,3,30.0,1.0,0.96,1.25,2038,16,19,167,0.9922103213242454,0.9907632474477395,0.9914862563853076,0.9682274247491639,0.08743169398907104,0.0,1.0,4
664,certificate,3,30.0,1.0,0.96,1.25,1927,17,34,262,0.9912551440329218,0.9826619071902091,0.9869398207426376,0.9367816091954023,0.06093189964157706,0.0006949270326615705,1.0,5
665,certificate,3,30.0,1.0,0.96,1.25,1915,24,33,268,0.9876224858174316,0.9830595482546202,0.985335734499614,0.9327731092436975,0.0821917808219178,0.0006793478260869565,1.0,5
666,certificate,3,30.0,1.0,0.96,1.25,1787,35,57,361,0.9807903402854007,0.9690889370932755,0.9749045280960175,0.8945386064030132,0.08838383838383838,0.0007616146230007616,1.0,7
667,certificate,3,30.0,1.0,0.96,1.25,1925,25,12,278,0.9871794871794872,0.9938048528652556,0.9904810908155389,0.9804305283757339,0.08250825082508251,0.001402524544179523,1.0,4
668,certificate,3,30.0,1.0,0.96,1.25,1934,37,7,262,0.9812278031456113,0.996393611540443,0.9887525562372187,0.9872340425531915,0.12374581939799331,0.0006798096532970768,1.0,5
669,certificate,3,30.0,1.0,0.96,1.25,1768,56,12,404,0.9692982456140351,0.9932584269662922,0.9811320754716982,0.9726027397260274,0.12173913043478261,0.0,1.0,7
670,certificate,3,30.0,1.0,0.96,1.25,2118,3,25,94,0.9985855728429985,0.9883341110592627,0.9934333958724202,0.9510763209393346,0.030927835051546393,0.0,1.0,1
671,certificate,3,30.0,1.0,0.96,1.25,1829,41,94,276,0.9780748663101604,0.9511180447217888,0.9644081202214606,0.8306306306306306,0.12933753943217666,0.0,1.0,5
672,certificate,3,30.0,1.0,0.96,1.25,1878,43,39,280,0.9776158250910983,0.9796557120500783,0.9786347055758207,0.9232323232323232,0.13312693498452013,0.0007032348804500703,1.0,4
673,certificate,3,30.0,1.0,0.96,1.25,1883,24,47,286,0.9874147876245412,0.9756476683937824,0.9814959603857181,0.9122137404580153,0.07741935483870968,0.0007112375533428165,1.0,6
674,certificate,3,30.0,1.0,0.96,1.25,1886,30,60,264,0.9843423799582464,0.9691675231243576,0.9766960124287933,0.8804780876494024,0.10204081632653061,0.0,1.0,4
675,certificate,3,30.0,1.0,0.96,1.25,1824,39,17,360,0.9790660225442834,0.9907658881042911,0.9848812095032398,0.9654471544715447,0.09774436090225563,0.0,1.0,6
676,certificate,3,30.0,1.0,0.96,1.25,1982,61,32,165,0.9701419481155164,0.9841112214498511,0.9770766576287897,0.9411764705882353,0.26991150442477874,0.0006724949562878278,1.0,4
677,certificate,3,30.0,1.0,0.96,1.25,2069,21,18,132,0.9899521531100478,0.9913751796837565,0.9906631553746709,0.9691252144082333,0.13725490196078433,0.0,1.0,3
678,certificate,3,30.0,1.0,0.96,1.25,1829,35,24,352,0.9812231759656652,0.9870480302212629,0.9841269841269841,0.9520833333333333,0.09043927648578812,0.0007283321194464676,1.0,6
679,certificate,3,30.0,1.0,0.96,1.25,1963,12,29,236,0.9939240506329113,0.9854417670682731,0.9896647340559617,0.9467680608365019,0.04838709677419355,0.0006821282401091405,1.0,4
680,certificate,3,30.0,1.0,0.96,1.25,1793,24,23,400,0.9867914144193726,0.9873348017621145,0.9870630333058079,0.9545454545454546,0.05660377358490566,0.0,1.0,5
681,certificate,3,30.0,1.0,0.96,1.25,1760,39,78,363,0.9783212896053363,0.9575625680087051,0.967830629639813,0.8438133874239351,0.09701492537313433,0.0007434944237918215,1.0,7
682,certificate,3,30.0,1.0,0.96,1.25,2112,6,35,87,0.9971671388101983,0.983698183511877,0.9903868698710433,0.9456869009584664,0.06451612903225806,0.0006574621959237344,1.0,2
683,certificate,3,30.0,1.0,0.96,1.25,1708,18,80,434,0.9895712630359212,0.9552572706935123,0.9721115537848606,0.8347457627118644,0.03982300884955752,0.001519756838905775,1.0,6
684,certificate,3,30.0,1.0,0.96,1.25,1916,33,51,240,0.9830682401231401,0.9740721911540416,0.9785495403472931,0.9120689655172414,0.12087912087912088,0.0,1.0,5
685,certificate,3,30.0,1.0,0.96,1.25,2117,6,18,99,0.9971738106453132,0.9915690866510538,0.9943635509628934,0.9705372616984402,0.05714285714285714,0.0006418485237483953,1.0,2
686,certificate,3,30.0,1.0,0.96,1.25,2101,29,14,96,0.9863849765258216,0.9933806146572104,0.9898704358068317,0.9778156996587031,0.232,0.0006540222367560497,1.0,2
687,certificate,3,30.0,1.0,0.96,1.25,1895,47,22,276,0.9757981462409887,0.9885237350026083,0.9821197201347499,0.9642857142857143,0.14551083591331268,0.0014738393515106854,1.0,6
688,certificate,3,30.0,1.0,0.96,1.25,1964,25,14,237,0.987430869783811,0.9929221435793731,0.9901688933703051,0.975177304964539,0.09541984732824428,0.0,1.0,3
689,certificate,3,30.0,1.0,0.96,1.25,1958,42,6,234,0.979,0.9969450101832994,0.987891019172553,0.9918200408997955,0.15217391304347827,0.0013559322033898306,1.0,5
690,certificate,3,30.0,1.0,0.96,1.25,1804,20,1,415,0.9890350877192983,0.9994459833795014,0.994213281895839,1.0,0.04597701149425287,0.0007358351729212656,1.0,5
691,certificate,3,30.0,1.0,0.96,1.25,1746,60,27,407,0.9667774086378738,0.9847715736040609,0.9756915339480301,0.9406593406593406,0.1284796573875803,0.0,1.0,6
692,certificate,3,30.0,1.0,0.96,1.25,2066,5,21,148,0.9975857073877354,0.9899377096310493,0.9937469937469937,0.9668874172185431,0.032679738562091505,0.0006743088334457181,1.0,2
693,certificate,3,30.0,1.0,0.96,1.25,1751,60,66,363,0.9668691330756488,0.9636763896532746,0.9652701212789415,0.8708414872798435,0.14184397163120568,0.0,1.0,8
694,certificate,3,30.0,1.0,0.96,1.25,1819,36,17,368,0.9805929919137466,0.9907407407407407,0.9856407477648333,0.9664031620553359,0.0891089108910891,0.0,1.0,5
695,certificate,3,30.0,1.0,0.96,1.25,1829,22,40,349,0.9881145326850351,0.9785981808453719,0.9833333333333334,0.9196787148594378,0.05929919137466307,0.0,1.0,5
696,certificate,3,30.0,1.0,0.96,1.25,1675,52,23,490,0.9698899826288361,0.9864546525323911,0.9781021897810218,0.9534883720930233,0.0959409594095941,0.0008163265306122449,1.0,7
697,certificate,3,30.0,1.0,0.96,1.25,2142,3,35,60,0.9986013986013986,0.9839228295819936,0.991207774178621,0.9394463667820069,0.047619047619047616,0.0,1.0,1
698,certificate,3,30.0,1.0,0.96,1.25,1944,15,56,225,0.9923430321592649,0.972,0.9820661783278605,0.89272030651341,0.0625,0.0,1.0,3
699,certificate,3,30.0,1.0,0.96,1.25,1796,33,117,294,0.981957353745216,0.9388395190799791,0.9599144842330305,0.7958115183246073,0.10091743119266056,0.0,1.0,7
700,certificate,3,30.0,1.0,0.96,1.25,1981,21,58,180,0.9895104895104895,0.971554683668465,0.9804503835684237,0.8882466281310212,0.1044776119402985,0.0,1.0,3
701,certificate,3,30.0,1.0,0.96,1.25,2083,9,20,128,0.995697896749522,0.990489776509748,0.9930870083432659,0.970125786163522,0.06569343065693431,0.0006816632583503749,1.0,3
702,certificate,3,30.0,1.0,0.96,1.25,1960,16,17,247,0.9919028340080972,0.9914011127971675,0.9916519099418164,0.9715370018975332,0.060836501901140684,0.001379310344827586,1.0,5
703,certificate,3,30.0,1.0,0.96,1.25,1925,12,25,278,0.9938048528652556,0.9871794871794872,0.9904810908155389,0.9573712255772646,0.041379310344827586,0.0007209805335255948,1.0,4
704,certificate,3,30.0,1.0,0.96,1.25,1970,12,17,241,0.9939455095862765,0.9914443885254152,0.9926933736457546,0.9653767820773931,0.04743083003952569,0.0,1.0,4
705,certificate,3,30.0,1.0,0.96,1.25,1913,61,45,221,0.9690982776089159,0.9770173646578141,0.9730417090539166,0.9075975359342916,0.21631205673758866,0.0,1.0,5
706,certificate,3,30.0,1.0,0.96,1.25,1844,37,48,311,0.9803296119085593,0.9746300211416491,0.977471508083753,0.9113207547169812,0.10632183908045977,0.0007342143906020558,1.0,6
707,certificate,3,30.0,1.0,0.96,1.25,1865,28,25,322,0.9852086634970946,0.9867724867724867,0.9859899550621201,0.9530956848030019,0.08,0.0,1.0,6
708,certificate,3,30.0,1.0,0.96,1.25,1808,44,19,369,0.9762419006479481,0.9896004378762999,0.9828757814623539,0.9606126914660832,0.10653753026634383,0.00072992700729927,1.0,6
709,certificate,3,30.0,1.0,0.96,1.25,1707,26,8,499,0.9849971148297749,0.99533527696793,0.990139211136891,0.9814814814814815,0.049523809523809526,0.0,1.0,7
710,certificate,3,30.0,1.0,0.96,1.25,2169,3,21,47,0.9986187845303868,0.9904109589041096,0.9944979367262724,0.9626998223801065,0.06,0.0,1.0,1
711,certificate,3,30.0,1.0,0.96,1.25,1841,48,14,337,0.9745897300158815,0.9924528301886792,0.9834401709401709,0.9755671902268761,0.12467532467532468,0.0,1.0,6
712,certificate,3,30.0,1.0,0.96,1.25,1869,24,26,321,0.9873217115689382,0.9862796833773088,0.9868004223864837,0.9447983014861996,0.06956521739130435,0.0,1.0,5
713,certificate,3,30.0,1.0,0.96,1.25,1913,19,75,233,0.9901656314699793,0.9622736418511066,0.9760204081632654,0.8606870229007634,0.07539682539682539,0.001366120218579235,1.0,3
714,certificate,3,30.0,1.0,0.96,1.25,1967,19,17,237,0.9904330312185297,0.9914314516129032,0.9909319899244333,0.971042471042471,0.07421875,0.001364256480218281,1.0,3
715,certificate,3,30.0,1.0,0.96,1.25,1709,69,14,448,0.9611923509561305,0.991874637260592,0.9762924878606114,0.9683698296836983,0.13346228239845262,0.0007621951219512195,1.0,8
716,certificate,3,30.0,1.0,0.96,1.25,2009,48,33,150,0.9766650461837627,0.9838393731635652,0.9802390827030983,0.9337349397590361,0.24242424242424243,0.0,1.0,3
717,certificate,3,30.0,1.0,0.96,1.25,2081,9,23,127,0.9956937799043062,0.9890684410646388,0.9923700524558894,0.9593639575971732,0.0661764705882353,0.0,1.0,3
718,certificate,3,30.0,1.0,0.96,1.25,1936,15,22,267,0.9923116350589442,0.9887640449438202,0.9905346635968277,0.9635416666666666,0.05319148936170213,0.000723589001447178,1.0,5
719,certificate,3,30.0,1.0,0.96,1.25,2001,38,16,185,0.9813634134379597,0.9920674268715914,0.9866863905325443,0.9718045112781954,0.17040358744394618,0.0006734006734006734,1.0,4
720,certificate,3,30.0,1.0,0.96,1.25,1665,96,34,445,0.9454855195911414,0.9799882283696292,0.9624277456647399,0.9298245614035088,0.17744916820702403,0.0016090104585679806,1.0,8
721,ttl_short,3,42.0,1.0,0.96,1.25,1269,9,640,322,0.9929577464788732,0.6647459402828706,0.7963602133668026,0.13783783783783785,0.027190332326283987,0.001710863986313088,0.9285714285714286,37
722,ttl_short,3,42.0,1.0,0.96,1.25,1292,12,603,333,0.99079754601227,0.6817941952506597,0.8077524226320726,0.14589235127478753,0.034782608695652174,0.0,1.0,38
723,ttl_short,3,42.0,1.0,0.96,1.25,1331,12,652,245,0.9910647803425168,0.6712052445789208,0.8003607937462416,0.14790575916230367,0.04669260700389105,0.0008203445447087777,1.0,43
724,ttl_short,3,42.0,1.0,0.96,1.25,1209,11,619,401,0.990983606557377,0.6613785557986871,0.7933070866141732,0.12375533428165007,0.02669902912621359,0.0026666666666666666,0.88,33
725,ttl_short,3,42.0,1.0,0.96,1.25,1394,12,632,202,0.9914651493598862,0.6880552813425469,0.8123543123543124,0.1522911051212938,0.056074766355140186,0.002336448598130841,0.9411764705882353,42
726,ttl_short,3,42.0,1.0,0.96,1.25,1277,13,516,434,0.9899224806201551,0.7122141662018963,0.8284138825819007,0.18630573248407642,0.029082774049217,0.004291845493562232,0.8918918918918919,44
727,ttl_short,3,42.0,1.0,0.96,1.25,1286,15,579,360,0.9884704073789393,0.689544235924933,0.8123815540113708,0.15373352855051245,0.04,0.0008460236886632825,0.9705882352941176,40
728,ttl_short,3,42.0,1.0,0.96,1.25,1339,10,556,335,0.9925871015567087,0.7065963060686016,0.8255240443896424,0.14791987673343607,0.028985507246376812,0.002407704654895666,0.9629629629629629,35
729,ttl_short,3,42.0,1.0,0.96,1.25,1068,21,563,588,0.9807162534435262,0.6548129981606376,0.7852941176470588,0.12577639751552794,0.034482758620689655,0.0,1.0,33
730,ttl_short,3,42.0,1.0,0.96,1.25,1274,12,605,349,0.9906687402799378,0.6780202235231506,0.8050552922590837,0.12081513828238719,0.0332409972299169,0.0008389261744966443,0.9523809523809523,32
731,ttl_short,3,42.0,1.0,0.96,1.25,1430,3,680,127,0.9979064898813678,0.6777251184834123,0.8072255151001976,0.12724935732647816,0.023076923076923078,0.0007507507507507507,1.0,34
732,ttl_short,3,42.0,1.0,0.96,1.25,1288,8,622,322,0.9938271604938271,0.6743455497382199,0.8034934497816594,0.12411847672778561,0.024242424242424242,0.0008326394671107411,0.9523809523809523,32
733,ttl_short,3,42.0,1.0,0.96,1.25,1384,7,541,308,0.9949676491732566,0.7189610389610389,0.8347406513872135,0.16563467492260062,0.022222222222222223,0.001563721657544957,0.9629629629629629,37
734,ttl_short,3,42.0,1.0,0.96,1.25,1205,18,582,435,0.9852820932134096,0.6743144935646335,0.8006644518272426,0.14032496307237813,0.039735099337748346,0.0,1.0,36
735,ttl_short,3,42.0,1.0,0.96,1.25,1356,9,633,242,0.9934065934065934,0.6817496229260935,0.8085867620751341,0.14246947082767977,0.035856573705179286,0.0007987220447284345,0.967741935483871,37
736,ttl_short,3,42.0,1.0,0.96,1.25,1426,6,569,239,0.9958100558659218,0.7147869674185464,0.8322147651006713,0.15476190476190477,0.024489795918367346,0.0007558578987150416,1.0,37
737,ttl_short,3,42.0,1.0,0.96,1.25,1470,9,591,170,0.9939148073022313,0.7132459970887919,0.8305084745762712,0.15834522111269614,0.05027932960893855,0.0007352941176470588,0.96875,40
738,ttl_short,3,42.0,1.0,0.96,1.25,1286,13,599,342,0.9899923017705927,0.6822281167108754,0.8077889447236182,0.15482954545454544,0.036619718309859155,0.003386960203217612,0.9411764705882353,41
739,ttl_short,3,42.0,1.0,0.96,1.25,1501,6,597,136,0.9960185799601858,0.715443279313632,0.8327323162274619,0.1619718309859155,0.04225352112676056,0.001440922190201729,0.9714285714285714,40
740,ttl_short,3,42.0,1.0,0.96,1.25,1412,6,652,170,0.995768688293371,0.6841085271317829,0.8110281447443997,0.14398943196829592,0.03409090909090909,0.00306044376434583,0.9375,39
741,ttl_short,3,42.0,1.0,0.96,1.25,1527,3,634,76,0.9980392156862745,0.7066173068024063,0.8274180438905446,0.18846153846153846,0.0379746835443038,0.000724112961622013,0.9791666666666666,50
742,ttl_short,3,42.0,1.0,0.96,1.25,1311,14,541,374,0.9894339622641509,0.7078833693304536,0.8253068932955617,0.1492063492063492,0.03608247422680412,0.004091653027823241,0.8461538461538461,36
743,ttl_short,3,42.0,1.0,0.96,1.25,1379,6,700,155,0.9956678700361011,0.6632996632996633,0.7961893764434179,0.14145141451414514,0.037267080745341616,0.001579778830963665,0.9473684210526315,41
744,ttl_short,3,42.0,1.0,0.96,1.25,1499,3,644,94,0.9980026631158455,0.6994867008866076,0.8224965706447188,0.16449086161879894,0.030927835051546393,0.002904865649963689,0.925,44
745,ttl_short,3,42.0,1.0,0.96,1.25,1390,6,663,181,0.995702005730659,0.6770579639551876,0.8060307335459553,0.14728682170542637,0.03208556149732621,0.0023455824863174357,0.9090909090909091,40
746,ttl_short,3,42.0,1.0,0.96,1.25,1336,12,568,324,0.9910979228486647,0.7016806722689075,0.8216482164821648,0.16740088105726872,0.03571428571428571,0.0008176614881439084,1.0,43
747,ttl_short,3,42.0,1.0,0.96,1.25,1338,15,679,208,0.9889135254988913,0.6633614278631631,0.7940652818991099,0.12724935732647816,0.06726457399103139,0.0,1.0,38
748,ttl_short,3,42.0,1.0,0.96,1.25,1389,11,618,222,0.9921428571428571,0.6920777279521674,0.8153800997945406,0.14125874125874127,0.04721030042918455,0.0030959752321981426,0.8787878787878788,38
749,ttl_short,3,42.0,1.0,0.96,1.25,1371,9,562,298,0.9934782608695653,0.7092602172788411,0.8276486568065199,0.1458966565349544,0.029315960912052116,0.0,1.0,36
750,ttl_short,3,42.0,1.0,0.96,1.25,1213,18,480,529,0.9853777416734363,0.7164796219728293,0.8296853625170999,0.16433566433566432,0.03290676416819013,0.001784121320249777,0.9310344827586207,38
751,ttl_short,3,42.0,1.0,0.96,1.25,1229,12,505,494,0.9903303787268332,0.7087658592848904,0.826218487394958,0.17647058823529413,0.023715415019762844,0.00089126559714795,0.9655172413793104,39
752,ttl_short,3,42.0,1.0,0.96,1.25,1264,9,636,331,0.992930086410055,0.6652631578947369,0.7967223447841161,0.12448132780082988,0.026470588235294117,0.002548853016142736,1.0,33
753,ttl_short,3,42.0,1.0,0.96,1.25,1333,10,682,215,0.992553983618764,0.6615384615384615,0.7939249553305538,0.13409961685823754,0.044444444444444446,0.003246753246753247,0.9375,39
754,ttl_short,3,42.0,1.0,0.96,1.25,1287,9,549,395,0.9930555555555556,0.7009803921568627,0.82183908045977,0.18479880774962743,0.022277227722772276,0.0017167381974248926,0.9736842105263158,45
755,ttl_short,3,42.0,1.0,0.96,1.25,1576,3,628,33,0.9981000633312223,0.7150635208711433,0.8332011630980702,0.16821192052980133,0.08333333333333333,0.0,1.0,43
756,ttl_short,3,42.0,1.0,0.96,1.25,1508,5,636,91,0.9966953073364178,0.7033582089552238,0.8247197156138911,0.15824468085106383,0.052083333333333336,0.0021551724137931034,0.9444444444444444,42
757,ttl_short,3,42.0,1.0,0.96,1.25,1392,11,630,207,0.99215965787598,0.6884272997032641,0.8128467153284672,0.13535911602209943,0.05045871559633028,0.0030816640986132513,0.9333333333333333,38
758,ttl_short,3,42.0,1.0,0.96,1.25,1288,6,535,411,0.9953632148377125,0.7065277015907844,0.8264356753288419,0.16352201257861634,0.014388489208633094,0.002527379949452401,0.9,37
759,ttl_short,3,42.0,1.0,0.96,1.25,1287,18,582,353,0.9862068965517241,0.6886035313001605,0.8109640831758034,0.14411764705882352,0.04851752021563342,0.0,1.0,39
760,ttl_short,3,42.0,1.0,0.96,1.25,1231,6,555,448,0.9951495553759094,0.6892497200447928,0.8144227588488255,0.15701219512195122,0.013215859030837005,0.0017699115044247787,0.9666666666666667,37
761,ttl_short,3,42.0,1.0,0.96,1.25,1470,6,675,89,0.9959349593495935,0.6853146853146853,0.8119304059652029,0.12255541069100391,0.06315789473684211,0.001451378809869376,0.92,34
762,ttl_short,3,42.0,1.0,0.96,1.25,1167,14,605,454,0.9881456392887383,0.6585778781038375,0.7903826616999662,0.1282420749279539,0.029914529914529916,0.0,1.0,35
763,ttl_short,3,42.0,1.0,0.96,1.25,1252,15,594,379,0.9881610102604578,0.6782231852654388,0.8043687761002248,0.10166919575113809,0.03807106598984772,0.0016849199663016006,1.0,28
764,ttl_short,3,42.0,1.0,0.96,1.25,1437,5,562,236,0.9965325936199723,0.7188594297148574,0.8352223190932868,0.16167664670658682,0.02074688796680498,0.0015026296018031556,0.9375,37
765,ttl_short,3,42.0,1.0,0.96,1.25,1282,18,558,382,0.9861538461538462,0.6967391304347826,0.8165605095541401,0.15757575757575756,0.045,0.001694915254237288,0.967741935483871,41
766,ttl_short,3,42.0,1.0,0.96,1.25,1393,9,611,227,0.9935805991440799,0.6951097804391217,0.8179682912507341,0.14545454545454545,0.038135593220338986,0.0,1.0,38
767,ttl_short,3,42.0,1.0,0.96,1.25,1349,14,522,355,0.9897285399853265,0.721004810261892,0.8342609771181199,0.17543859649122806,0.037940379403794036,0.0040192926045016075,0.9090909090909091,41
768,ttl_short,3,42.0,1.0,0.96,1.25,1435,3,660,142,0.997913769123783,0.684964200477327,0.8123407868666855,0.124,0.020689655172413793,0.0022304832713754648,0.8846153846153846,31
769,ttl_short,3,42.0,1.0,0.96,1.25,1174,16,561,489,0.9865546218487395,0.676657060518732,0.8027350427350428,0.13446676970633695,0.031683168316831684,0.0009191176470588235,1.0,35
770,ttl_short,3,42.0,1.0,0.96,1.25,1284,9,613,334,0.9930394431554525,0.6768581971534001,0.8050156739811912,0.14165497896213183,0.026239067055393587,0.0008445945945945946,1.0,37
771,ttl_short,3,42.0,1.0,0.96,1.25,1447,12,541,240,0.9917751884852639,0.7278672032193159,0.8395706411372207,0.17151607963246554,0.047619047619047616,0.0,1.0,42
772,ttl_short,3,42.0,1.0,0.96,1.25,1307,3,605,325,0.9977099236641221,0.6835774058577406,0.8112973308504035,0.1564245810055866,0.009146341463414634,0.0008361204013377926,1.0,39
773,ttl_short,3,42.0,1.0,0.96,1.25,1243,7,572,418,0.9944,0.6848484848484848,0.8110929853181076,0.1308980213089802,0.01647058823529412,0.0008635578583765112,1.0,32
774,ttl_short,3,42.0,1.0,0.96,1.25,1334,11,647,248,0.9918215613382899,0.6733972741039879,0.8021647624774504,0.12920592193808883,0.04247104247104247,0.0,1.0,37
775,ttl_short,3,42.0,1.0,0.96,1.25,1474,3,641,122,0.997968855788761,0.6969267139479906,0.8207126948775056,0.158311345646438,0.024,0.002210759027266028,1.0,41
776,ttl_short,3,42.0,1.0,0.96,1.25,1375,12,529,324,0.9913482335976929,0.7221638655462185,0.8356122759039805,0.1700787401574803,0.03571428571428571,0.0015760441292356187,0.9375,40
777,ttl_short,3,42.0,1.0,0.96,1.25,1409,6,611,214,0.9957597173144876,0.6975247524752475,0.8203784570596797,0.17029972752043596,0.02727272727272727,0.0015552099533437014,0.9743589743589743,44
778,ttl_short,3,42.0,1.0,0.96,1.25,1391,10,563,276,0.9928622412562456,0.7118730808597749,0.829210134128167,0.1456752655538695,0.03496503496503497,0.0,1.0,36
779,ttl_short,3,42.0,1.0,0.96,1.25,1320,9,575,336,0.9932279909706546,0.6965699208443272,0.8188585607940447,0.1339421613394216,0.02608695652173913,0.004846526655896607,0.8148148148148148,33
780,ttl_short,3,42.0,1.0,0.96,1.25,1288,6,498,448,0.9953632148377125,0.7211646136618141,0.8363636363636363,0.1777408637873754,0.013215859030837005,0.002533783783783784,0.9354838709677419,39
781,ttl_short,3,42.0,1.0,0.96,1.25,1427,6,677,130,0.9958129797627355,0.6782319391634981,0.8068985015549901,0.1346153846153846,0.04411764705882353,0.0015105740181268882,0.9354838709677419,37
782,ttl_short,3,42.0,1.0,0.96,1.25,1450,5,665,120,0.9965635738831615,0.6855791962174941,0.8123249299719889,0.13671875,0.04,0.0014847809948032665,1.0,37
783,ttl_short,3,42.0,1.0,0.96,1.25,1302,9,566,363,0.9931350114416476,0.6970021413276232,0.8191255111670337,0.16172106824925817,0.024193548387096774,0.0008375209380234506,0.9696969696969697,39
784,ttl_short,3,42.0,1.0,0.96,1.25,1335,18,538,349,0.9866962305986696,0.7127602776294715,0.8276503409795413,0.14896988906497624,0.04904632152588556,0.0008051529790660225,1.0,38
785,ttl_short,3,42.0,1.0,0.96,1.25,1482,9,574,175,0.993963782696177,0.7208171206225681,0.8356357485198759,0.1588235294117647,0.04891304347826087,0.0014534883720930232,1.0,39
786,ttl_short,3,42.0,1.0,0.96,1.25,1390,8,598,244,0.994277539341917,0.6991951710261569,0.8210277613703484,0.16292134831460675,0.031746031746031744,0.001567398119122257,1.0,43
787,ttl_short,3,42.0,1.0,0.96,1.25,1303,6,580,351,0.9954163483575248,0.6919808815719597,0.8164160401002506,0.13967310549777118,0.01680672268907563,0.0008264462809917355,0.9629629629629629,34
788,ttl_short,3,42.0,1.0,0.96,1.25,1331,15,572,322,0.9888558692421991,0.6994219653179191,0.8193290243151741,0.1607669616519174,0.04451038575667656,0.0024489795918367346,0.96875,39
789,ttl_short,3,42.0,1.0,0.96,1.25,1201,15,549,475,0.9876644736842105,0.6862857142857143,0.8098449089683075,0.12898089171974522,0.030612244897959183,0.0017825311942959,0.9565217391304348,32
790,ttl_short,3,42.0,1.0,0.96,1.25,1357,17,533,333,0.987627365356623,0.717989417989418,0.8314950980392156,0.18778625954198475,0.04857142857142857,0.0008097165991902834,0.975,47
791,ttl_short,3,42.0,1.0,0.96,1.25,1437,9,616,178,0.9937759336099585,0.69995129079396,0.8213775364389826,0.1589041095890411,0.0481283422459893,0.0015117157974300832,0.9444444444444444,42
792,ttl_short,3,42.0,1.0,0.96,1.25,1099,12,591,538,0.9891989198919892,0.6502958579881657,0.7847197429489468,0.12238805970149254,0.02181818181818182,0.0029411764705882353,0.9523809523809523,32
793,ttl_short,3,42.0,1.0,0.96,1.25,1458,8,546,228,0.9945429740791268,0.7275449101796407,0.8403458213256484,0.19674556213017752,0.03389830508474576,0.002259036144578313,0.9302325581395349,48
794,ttl_short,3,42.0,1.0,0.96,1.25,1483,6,573,178,0.9959704499664204,0.7213035019455253,0.8366713681241185,0.14156626506024098,0.03260869565217391,0.0021551724137931034,0.9642857142857143,34
795,ttl_short,3,42.0,1.0,0.96,1.25,1540,6,600,94,0.9961190168175937,0.719626168224299,0.835594139989148,0.1763085399449036,0.06,0.0014144271570014145,0.972972972972973,43
796,ttl_short,3,42.0,1.0,0.96,1.25,1350,9,619,262,0.9933774834437086,0.6856272219400711,0.8112980769230768,0.1550068587105624,0.033210332103321034,0.0024193548387096775,0.9444444444444444,41
797,ttl_short,3,42.0,1.0,0.96,1.25,1358,7,608,267,0.9948717948717949,0.6907426246185148,0.8153707595316722,0.15126050420168066,0.025547445255474453,0.001597444089456869,0.9375,39
798,ttl_short,3,42.0,1.0,0.96,1.25,1439,15,603,183,0.9896836313617606,0.7047012732615083,0.8232265446224256,0.1568627450980392,0.07575757575757576,0.0007530120481927711,0.972972972972973,43
799,ttl_short,3,42.0,1.0,0.96,1.25,1399,0,685,156,1.0,0.6713051823416507,0.803330462245191,0.14518147684605756,0.0,0.0015564202334630351,0.96875,39
800,ttl_short,3,42.0,1.0,0.96,1.25,1383,11,583,263,0.9921090387374462,0.7034587995930824,0.8232142857142858,0.1555232558139535,0.040145985401459854,0.001564945226917058,0.967741935483871,40
801,ttl_short,3,42.0,1.0,0.96,1.25,1276,15,560,389,0.9883810999225406,0.6949891067538126,0.8161176846818036,0.15431164901664146,0.03712871287128713,0.000851063829787234,0.9666666666666667,39
802,ttl_short,3,42.0,1.0,0.96,1.25,1192,12,589,447,0.9900332225913622,0.6692869174620999,0.7986599664991625,0.1344165435745938,0.026143790849673203,0.002717391304347826,0.9230769230769231,35
803,ttl_short,3,42.0,1.0,0.96,1.25,1344,12,588,296,0.9911504424778761,0.6956521739130435,0.8175182481751825,0.14410480349344978,0.03896103896103896,0.0,1.0,36
804,ttl_short,3,42.0,1.0,0.96,1.25,1280,16,479,465,0.9876543209876543,0.7276861853325753,0.8379705400981996,0.18664383561643835,0.033264033264033266,0.003404255319148936,0.9428571428571428,43
805,ttl_short,3,42.0,1.0,0.96,1.25,1317,11,637,275,0.9917168674698795,0.6740020470829069,0.8025594149908593,0.13956639566395665,0.038461538461538464,0.001644736842105263,0.967741935483871,38
806,ttl_short,3,42.0,1.0,0.96,1.25,1417,6,591,226,0.9957835558678847,0.7056772908366534,0.825998251238706,0.15834522111269614,0.02586206896551724,0.0007651109410864575,0.96875,40
807,ttl_short,3,42.0,1.0,0.96,1.25,1246,12,633,349,0.9904610492845787,0.6631186801490154,0.7943895441504623,0.1276005547850208,0.0332409972299169,0.0034542314335060447,0.8846153846153846,34
808,ttl_short,3,42.0,1.0,0.96,1.25,1444,6,590,200,0.9958620689655172,0.7099311701081613,0.8289322617680827,0.16784203102961917,0.02912621359223301,0.0,1.0,42
809,ttl_short,3,42.0,1.0,0.96,1.25,1534,3,680,23,0.9980481457384516,0.6928635953026197,0.8179152226073048,0.15037593984962405,0.11538461538461539,0.0014124293785310734,0.972972972972973,39
810,ttl_short,3,42.0,1.0,0.96,1.25,1391,9,518,322,0.9935714285714285,0.7286537454164485,0.8407373828951346,0.17993630573248406,0.027190332326283987,0.00234192037470726,0.9375,41
811,ttl_short,3,42.0,1.0,0.96,1.25,1345,12,612,271,0.9911569638909359,0.6872764435360246,0.811707905853953,0.14664804469273743,0.04240282685512368,0.0008058017727639,0.967741935483871,38
812,ttl_short,3,42.0,1.0,0.96,1.25,1411,5,608,216,0.9964689265536724,0.6988608221892025,0.8215429403202328,0.1662087912087912,0.02262443438914027,0.000774593338497289,0.9714285714285714,42
813,ttl_short,3,42.0,1.0,0.96,1.25,1326,9,595,310,0.9932584269662922,0.6902654867256637,0.8144963144963144,0.1440922190201729,0.02821316614420063,0.0008149959250203749,0.9655172413793104,35
814,ttl_short,3,42.0,1.0,0.96,1.25,1409,3,665,163,0.9978753541076487,0.6793635486981678,0.8083763625932302,0.1370757180156658,0.018072289156626505,0.0030581039755351682,0.9032258064516129,36
815,ttl_short,3,42.0,1.0,0.96,1.25,1281,12,624,323,0.9907192575406032,0.6724409448818898,0.801125703564728,0.13351877607788595,0.03582089552238806,0.0008431703204047217,0.967741935483871,35
816,ttl_short,3,42.0,1.0,0.96,1.25,1501,0,695,44,1.0,0.6835154826958105,0.8120097376251014,0.1401985111662531,0.0,0.0014388489208633094,0.9696969696969697,38
817,ttl_short,3,42.0,1.0,0.96,1.25,1246,11,516,467,0.9912490055688147,0.7071509648127128,0.8254388870486916,0.17891373801916932,0.02301255230125523,0.0017605633802816902,0.9428571428571428,41
818,ttl_short,3,42.0,1.0,0.96,1.25,1426,9,625,180,0.9937282229965156,0.6952705997074597,0.8181296615031555,0.15122615803814715,0.047619047619047616,0.0015186028853454822,0.9696969696969697,40
819,ttl_short,3,42.0,1.0,0.96,1.25,1390,9,626,215,0.993566833452466,0.689484126984127,0.8140556368960468,0.14167812929848694,0.04017857142857143,0.0015515903801396431,0.9333333333333333,38
820,ttl_short,3,42.0,1.0,0.96,1.25,1339,11,542,348,0.9918518518518519,0.7118553960659224,0.8288455586505725,0.18126888217522658,0.03064066852367688,0.0,1.0,45
821,ttl_short,3,42.0,1.0,0.96,1.25,1244,9,537,450,0.9928172386272945,0.6984839977540708,0.8200395517468688,0.13821138211382114,0.0196078431372549,0.006003430531732418,0.8571428571428571,31
822,ttl_short,3,42.0,1.0,0.96,1.25,1383,7,534,316,0.9949640287769784,0.7214397496087637,0.8364076201995766,0.16614420062695925,0.021671826625386997,0.001563721657544957,0.9393939393939394,38
823,ttl_short,3,42.0,1.0,0.96,1.25,1505,9,547,179,0.9940554821664465,0.7334307992202729,0.8440830061693774,0.1875,0.047872340425531915,0.0007246376811594203,0.9743589743589743,45
824,ttl_short,3,42.0,1.0,0.96,1.25,1218,16,540,466,0.9870340356564019,0.6928327645051194,0.8141711229946524,0.14308426073131955,0.03319502074688797,0.0008857395925597874,0.9615384615384616,35
825,ttl_short,3,42.0,1.0,0.96,1.25,1442,6,548,244,0.9958563535911602,0.7246231155778895,0.8388598022105875,0.17424242424242425,0.024,0.002255639097744361,0.9428571428571428,40
826,ttl_short,3,42.0,1.0,0.96,1.25,1485,3,669,83,0.9979838709677419,0.6894150417827298,0.8154859967051071,0.15247776365946633,0.03488372093023256,0.001463057790782736,0.9459459459459459,41
827,ttl_short,3,42.0,1.0,0.96,1.25,1367,3,625,245,0.9978102189781022,0.6862449799196787,0.8132064247471743,0.12988826815642457,0.012096774193548387,0.001567398119122257,0.9259259259259259,33
828,ttl_short,3,42.0,1.0,0.96,1.25,1149,16,447,628,0.9862660944206009,0.7199248120300752,0.8323071350959798,0.15619047619047619,0.024844720496894408,0.003734827264239029,0.8695652173913043,33
829,ttl_short,3,42.0,1.0,0.96,1.25,1321,9,623,287,0.9932330827067669,0.6795267489711934,0.8069639584605985,0.12305516265912306,0.030405405405405407,0.002425222312045271,0.92,32
830,ttl_short,3,42.0,1.0,0.96,1.25,1294,13,525,408,0.990053557765876,0.7113798790544255,0.8278950735764554,0.13509060955518945,0.030878859857482184,0.0,1.0,31
831,ttl_short,3,42.0,1.0,0.96,1.25,1297,15,594,334,0.9885670731707317,0.6858804865150714,0.80986575085857,0.1530758226037196,0.04297994269340974,0.0016778523489932886,1.0,41
832,ttl_short,3,42.0,1.0,0.96,1.25,1379,5,572,284,0.9963872832369942,0.7068170169144029,0.8269865067466268,0.16666666666666666,0.01730103806228374,0.0015785319652722968,0.967741935483871,40
833,ttl_short,3,42.0,1.0,0.96,1.25,1313,11,611,305,0.9916918429003021,0.6824324324324325,0.8084975369458128,0.13086770981507823,0.03481012658227848,0.0,1.0,34
834,ttl_short,3,42.0,1.0,0.96,1.25,1388,9,613,230,0.9935576234788833,0.6936531734132934,0.8169511477339613,0.1532033426183844,0.03765690376569038,0.003897116134060795,0.8787878787878788,40
835,ttl_short,3,42.0,1.0,0.96,1.25,1377,9,629,225,0.9935064935064936,0.6864406779661016,0.8119103773584906,0.13873626373626374,0.038461538461538464,0.001564945226917058,0.9333333333333333,37
836,ttl_short,3,42.0,1.0,0.96,1.25,1311,11,514,404,0.9916792738275341,0.7183561643835616,0.8331744518589131,0.1490066225165563,0.02650602409638554,0.0,1.0,33
837,ttl_short,3,42.0,1.0,0.96,1.25,1332,8,579,321,0.9940298507462687,0.6970172684458399,0.8194401722546909,0.1451851851851852,0.0243161094224924,0.0016181229773462784,1.0,35
838,ttl_short,3,42.0,1.0,0.96,1.25,1267,8,547,418,0.9937254901960785,0.6984564498346196,0.8203302039494983,0.14465408805031446,0.018779342723004695,0.0025466893039049238,0.9166666666666666,34
839,ttl_short,3,42.0,1.0,0.96,1.25,1296,9,580,355,0.993103448275862,0.6908315565031983,0.8148381012260296,0.14222222222222222,0.024725274725274724,0.0008326394671107411,0.96,34
840,ttl_short,3,42.0,1.0,0.96,1.25,1462,6,677,95,0.9959128065395095,0.6834969611968209,0.8106459661768783,0.14772727272727273,0.0594059405940594,0.0014847809948032665,0.9459459459459459,41
841,long_memory,3,42.0,1.0,0.96,1.25,1992,108,61,79,0.9485714285714286,0.9702873843156357,0.959306525403323,0.9131054131054132,0.5775401069518716,0.0,1.0,7
842,long_memory,3,42.0,1.0,0.96,1.25,1852,128,30,230,0.9353535353535354,0.9840595111583422,0.9590885551527707,0.9525368248772504,0.3575418994413408,0.0007867820613690008,1.0,7
843,long_memory,3,42.0,1.0,0.96,1.25,1830,122,55,233,0.9375,0.9708222811671088,0.9538702111024238,0.9198184568835098,0.3436619718309859,0.0016339869281045752,1.0,9
844,long_memory,3,42.0,1.0,0.96,1.25,1778,144,129,189,0.9250780437044746,0.9323544834819087,0.9287020109689215,0.8046153846153846,0.43243243243243246,0.0015910898965791568,1.0,11
845,long_memory,3,42.0,1.0,0.96,1.25,1857,53,68,262,0.9722513089005236,0.9646753246753247,0.9684485006518905,0.9040114613180515,0.16825396825396827,0.0008149959250203749,0.96,8
846,long_memory,3,42.0,1.0,0.96,1.25,1822,159,79,180,0.9197375063099444,0.9584429247764334,0.9386913961875323,0.8884180790960452,0.4690265486725664,0.0,1.0,9
847,long_memory,3,42.0,1.0,0.96,1.25,1983,82,58,117,0.9602905569007264,0.9715825575698187,0.965903555772041,0.92578125,0.4120603015075377,0.0007855459544383347,0.967741935483871,12
848,long_memory,3,42.0,1.0,0.96,1.25,1865,111,40,224,0.9438259109311741,0.979002624671916,0.9610925019324916,0.9388714733542319,0.33134328358208953,0.0007892659826361484,1.0,5
849,long_memory,3,42.0,1.0,0.96,1.25,1865,148,96,131,0.9264778936910084,0.9510453850076491,0.9386009058882738,0.8602941176470589,0.5304659498207885,0.00078064012490242,1.0,6
850,long_memory,3,42.0,1.0,0.96,1.25,1815,142,39,244,0.9274399591211038,0.9789644012944984,0.9525059039622147,0.941717791411043,0.36787564766839376,0.0008319467554076539,1.0,11
851,long_memory,3,42.0,1.0,0.96,1.25,1738,223,51,228,0.8862825089240184,0.9714924538848518,0.9269333333333334,0.9188741721854304,0.49445676274944567,0.0016877637130801688,1.0,15
852,long_memory,3,42.0,1.0,0.96,1.25,1817,122,161,140,0.9370809695719443,0.9186046511627907,0.9277508297166198,0.7741935483870968,0.46564885496183206,0.0,1.0,6
853,long_memory,3,42.0,1.0,0.96,1.25,2025,60,83,72,0.9712230215827338,0.9606261859582542,0.9658955401860242,0.8815977175463623,0.45454545454545453,0.0,1.0,8
854,long_memory,3,42.0,1.0,0.96,1.25,2001,79,58,102,0.9620192307692308,0.971830985915493,0.966900217443827,0.9188034188034188,0.43646408839779005,0.0007369196757553427,1.0,4
855,long_memory,3,42.0,1.0,0.96,1.25,1765,134,115,226,0.9294365455502897,0.9388297872340425,0.9341095527917438,0.8396624472573839,0.37222222222222223,0.000855431993156544,1.0,12
856,long_memory,3,42.0,1.0,0.96,1.25,1970,121,38,111,0.9421329507412721,0.9810756972111554,0.9612100512320079,0.9497907949790795,0.521551724137931,0.001549186676994578,1.0,8
857,long_memory,3,42.0,1.0,0.96,1.25,1929,59,81,171,0.9703219315895373,0.9597014925373134,0.9649824912456229,0.8884239888423989,0.2565217391304348,0.0007733952049497294,1.0,9
858,long_memory,3,42.0,1.0,0.96,1.25,1645,211,87,297,0.8863146551724138,0.9497690531177829,0.9169453734671126,0.8619582664526485,0.4153543307086614,0.0009017132551848512,0.9642857142857143,10
859,long_memory,3,42.0,1.0,0.96,1.25,2015,83,54,88,0.9604385128693994,0.9739004349927501,0.9671226301895848,0.9302325581395349,0.4853801169590643,0.0,1.0,11
860,long_memory,3,42.0,1.0,0.96,1.25,1670,216,123,231,0.8854718981972428,0.9313998884551031,0.9078553954879043,0.8157099697885196,0.48322147651006714,0.0008841732979664014,1.0,12
861,long_memory,3,42.0,1.0,0.96,1.25,1801,161,75,203,0.917940876656473,0.9600213219616205,0.938509640437728,0.8957142857142857,0.4423076923076923,0.0017006802721088435,1.0,10
862,long_memory,3,42.0,1.0,0.96,1.25,1910,87,126,117,0.956434651977967,0.9381139489194499,0.9471857178279197,0.8350785340314136,0.4264705882352941,0.0,1.0,10
863,long_memory,3,42.0,1.0,0.96,1.25,1784,119,68,269,0.9374671571203363,0.9632829373650108,0.9501997336884156,0.8974358974358975,0.30670103092783507,0.0,1.0,8
864,long_memory,3,42.0,1.0,0.96,1.25,1816,163,79,182,0.9176351692774128,0.9583113456464379,0.9375322663913268,0.8885714285714286,0.47246376811594204,0.0008368200836820083,1.0,14
865,long_memory,3,42.0,1.0,0.96,1.25,1774,97,57,312,0.9481560662747194,0.9688694702348444,0.958400864397623,0.9102362204724409,0.2371638141809291,0.0,1.0,6
866,long_memory,3,42.0,1.0,0.96,1.25,1999,84,87,70,0.9596735477676428,0.9582933844678811,0.9589829695370592,0.8891752577319587,0.5454545454545454,0.0007633587786259542,1.0,11
867,long_memory,3,42.0,1.0,0.96,1.25,1900,101,43,196,0.9495252373813093,0.9778692743180648,0.9634888438133875,0.9365781710914455,0.3400673400673401,0.0,1.0,7
868,long_memory,3,42.0,1.0,0.96,1.25,1897,89,142,112,0.9551863041289023,0.9303580186365865,0.9426086956521739,0.8170103092783505,0.4427860696517413,0.0,1.0,10
869,long_memory,3,42.0,1.0,0.96,1.25,1967,86,65,122,0.9581100828056502,0.968011811023622,0.9630354957160342,0.9116022099447514,0.41346153846153844,0.0007645259938837921,0.9722222222222222,7
870,long_memory,3,42.0,1.0,0.96,1.25,1873,83,126,158,0.9575664621676891,0.9369684842421211,0.9471554993678888,0.8328877005347594,0.34439834024896265,0.0007993605115907274,1.0,8
871,long_memory,3,42.0,1.0,0.96,1.25,1851,116,105,168,0.9410269445856635,0.946319018404908,0.9436655620698445,0.8533145275035261,0.4084507042253521,0.0008019246190858059,1.0,9
872,long_memory,3,42.0,1.0,0.96,1.25,2060,53,117,10,0.9749171793658306,0.9462563160312356,0.9603729603729604,0.8529411764705882,0.8412698412698413,0.0014336917562724014,0.96875,6
873,long_memory,3,42.0,1.0,0.96,1.25,1828,98,146,168,0.9491173416407062,0.9260385005065856,0.9374358974358974,0.7849779086892489,0.3684210526315789,0.0,1.0,4
874,long_memory,3,42.0,1.0,0.96,1.25,1883,102,58,197,0.9486146095717884,0.970118495620814,0.9592460519612838,0.9113149847094801,0.3411371237458194,0.0,1.0,7
875,long_memory,3,42.0,1.0,0.96,1.25,1952,78,61,149,0.961576354679803,0.9696969696969697,0.9656195894138017,0.9188445667125172,0.3436123348017621,0.0015552099533437014,0.9722222222222222,10
876,long_memory,3,42.0,1.0,0.96,1.25,1904,69,150,117,0.9650278763304613,0.9269717624148004,0.9456170846784206,0.8026490066225166,0.3709677419354839,0.0007698229407236335,1.0,7
877,long_memory,3,42.0,1.0,0.96,1.25,1764,145,56,275,0.9240440020953379,0.9692307692307692,0.9460981496379727,0.9178885630498533,0.34523809523809523,0.0,1.0,14
878,long_memory,3,42.0,1.0,0.96,1.25,1966,99,51,124,0.9520581113801453,0.9747149231531979,0.9632533072023518,0.9301994301994302,0.4439461883408072,0.001520912547528517,1.0,4
879,long_memory,3,42.0,1.0,0.96,1.25,1902,135,56,147,0.9337260677466863,0.9713993871297242,0.9521902377972465,0.9221140472878998,0.4787234042553192,0.0,1.0,13
880,long_memory,3,42.0,1.0,0.96,1.25,1954,60,94,132,0.9702085402184707,0.9541015625,0.9620876415558838,0.876657824933687,0.3125,0.0007727975270479134,1.0,9
881,long_memory,3,42.0,1.0,0.96,1.25,1899,73,143,125,0.9629817444219066,0.9299706170421156,0.9461883408071748,0.8113456464379947,0.3686868686868687,0.0,1.0,8
882,long_memory,3,42.0,1.0,0.96,1.25,1873,60,184,123,0.9689601655457838,0.9105493437044239,0.9388471177944863,0.7706766917293233,0.32786885245901637,0.0007942811755361397,0.96,16
883,long_memory,3,42.0,1.0,0.96,1.25,2014,83,50,93,0.9604196471149261,0.9757751937984496,0.9680365296803652,0.9344262295081968,0.4715909090909091,0.0015015015015015015,1.0,7
884,long_memory,3,42.0,1.0,0.96,1.25,2088,84,36,32,0.9613259668508287,0.9830508474576272,0.9720670391061453,0.9490806223479491,0.7241379310344828,0.0,1.0,6
885,long_memory,3,42.0,1.0,0.96,1.25,1859,177,46,158,0.9130648330058939,0.9758530183727034,0.9434153768079168,0.9331352154531947,0.5283582089552239,0.0008116883116883117,0.96875,14
886,long_memory,3,42.0,1.0,0.96,1.25,1728,140,169,203,0.9250535331905781,0.9109119662625198,0.9179282868525896,0.7518463810930576,0.40816326530612246,0.000819672131147541,0.96,9
887,long_memory,3,42.0,1.0,0.96,1.25,1948,81,65,146,0.9600788565795959,0.9677098857426726,0.9638792676892626,0.9138166894664843,0.3568281938325991,0.0015600624024961,0.967741935483871,8
888,long_memory,3,42.0,1.0,0.96,1.25,1771,89,176,204,0.9521505376344086,0.9096045197740112,0.9303913842920936,0.7582872928176796,0.3037542662116041,0.0008176614881439084,1.0,9
889,long_memory,3,42.0,1.0,0.96,1.25,1905,90,126,119,0.9548872180451128,0.9379615952732644,0.9463487332339791,0.8342175066312998,0.430622009569378,0.0007830853563038371,0.9714285714285714,9
890,long_memory,3,42.0,1.0,0.96,1.25,1993,30,173,44,0.9851705388037568,0.920129270544783,0.9515397469563142,0.7705570291777188,0.40540540540540543,0.0,1.0,4
891,long_memory,3,42.0,1.0,0.96,1.25,1930,105,79,126,0.9484029484029484,0.9606769537083126,0.9545004945598418,0.893296853625171,0.45454545454545453,0.000782472613458529,1.0,11
892,long_memory,3,42.0,1.0,0.96,1.25,1893,86,85,176,0.956543708943911,0.9570273003033367,0.9567854435178165,0.8801128349788434,0.3282442748091603,0.0,1.0,8
893,long_memory,3,42.0,1.0,0.96,1.25,2055,54,61,70,0.9743954480796586,0.97117202268431,0.9727810650887574,0.9176788124156545,0.43548387096774194,0.0,1.0,10
894,long_memory,3,42.0,1.0,0.96,1.25,1876,136,52,176,0.9324055666003976,0.9730290456431535,0.9522842639593909,0.9285714285714286,0.4358974358974359,0.0008237232289950577,0.96875,11
895,long_memory,3,42.0,1.0,0.96,1.25,1717,176,85,262,0.9070258848388801,0.9528301886792453,0.9293640054127199,0.8629032258064516,0.4018264840182648,0.0,1.0,10
896,long_memory,3,42.0,1.0,0.96,1.25,1862,166,33,179,0.9181459566074951,0.9825857519788919,0.9492735151669641,0.9498432601880877,0.4811594202898551,0.0007955449482895784,1.0,6
897,long_memory,3,42.0,1.0,0.96,1.25,1877,111,140,112,0.9441649899396378,0.9305899851264254,0.9373283395755305,0.8047752808988764,0.4977578475336323,0.0007662835249042146,1.0,9
898,long_memory,3,42.0,1.0,0.96,1.25,2026,63,67,84,0.9698420296792724,0.9679885332059245,0.9689143950263032,0.9114093959731544,0.42857142857142855,0.000741839762611276,1.0,9
899,long_memory,3,42.0,1.0,0.96,1.25,1914,90,76,160,0.9550898203592815,0.9618090452261306,0.9584376564847272,0.896457765667575,0.36,0.0,1.0,13
900,long_memory,3,42.0,1.0,0.96,1.25,1935,63,126,116,0.9684684684684685,0.9388646288209607,0.9534368070953436,0.8333333333333334,0.35195530726256985,0.0022675736961451248,0.9230769230769231,9
901,long_memory,3,42.0,1.0,0.96,1.25,2089,52,55,44,0.9757122839794489,0.9743470149253731,0.9750291715285881,0.9281914893617021,0.5416666666666666,0.0007183908045977011,0.9761904761904762,8
902,long_memory,3,42.0,1.0,0.96,1.25,1825,75,107,233,0.9605263157894737,0.9446169772256728,0.9525052192066805,0.8475783475783476,0.2435064935064935,0.0,1.0,7
903,long_memory,3,42.0,1.0,0.96,1.25,1859,139,137,105,0.9304304304304304,0.9313627254509018,0.9308963445167752,0.8092566619915849,0.569672131147541,0.000779423226812159,1.0,8
904,long_memory,3,42.0,1.0,0.96,1.25,1945,83,105,107,0.9590729783037475,0.948780487804878,0.9538989700833741,0.8557422969187675,0.4368421052631579,0.0014970059880239522,0.9666666666666667,7
905,long_memory,3,42.0,1.0,0.96,1.25,1848,120,62,210,0.9390243902439024,0.9675392670157068,0.9530685920577617,0.9065849923430321,0.36363636363636365,0.0007955449482895784,1.0,8
906,long_memory,3,42.0,1.0,0.96,1.25,1981,36,82,141,0.9821517104610809,0.9602520601066408,0.9710784313725489,0.8909825033647375,0.2033898305084746,0.0007575757575757576,1.0,7
907,long_memory,3,42.0,1.0,0.96,1.25,1935,142,61,102,0.9316321617717862,0.9694388777555111,0.950159587527621,0.9084084084084084,0.5819672131147541,0.0,1.0,7
908,long_memory,3,42.0,1.0,0.96,1.25,1831,65,107,237,0.9657172995780591,0.9447884416924665,0.9551382368283777,0.841079460269865,0.2152317880794702,0.0007867820613690008,1.0,5
909,long_memory,3,42.0,1.0,0.96,1.25,1893,134,50,163,0.9338924518993587,0.9742665980442614,0.9536523929471032,0.93,0.4511784511784512,0.0008045052292839903,0.967741935483871,10
910,long_memory,3,42.0,1.0,0.96,1.25,1981,99,70,90,0.9524038461538461,0.9658703071672355,0.9590898087630114,0.9025069637883009,0.5238095238095238,0.0,1.0,8
911,long_memory,3,42.0,1.0,0.96,1.25,2049,45,104,42,0.9785100286532952,0.9516953088713423,0.964916411584648,0.869837296620776,0.5172413793103449,0.0,1.0,9
912,long_memory,3,42.0,1.0,0.96,1.25,1821,139,45,235,0.9290816326530612,0.9758842443729904,0.9519079979090433,0.9299065420560748,0.3716577540106952,0.0,1.0,8
913,long_memory,3,42.0,1.0,0.96,1.25,1881,128,91,140,0.9362867098058736,0.9538539553752535,0.9449886963074604,0.8658718330849479,0.47761194029850745,0.0007686395080707148,0.96,8
914,long_memory,3,42.0,1.0,0.96,1.25,1745,137,72,286,0.9272051009564294,0.9603742432581178,0.9434982427683158,0.8959881129271917,0.32387706855791965,0.0017482517482517483,0.9411764705882353,10
915,long_memory,3,42.0,1.0,0.96,1.25,2138,27,71,4,0.9875288683602771,0.9678587596197374,0.9775948788294466,0.91125,0.8709677419354839,0.0,1.0,7
916,long_memory,3,42.0,1.0,0.96,1.25,1935,90,116,99,0.9555555555555556,0.9434422233057045,0.94946025515211,0.8436657681940701,0.47619047619047616,0.0,1.0,9
917,long_memory,3,42.0,1.0,0.96,1.25,2100,30,92,18,0.9859154929577465,0.958029197080292,0.9717723276260991,0.8857142857142857,0.625,0.0,1.0,7
918,long_memory,3,42.0,1.0,0.96,1.25,1839,108,60,233,0.9445300462249615,0.9684044233807267,0.9563182527301093,0.9076923076923077,0.31671554252199413,0.0,1.0,8
919,long_memory,3,42.0,1.0,0.96,1.25,1790,118,82,250,0.9381551362683438,0.9561965811965812,0.9470899470899471,0.8738461538461538,0.32065217391304346,0.0,1.0,7
920,long_memory,3,42.0,1.0,0.96,1.25,1709,165,58,308,0.9119530416221985,0.9671760045274477,0.9387530898104915,0.8993055555555556,0.3488372093023256,0.0,1.0,8
921,long_memory,3,42.0,1.0,0.96,1.25,1842,128,59,211,0.9350253807106599,0.9689637033140452,0.9516920692327564,0.9056,0.3775811209439528,0.0,1.0,7
922,long_memory,3,42.0,1.0,0.96,1.25,1863,51,232,94,0.9733542319749217,0.8892601431980907,0.9294088301322024,0.702457956015524,0.35172413793103446,0.0015128593040847202,1.0,5
923,long_memory,3,42.0,1.0,0.96,1.25,1891,117,46,186,0.9417330677290837,0.9762519359834796,0.9586818757921419,0.9333333333333333,0.38613861386138615,0.0,1.0,10
924,long_memory,3,42.0,1.0,0.96,1.25,1933,119,23,165,0.9420077972709552,0.9882413087934561,0.9645708582834331,0.9671361502347418,0.41901408450704225,0.0015186028853454822,1.0,7
925,long_memory,3,42.0,1.0,0.96,1.25,1859,77,122,182,0.9602272727272727,0.9384149419485108,0.9491958131222874,0.8356164383561644,0.2972972972972973,0.0015987210231814548,1.0,13
926,long_memory,3,42.0,1.0,0.96,1.25,1824,113,62,241,0.9416623644811565,0.9671261930010604,0.9542244310750719,0.9075757575757576,0.3192090395480226,0.0008156606851549756,1.0,9
927,long_memory,3,42.0,1.0,0.96,1.25,1899,89,104,148,0.9552313883299799,0.9480778831752371,0.9516411926835379,0.8583333333333333,0.3755274261603376,0.001558846453624318,0.967741935483871,9
928,long_memory,3,42.0,1.0,0.96,1.25,1947,120,62,111,0.941944847605225,0.96913887506222,0.9553483807654563,0.9118065433854907,0.5194805194805194,0.0,1.0,7
929,long_memory,3,42.0,1.0,0.96,1.25,1837,168,84,151,0.9162094763092269,0.9562727745965642,0.9358125318390219,0.8693623639191291,0.5266457680250783,0.0,1.0,6
930,long_memory,3,42.0,1.0,0.96,1.25,2069,60,67,44,0.9718177548144669,0.9686329588014981,0.9702227432590856,0.9137709137709138,0.5769230769230769,0.0,1.0,8
931,long_memory,3,42.0,1.0,0.96,1.25,1982,102,63,93,0.9510556621880998,0.9691931540342298,0.9600387503027367,0.9185082872928176,0.5230769230769231,0.003028009084027252,0.9473684210526315,8
932,long_memory,3,42.0,1.0,0.96,1.25,1908,95,52,185,0.9525711432850724,0.9734693877551021,0.9629068887206662,0.9260869565217391,0.3392857142857143,0.0007874015748031496,1.0,10
933,long_memory,3,42.0,1.0,0.96,1.25,1929,88,62,161,0.9563708477937531,0.9688598694123556,0.9625748502994012,0.9125528913963329,0.3534136546184739,0.0,1.0,10
934,long_memory,3,42.0,1.0,0.96,1.25,1909,86,77,168,0.9568922305764411,0.9612286002014099,0.9590555136900276,0.8947368421052632,0.33858267716535434,0.0007911392405063291,0.9722222222222222,10
935,long_memory,3,42.0,1.0,0.96,1.25,1691,177,62,310,0.9052462526766595,0.9646320593268682,0.9339961336647334,0.9022082018927445,0.36344969199178645,0.0,1.0,15
936,long_memory,3,42.0,1.0,0.96,1.25,1999,73,48,120,0.9647683397683398,0.9765510503175379,0.9706239378489925,0.9395973154362416,0.37823834196891193,0.002304147465437788,0.9714285714285714,8
937,long_memory,3,42.0,1.0,0.96,1.25,1884,42,137,177,0.9781931464174455,0.9322117763483424,0.954649100582721,0.8153638814016172,0.1917808219178082,0.0,1.0,8
938,long_memory,3,42.0,1.0,0.96,1.25,1917,130,100,93,0.9364924279433317,0.9504214179474467,0.9434055118110236,0.8723958333333334,0.5829596412556054,0.0016012810248198558,1.0,15
939,long_memory,3,42.0,1.0,0.96,1.25,1927,111,40,162,0.9455348380765456,0.9796644636502287,0.9622971285892633,0.938366718027735,0.4065934065934066,0.0,1.0,6
940,long_memory,3,42.0,1.0,0.96,1.25,1821,125,83,211,0.9357656731757451,0.9564075630252101,0.9459740259740259,0.8784773060029283,0.37202380952380953,0.0,1.0,11
941,long_memory,3,42.0,1.0,0.96,1.25,1719,179,76,266,0.9056902002107482,0.9576601671309192,0.9309504467912266,0.8768233387358185,0.40224719101123596,0.0,1.0,9
942,long_memory,3,42.0,1.0,0.96,1.25,1994,79,108,59,0.9618909792571153,0.9486203615604186,0.9552095808383234,0.8620689655172413,0.572463768115942,0.0,1.0,10
943,long_memory,3,42.0,1.0,0.96,1.25,1942,90,84,124,0.9557086614173228,0.9585389930898321,0.957121734844751,0.8854024556616644,0.4205607476635514,0.0,1.0,11
944,long_memory,3,42.0,1.0,0.96,1.25,1751,162,65,262,0.9153162571876634,0.9642070484581498,0.939125770984178,0.8969889064976229,0.38207547169811323,0.0,1.0,11
945,long_memory,3,42.0,1.0,0.96,1.25,1835,143,45,217,0.9277047522750252,0.976063829787234,0.9512700881285641,0.9322033898305084,0.3972222222222222,0.0008123476848090983,1.0,8
946,long_memory,3,42.0,1.0,0.96,1.25,1752,91,145,252,0.9506239826370049,0.9235635213494993,0.9368983957219251,0.787518573551263,0.2653061224489796,0.0016339869281045752,0.9629629629629629,8
947,long_memory,3,42.0,1.0,0.96,1.25,1703,168,78,291,0.9102084446819882,0.9562043795620438,0.9326396495071194,0.8819969742813918,0.3660130718954248,0.0,1.0,10
948,long_memory,3,42.0,1.0,0.96,1.25,1963,60,142,75,0.9703410776075136,0.932541567695962,0.9510658914728682,0.8116710875331565,0.4444444444444444,0.0,1.0,6
949,long_memory,3,42.0,1.0,0.96,1.25,1703,163,66,308,0.912647374062165,0.9626907857546636,0.9370013755158184,0.8944,0.346072186836518,0.0,1.0,10
950,long_memory,3,42.0,1.0,0.96,1.25,1839,176,51,174,0.9126550868486353,0.973015873015873,0.9418693982074264,0.9221183800623053,0.5028571428571429,0.0008012820512820513,1.0,9
951,long_memory,3,42.0,1.0,0.96,1.25,2079,55,36,70,0.9742268041237113,0.9829787234042553,0.9785831960461284,0.9509116409537167,0.44,0.0007132667617689016,0.967741935483871,6
952,long_memory,3,42.0,1.0,0.96,1.25,1885,149,44,162,0.9267453294001966,0.9771902540176257,0.9512995205652284,0.9332321699544764,0.4790996784565916,0.0,1.0,8
953,long_memory,3,42.0,1.0,0.96,1.25,2034,83,66,57,0.9607935758148323,0.9685714285714285,0.9646668247569362,0.912568306010929,0.5928571428571429,0.0014619883040935672,1.0,8
954,long_memory,3,42.0,1.0,0.96,1.25,1746,116,51,327,0.9377013963480129,0.9716193656093489,0.9543591145121618,0.9196141479099679,0.2618510158013544,0.000851063829787234,1.0,9
955,long_memory,3,42.0,1.0,0.96,1.25,1910,86,89,155,0.9569138276553106,0.9554777388694348,0.9561952440550688,0.8798342541436464,0.35684647302904565,0.001568627450980392,0.9629629629629629,13
956,long_memory,3,42.0,1.0,0.96,1.25,1908,90,108,134,0.954954954954955,0.9464285714285714,0.9506726457399103,0.8512396694214877,0.4017857142857143,0.0,1.0,4
957,long_memory,3,42.0,1.0,0.96,1.25,1747,120,123,250,0.9357257632565613,0.9342245989304813,0.934974578538935,0.8223201174743024,0.32432432432432434,0.001682085786375105,1.0,9
958,long_memory,3,42.0,1.0,0.96,1.25,1855,164,81,140,0.9187716691431401,0.9581611570247934,0.9380530973451326,0.8770864946889226,0.5394736842105263,0.0,1.0,9
959,long_memory,3,42.0,1.0,0.96,1.25,2070,60,88,22,0.971830985915493,0.959221501390176,0.9654850746268657,0.8959608323133414,0.7317073170731707,0.0022371364653243847,0.9375,11
960,long_memory,3,42.0,1.0,0.96,1.25,1976,87,121,56,0.9578284052350945,0.9422985216976634,0.95,0.8457583547557841,0.6083916083916084,0.000758150113722517,1.0,8
961,certificate,3,42.0,1.0,0.96,1.25,1910,18,72,240,0.9906639004149378,0.963673057517659,0.9769820971867008,0.8964028776978418,0.06976744186046512,0.0,1.0,4
962,certificate,3,42.0,1.0,0.96,1.25,1811,39,58,332,0.9789189189189189,0.9689673622257892,0.9739177198171551,0.9052287581699346,0.10512129380053908,0.0,1.0,6
963,certificate,3,42.0,1.0,0.96,1.25,2179,31,15,15,0.9859728506787331,0.9931631722880584,0.9895549500454132,0.9818688981868898,0.6739130434782609,0.0013540961408259986,1.0,1
964,certificate,3,42.0,1.0,0.96,1.25,1731,58,75,376,0.9675796534376747,0.9584717607973422,0.9630041724617525,0.886535552193646,0.1336405529953917,0.0,1.0,6
965,certificate,3,42.0,1.0,0.96,1.25,1884,11,55,290,0.9941952506596307,0.9716348633316142,0.9827856025039123,0.9189985272459499,0.036544850498338874,0.0,1.0,4
966,certificate,3,42.0,1.0,0.96,1.25,2141,3,11,85,0.9986007462686567,0.9948884758364313,0.9967411545623837,0.9885496183206107,0.03409090909090909,0.0014641288433382138,1.0,1
967,certificate,3,42.0,1.0,0.96,1.25,2006,25,36,173,0.9876907927129492,0.9823702252693438,0.98502332433096,0.951417004048583,0.12626262626262627,0.0,1.0,3
968,certificate,3,42.0,1.0,0.96,1.25,1653,33,55,499,0.9804270462633452,0.9677985948477752,0.9740718915733647,0.9054290718038529,0.06203007518796992,0.0008795074758135445,1.0,6
969,certificate,3,42.0,1.0,0.96,1.25,1840,45,81,274,0.9761273209549072,0.9578344612181156,0.9668943772990015,0.8842257597684515,0.14106583072100312,0.0008130081300813008,1.0,5
970,certificate,3,42.0,1.0,0.96,1.25,1850,105,61,224,0.9462915601023018,0.968079539508111,0.9570615623383342,0.908256880733945,0.3191489361702128,0.0007955449482895784,1.0,6
971,certificate,3,42.0,1.0,0.96,1.25,1950,62,33,195,0.9691848906560636,0.983358547655068,0.9762202753441801,0.9535211267605633,0.24124513618677043,0.0,1.0,5
972,certificate,3,42.0,1.0,0.96,1.25,1846,85,89,220,0.955981356809943,0.9540051679586563,0.9549922400413864,0.8719424460431655,0.2786885245901639,0.0,1.0,6
973,certificate,3,42.0,1.0,0.96,1.25,1881,28,128,203,0.9853326348873755,0.9362867098058736,0.9601837672281776,0.8333333333333334,0.12121212121212122,0.0008019246190858059,1.0,3
974,certificate,3,42.0,1.0,0.96,1.25,1965,52,54,169,0.9742191373326723,0.9732540861812778,0.9737363726461844,0.9224137931034483,0.23529411764705882,0.0,1.0,4
975,certificate,3,42.0,1.0,0.96,1.25,1938,28,45,229,0.9857578840284842,0.9773071104387292,0.9815143074195999,0.9347826086956522,0.10894941634241245,0.0,1.0,5
976,certificate,3,42.0,1.0,0.96,1.25,1759,74,40,367,0.9596290234588107,0.9777654252362423,0.9686123348017621,0.9431137724550899,0.16780045351473924,0.0017683465959328027,1.0,6
977,certificate,3,42.0,1.0,0.96,1.25,2039,43,57,101,0.9793467819404419,0.9728053435114504,0.9760651029200575,0.9279279279279279,0.2986111111111111,0.000758150113722517,1.0,3
978,certificate,3,42.0,1.0,0.96,1.25,2061,6,46,127,0.9970972423802612,0.9781680113906027,0.9875419262098706,0.9424836601307189,0.045112781954887216,0.0014903129657228018,1.0,2
979,certificate,3,42.0,1.0,0.96,1.25,1995,41,11,193,0.9798624754420432,0.9945164506480558,0.9871350816427511,0.9842180774748924,0.1752136752136752,0.0,1.0,4
980,certificate,3,42.0,1.0,0.96,1.25,1972,19,18,231,0.9904570567553993,0.9909547738693467,0.9907058528008038,0.975975975975976,0.076,0.0015105740181268882,1.0,5
981,certificate,3,42.0,1.0,0.96,1.25,1993,21,63,163,0.9895729890764647,0.9693579766536965,0.9793611793611794,0.9082969432314411,0.11413043478260869,0.0,1.0,3
982,certificate,3,42.0,1.0,0.96,1.25,1885,62,86,207,0.9681561376476631,0.9563673262303399,0.9622256253190404,0.8788732394366198,0.23048327137546468,0.0,1.0,4
983,certificate,3,42.0,1.0,0.96,1.25,2082,38,63,57,0.9820754716981132,0.9706293706293706,0.9763188745603751,0.916776750330251,0.4,0.0,1.0,3
984,certificate,3,42.0,1.0,0.96,1.25,2011,6,70,153,0.9970252850768468,0.9663623258049014,0.9814543679843827,0.9077733860342556,0.03773584905660377,0.0,1.0,2
985,certificate,3,42.0,1.0,0.96,1.25,1707,53,54,426,0.9698863636363636,0.969335604770017,0.9696109059926157,0.9141494435612083,0.11064718162839249,0.0,1.0,6
986,certificate,3,42.0,1.0,0.96,1.25,1963,24,103,150,0.9879214896829391,0.9501452081316554,0.9686651862817666,0.8608108108108108,0.13793103448275862,0.0,1.0,4
987,certificate,3,42.0,1.0,0.96,1.25,1917,23,45,255,0.9881443298969073,0.9770642201834863,0.9825730394669401,0.938101788170564,0.08273381294964029,0.0,1.0,5
988,certificate,3,42.0,1.0,0.96,1.25,1913,50,52,225,0.9745287824758023,0.9735368956743002,0.9740325865580449,0.9265785609397944,0.18181818181818182,0.001557632398753894,1.0,6
989,certificate,3,42.0,1.0,0.96,1.25,1686,96,38,420,0.9461279461279462,0.9779582366589327,0.9617798060467768,0.9415481832543444,0.18604651162790697,0.0009165902841429881,1.0,7
990,certificate,3,42.0,1.0,0.96,1.25,1887,67,39,247,0.965711361310133,0.9797507788161994,0.9726804123711341,0.94,0.21337579617834396,0.0,1.0,5
991,certificate,3,42.0,1.0,0.96,1.25,1869,26,95,250,0.9862796833773088,0.9516293279022403,0.9686447266131122,0.8635057471264368,0.09420289855072464,0.0,1.0,5
992,certificate,3,42.0,1.0,0.96,1.25,1726,70,33,411,0.9610244988864143,0.9812393405343945,0.9710267229254571,0.9515151515151515,0.14553014553014554,0.0009099181073703367,1.0,7
993,certificate,3,42.0,1.0,0.96,1.25,2001,23,54,162,0.9886363636363636,0.9737226277372263,0.981122824221623,0.9224137931034483,0.12432432432432433,0.0,1.0,3
994,certificate,3,42.0,1.0,0.96,1.25,1721,40,95,384,0.9772856331629756,0.9476872246696035,0.962258876153201,0.8547400611620795,0.09433962264150944,0.0,1.0,5
995,certificate,3,42.0,1.0,0.96,1.25,1775,50,181,234,0.9726027397260274,0.9074642126789366,0.9389050515736578,0.7602649006622516,0.176056338028169,0.0,1.0,3
996,certificate,3,42.0,1.0,0.96,1.25,1707,70,46,417,0.9606077658975802,0.9737592698231603,0.9671388101983004,0.9266347687400319,0.1437371663244353,0.0,1.0,7
997,certificate,3,42.0,1.0,0.96,1.25,1863,15,26,336,0.9920127795527156,0.9862361037586025,0.9891160074329706,0.9584,0.042735042735042736,0.0,1.0,5
998,certificate,3,42.0,1.0,0.96,1.25,1674,62,105,399,0.9642857142857143,0.9409780775716695,0.9524893314366999,0.8357030015797788,0.13449023861171366,0.0008726003490401396,1.0,7
999,certificate,3,42.0,1.0,0.96,1.25,1926,15,40,259,0.9922720247295209,0.9796541200406917,0.9859227028410547,0.9436619718309859,0.05474452554744526,0.0,1.0,5
1000,certificate,3,42.0,1.0,0.96,1.25,1907,69,40,224,0.965080971659919,0.9794555726759117,0.9722151414733622,0.9446935724962631,0.2354948805460751,0.002347417840375587,1.0,4
1001,certificate,3,42.0,1.0,0.96,1.25,1866,28,34,312,0.9852164730728616,0.9821052631578947,0.9836584080126515,0.9499217527386542,0.08235294117647059,0.0015860428231562252,1.0,6
1002,certificate,3,42.0,1.0,0.96,1.25,1939,55,36,210,0.9724172517552658,0.9817721518987341,0.9770723104056438,0.9483500717360115,0.20754716981132076,0.0,1.0,5
1003,certificate,3,42.0,1.0,0.96,1.25,1912,50,38,240,0.9745158002038736,0.9805128205128205,0.9775051124744377,0.9474412171507607,0.1724137931034483,0.0,1.0,5
1004,certificate,3,42.0,1.0,0.96,1.25,1968,15,67,190,0.9924357034795764,0.9670761670761671,0.9795918367346939,0.9095816464237517,0.07317073170731707,0.0,1.0,3
1005,certificate,3,42.0,1.0,0.96,1.25,2020,14,32,174,0.9931170108161259,0.9844054580896686,0.9887420460107684,0.9588859416445623,0.07446808510638298,0.0007704160246533128,1.0,4
1006,certificate,3,42.0,1.0,0.96,1.25,1779,110,31,320,0.9417681312863949,0.9828729281767956,0.9618815896188159,0.9548192771084337,0.2558139534883721,0.0008726003490401396,1.0,6
1007,certificate,3,42.0,1.0,0.96,1.25,1817,92,23,308,0.9518072289156626,0.9875,0.9693251533742331,0.9671641791044776,0.23,0.0008547008547008547,1.0,8
1008,certificate,3,42.0,1.0,0.96,1.25,1958,19,100,163,0.9903894790085989,0.9514091350826045,0.9705080545229243,0.8633879781420765,0.1043956043956044,0.0,1.0,4
1009,certificate,3,42.0,1.0,0.96,1.25,1980,12,47,201,0.9939759036144579,0.9768130241736557,0.9853197312764369,0.9357045143638851,0.056338028169014086,0.0,1.0,4
1010,certificate,3,42.0,1.0,0.96,1.25,1884,84,82,190,0.9573170731707317,0.9582909460834181,0.9578037620742247,0.8870292887029289,0.30656934306569344,0.0008006405124099279,1.0,6
1011,certificate,3,42.0,1.0,0.96,1.25,1621,81,13,525,0.9524089306698003,0.9920440636474909,0.9718225419664268,0.9775862068965517,0.13366336633663367,0.0,1.0,7
1012,certificate,3,42.0,1.0,0.96,1.25,2013,14,82,131,0.9930932412432166,0.9608591885441528,0.9767103347889374,0.8942558746736292,0.09655172413793103,0.0007524454477050414,1.0,2
1013,certificate,3,42.0,1.0,0.96,1.25,1823,52,28,337,0.9722666666666666,0.9848730415991356,0.9785292538915726,0.9601226993865031,0.13367609254498714,0.0016680567139282735,1.0,5
1014,certificate,3,42.0,1.0,0.96,1.25,1588,70,200,382,0.9577804583835947,0.8881431767337807,0.9216482878699942,0.7126436781609196,0.15486725663716813,0.0,1.0,8
1015,certificate,3,42.0,1.0,0.96,1.25,1916,22,55,247,0.9886480908152735,0.9720953830542871,0.9803018674852904,0.9189985272459499,0.08178438661710037,0.0,1.0,4
1016,certificate,3,42.0,1.0,0.96,1.25,2068,17,28,127,0.9918465227817745,0.9866412213740458,0.9892370246352546,0.9617486338797814,0.11805555555555555,0.0,1.0,2
1017,certificate,3,42.0,1.0,0.96,1.25,1782,31,80,347,0.9829012686155544,0.9570354457572503,0.9697959183673469,0.8767334360554699,0.082010582010582,0.0,1.0,7
1018,certificate,3,42.0,1.0,0.96,1.25,2000,28,58,154,0.9861932938856016,0.9718172983479106,0.9789525208027411,0.92,0.15384615384615385,0.0,1.0,4
1019,certificate,3,42.0,1.0,0.96,1.25,1762,52,69,357,0.9713340683572216,0.9623156744948116,0.9668038408779149,0.8989441930618401,0.1271393643031785,0.0017123287671232876,1.0,7
1020,certificate,3,42.0,1.0,0.96,1.25,1944,44,46,206,0.9778672032193159,0.9768844221105528,0.9773755656108597,0.9386666666666666,0.176,0.0,1.0,4
1021,certificate,3,42.0,1.0,0.96,1.25,1939,6,124,171,0.9969151670951156,0.939893359185652,0.9675648702594811,0.8348993288590604,0.03389830508474576,0.0007587253414264037,1.0,2
1022,certificate,3,42.0,1.0,0.96,1.25,1704,56,135,345,0.9681818181818181,0.9265905383360522,0.946929702695193,0.8111888111888111,0.1396508728179551,0.0,1.0,6
1023,certificate,3,42.0,1.0,0.96,1.25,1769,28,67,376,0.9844184752365053,0.9635076252723311,0.973850812001101,0.8978328173374613,0.06930693069306931,0.0008403361344537816,1.0,5
1024,certificate,3,42.0,1.0,0.96,1.25,2030,6,61,143,0.9970530451866405,0.9708273553323769,0.9837654470559728,0.9172320217096337,0.040268456375838924,0.0,1.0,2
1025,certificate,3,42.0,1.0,0.96,1.25,1953,11,119,157,0.9943991853360489,0.9425675675675675,0.9677898909811694,0.8314447592067988,0.06547619047619048,0.0,1.0,2
1026,certificate,3,42.0,1.0,0.96,1.25,1863,18,74,285,0.9904306220095693,0.9617965926690759,0.9759036144578314,0.9029255319148937,0.0594059405940594,0.0008438818565400844,1.0,5
1027,certificate,3,42.0,1.0,0.96,1.25,2070,25,40,105,0.9880668257756563,0.981042654028436,0.9845422116527943,0.9488859764089121,0.19230769230769232,0.0007423904974016332,1.0,3
1028,certificate,3,42.0,1.0,0.96,1.25,1505,52,142,541,0.9666024405908799,0.9137826350941105,0.9394506866416978,0.7858220211161387,0.08768971332209106,0.0,1.0,7
1029,certificate,3,42.0,1.0,0.96,1.25,2045,9,38,148,0.9956183057448881,0.9817570811329813,0.9886391104665218,0.9510204081632653,0.05732484076433121,0.001483679525222552,1.0,3
1030,certificate,3,42.0,1.0,0.96,1.25,1865,51,45,279,0.9733820459290188,0.9764397905759162,0.9749085206481964,0.9319213313161876,0.15454545454545454,0.0,1.0,4
1031,certificate,3,42.0,1.0,0.96,1.25,2115,76,47,2,0.9653126426289366,0.9782608695652174,0.9717436250861475,0.9328571428571428,0.9743589743589743,0.0,1.0,1
1032,certificate,3,42.0,1.0,0.96,1.25,1888,24,28,300,0.9874476987447699,0.9853862212943633,0.9864158829676071,0.962707182320442,0.07407407407407407,0.0008389261744966443,1.0,4
1033,certificate,3,42.0,1.0,0.96,1.25,1996,6,61,177,0.997002997002997,0.9703451628585319,0.9834934712983494,0.9185580774365821,0.03278688524590164,0.0,1.0,2
1034,certificate,3,42.0,1.0,0.96,1.25,1772,24,53,391,0.9866369710467706,0.9709589041095891,0.9787351560342447,0.9200603318250377,0.05783132530120482,0.0,1.0,6
1035,certificate,3,42.0,1.0,0.96,1.25,2015,27,56,142,0.9867776689520078,0.9729599227426364,0.9798200826647216,0.9216783216783216,0.15976331360946747,0.0,1.0,3
1036,certificate,3,42.0,1.0,0.96,1.25,1811,35,100,294,0.9810400866738895,0.9476713762428048,0.9640670747937184,0.8491704374057315,0.10638297872340426,0.0,1.0,5
1037,certificate,3,42.0,1.0,0.96,1.25,1853,65,55,267,0.9661105318039624,0.9711740041928721,0.9686356508102458,0.9204052098408104,0.19578313253012047,0.0,1.0,5
1038,certificate,3,42.0,1.0,0.96,1.25,2064,12,32,132,0.9942196531791907,0.9847328244274809,0.9894534995206136,0.9579500657030223,0.08333333333333333,0.0,1.0,2
1039,certificate,3,42.0,1.0,0.96,1.25,1787,43,89,321,0.9765027322404372,0.9525586353944563,0.9643820831084726,0.8658536585365854,0.11813186813186813,0.000819672131147541,1.0,5
1040,certificate,3,42.0,1.0,0.96,1.25,1887,24,82,247,0.9874411302982732,0.9583544946673438,0.972680412371134,0.884016973125884,0.08856088560885608,0.0,1.0,4
1041,certificate,3,42.0,1.0,0.96,1.25,1867,81,83,209,0.9584188911704312,0.9574358974358974,0.9579271421241663,0.8843441466854725,0.2793103448275862,0.0008058017727639,1.0,6
1042,certificate,3,42.0,1.0,0.96,1.25,1799,59,109,273,0.9682454251883746,0.9428721174004193,0.9553903345724908,0.8408759124087591,0.17771084337349397,0.0,1.0,6
1043,certificate,3,42.0,1.0,0.96,1.25,1964,33,62,181,0.9834752128192289,0.9693978282329714,0.9763857817549094,0.9159663865546218,0.1542056074766355,0.001524390243902439,1.0,5
1044,certificate,3,42.0,1.0,0.96,1.25,1666,61,152,361,0.9646786334684424,0.9163916391639164,0.9399153737658675,0.78954802259887,0.14454976303317535,0.002702702702702703,1.0,7
1045,certificate,3,42.0,1.0,0.96,1.25,1997,31,42,170,0.9847140039447732,0.9794016674840608,0.9820506515859355,0.9463350785340314,0.15422885572139303,0.000784313725490196,1.0,3
1046,certificate,3,42.0,1.0,0.96,1.25,2092,9,105,34,0.9957163255592575,0.9522075557578517,0.9734760353652863,0.856353591160221,0.20930232558139536,0.0006788866259334691,1.0,1
1047,certificate,3,42.0,1.0,0.96,1.25,1775,58,88,319,0.9683578832515003,0.95276435856146,0.9604978354978355,0.8755364806866953,0.15384615384615385,0.000859106529209622,1.0,6
1048,certificate,3,42.0,1.0,0.96,1.25,1959,54,41,186,0.9731743666169895,0.9795,0.9763269374532768,0.9413447782546495,0.225,0.0,1.0,5
1049,certificate,3,42.0,1.0,0.96,1.25,2087,3,90,60,0.9985645933014354,0.958658704639412,0.9782048277478322,0.8850129198966409,0.047619047619047616,0.0007127583749109052,1.0,1
1050,certificate,3,42.0,1.0,0.96,1.25,1847,50,62,281,0.9736425935687928,0.9675222629649031,0.9705727798213347,0.9113372093023255,0.1510574018126888,0.000819000819000819,1.0,5
1051,certificate,3,42.0,1.0,0.96,1.25,1746,72,123,299,0.9603960396039604,0.9341894060995185,0.9471114727420668,0.8234442836468886,0.1940700808625337,0.0008488964346349745,1.0,6
1052,certificate,3,42.0,1.0,0.96,1.25,1794,54,107,285,0.9707792207792207,0.9437138348237769,0.9570552147239264,0.8462643678160919,0.1592920353982301,0.0,1.0,5
1053,certificate,3,42.0,1.0,0.96,1.25,1927,47,45,221,0.9761904761904762,0.9771805273833671,0.9766852508869742,0.9377593360995851,0.17537313432835822,0.0,1.0,5
1054,certificate,3,42.0,1.0,0.96,1.25,2057,6,35,142,0.9970916141541445,0.9832695984703633,0.9901323706377858,0.9534574468085106,0.04054054054054054,0.0,1.0,2
1055,certificate,3,42.0,1.0,0.96,1.25,2062,6,28,144,0.9970986460348162,0.9866028708133971,0.9918229918229918,0.9673776662484316,0.04,0.0015467904098994587,1.0,2
1056,certificate,3,42.0,1.0,0.96,1.25,1730,53,45,412,0.9702748177229389,0.9746478873239437,0.9724564362001125,0.9307692307692308,0.11397849462365592,0.0,1.0,5
1057,certificate,3,42.0,1.0,0.96,1.25,1877,46,40,277,0.9760790431617264,0.9791340636411059,0.9776041666666666,0.9434782608695652,0.14241486068111456,0.0008149959250203749,1.0,6
1058,certificate,3,42.0,1.0,0.96,1.25,1998,55,20,167,0.9732099366780321,0.9900891972249752,0.9815770081061164,0.9749058971141782,0.24774774774774774,0.0,1.0,4
1059,certificate,3,42.0,1.0,0.96,1.25,1775,53,128,284,0.9710065645514223,0.9327377824487652,0.9514875368533906,0.813953488372093,0.1572700296735905,0.0,1.0,6
1060,certificate,3,42.0,1.0,0.96,1.25,1890,46,45,259,0.9762396694214877,0.9767441860465116,0.976491862567812,0.9307692307692308,0.15081967213114755,0.0,1.0,5
1061,certificate,3,42.0,1.0,0.96,1.25,2053,38,49,100,0.9818268770923003,0.9766888677450047,0.9792511328404484,0.9381443298969072,0.2753623188405797,0.0007541478129713424,1.0,2
1062,certificate,3,42.0,1.0,0.96,1.25,1928,27,85,200,0.9861892583120204,0.9577744659711873,0.9717741935483871,0.8849315068493151,0.11894273127753303,0.000779423226812159,1.0,3
1063,certificate,3,42.0,1.0,0.96,1.25,2100,22,41,77,0.9896324222431668,0.9808500700607193,0.9852216748768473,0.9436813186813187,0.2222222222222222,0.0,1.0,2
1064,certificate,3,42.0,1.0,0.96,1.25,1784,32,28,396,0.9823788546255506,0.9845474613686535,0.9834619625137817,0.9587628865979382,0.07476635514018691,0.0,1.0,5
1065,certificate,3,42.0,1.0,0.96,1.25,1872,17,17,334,0.9910005293806247,0.9910005293806247,0.9910005293806247,0.9768707482993197,0.04843304843304843,0.0,1.0,6
1066,certificate,3,42.0,1.0,0.96,1.25,1955,9,97,179,0.995417515274949,0.952729044834308,0.9736055776892429,0.8716577540106952,0.047872340425531915,0.0007668711656441718,1.0,3
1067,certificate,3,42.0,1.0,0.96,1.25,1641,68,138,393,0.9602106495026331,0.9224283305227656,0.9409403669724771,0.7896341463414634,0.1475054229934924,0.0,1.0,6
1068,certificate,3,42.0,1.0,0.96,1.25,1591,133,76,440,0.9228538283062645,0.9544091181763648,0.9383662636390445,0.863063063063063,0.23211169284467714,0.0,1.0,9
1069,certificate,3,42.0,1.0,0.96,1.25,1812,25,67,336,0.9863908546543277,0.9643427354976051,0.9752421959095802,0.9031296572280179,0.06925207756232687,0.0016556291390728477,1.0,5
1070,certificate,3,42.0,1.0,0.96,1.25,2130,10,86,14,0.9953271028037384,0.9611913357400722,0.9779614325068872,0.9006928406466512,0.4166666666666667,0.0,1.0,1
1071,certificate,3,42.0,1.0,0.96,1.25,1847,30,50,313,0.9840170484816196,0.9736425935687928,0.9788023317435082,0.9316596931659693,0.08746355685131195,0.000847457627118644,1.0,4
1072,certificate,3,42.0,1.0,0.96,1.25,2000,28,49,163,0.9861932938856016,0.9760858955588092,0.9811135638950209,0.9303977272727273,0.14659685863874344,0.0,1.0,4
1073,certificate,3,42.0,1.0,0.96,1.25,1746,76,70,348,0.9582875960482986,0.961453744493392,0.9598680593732821,0.8887096774193548,0.1792452830188679,0.0008361204013377926,1.0,6
1074,certificate,3,42.0,1.0,0.96,1.25,1889,40,56,255,0.9792638672887507,0.9712082262210797,0.9752194114610222,0.9221140472878998,0.13559322033898305,0.0,1.0,5
1075,certificate,3,42.0,1.0,0.96,1.25,1794,55,60,331,0.9702541914548405,0.9676375404530745,0.968944099378882,0.9124087591240876,0.14248704663212436,0.0,1.0,5
1076,certificate,3,42.0,1.0,0.96,1.25,1899,38,75,228,0.9803820340733093,0.9620060790273556,0.9711071337253898,0.8982118294360385,0.14285714285714285,0.0008019246190858059,1.0,4
1077,certificate,3,42.0,1.0,0.96,1.25,1948,19,88,185,0.9903406202338587,0.9567779960707269,0.9732700474644016,0.8805970149253731,0.09313725490196079,0.0,1.0,3
1078,certificate,3,42.0,1.0,0.96,1.25,1831,10,135,264,0.9945681694731124,0.9313326551373347,0.961912266876806,0.8166894664842681,0.0364963503649635,0.0008097165991902834,1.0,4
1079,certificate,3,42.0,1.0,0.96,1.25,1839,51,19,331,0.973015873015873,0.9897739504843919,0.9813233724653149,0.9695024077046549,0.13350785340314136,0.0,1.0,6
1080,certificate,3,42.0,1.0,0.96,1.25,1900,13,59,268,0.9932043910088866,0.9698825931597754,0.981404958677686,0.9202702702702703,0.046263345195729534,0.0,1.0,5
